// Audio samples - auto-generated from WAV
// Source: C:\Users\COMPUMAX\Documents\led_pwm.worktrees\agents-mp3-pwm-sending-lm386n\src\wav\sfx-animal-sheep.wav
// Original rate: 11025 Hz -> Resampled: 11025 Hz
// Duration: 1.947 seconds

#include <stdint.h>

const uint8_t audio_samples[] = {
    0x8a, 0x8a, 0x8a, 0x8a, 0x8a, 0x8a, 0x8a, 0x8a, 0x8a, 0x8a, 0x8a, 0x8a, 0x8a, 0x8a, 0x8a, 0x8a,
    0x8a, 0x8a, 0x8a, 0x8a, 0x8a, 0x8a, 0x8a, 0x8a, 0x8a, 0x8a, 0x8a, 0x8a, 0x8a, 0x8a, 0x8a, 0x8a,
    0x8a, 0x8a, 0x8a, 0x8a, 0x8a, 0x8a, 0x8a, 0x8a, 0x8a, 0x8a, 0x8a, 0x8a, 0x8a, 0x8a, 0x8a, 0x8a,
    0x8a, 0x8a, 0x8a, 0x8a, 0x8a, 0x8a, 0x8a, 0x8a, 0x8a, 0x8a, 0x8a, 0x8a, 0x8a, 0x8a, 0x8a, 0x8a,
    0x8a, 0x8a, 0x8a, 0x8a, 0x8a, 0x8a, 0x8a, 0x8a, 0x8a, 0x8a, 0x8a, 0x8a, 0x8a, 0x8a, 0x8a, 0x8a,
    0x8a, 0x8a, 0x8a, 0x8a, 0x8a, 0x8a, 0x8a, 0x8a, 0x8a, 0x8a, 0x8a, 0x8a, 0x8a, 0x8a, 0x8a, 0x8a,
    0x8a, 0x8a, 0x8a, 0x8a, 0x8a, 0x8a, 0x8a, 0x8a, 0x8a, 0x8a, 0x8a, 0x8a, 0x8a, 0x8a, 0x8a, 0x8a,
    0x8a, 0x8a, 0x8a, 0x8a, 0x8a, 0x8a, 0x8a, 0x8a, 0x8a, 0x8a, 0x8a, 0x8a, 0x8a, 0x8a, 0x8a, 0x8a,
    0x8a, 0x8a, 0x8a, 0x8a, 0x8a, 0x8a, 0x8a, 0x8a, 0x8a, 0x8a, 0x8a, 0x8a, 0x8a, 0x8a, 0x8a, 0x8a,
    0x8a, 0x8a, 0x8a, 0x8a, 0x8a, 0x8a, 0x8a, 0x8a, 0x8a, 0x8a, 0x8a, 0x8a, 0x8a, 0x8a, 0x8a, 0x8a,
    0x8a, 0x8a, 0x8a, 0x8a, 0x8a, 0x8a, 0x8a, 0x8a, 0x8a, 0x8a, 0x8a, 0x8a, 0x8a, 0x8a, 0x8a, 0x8a,
    0x8a, 0x8a, 0x8a, 0x8a, 0x8a, 0x8a, 0x8a, 0x8a, 0x8a, 0x8a, 0x8a, 0x8a, 0x8a, 0x8a, 0x8a, 0x8a,
    0x8a, 0x8a, 0x8a, 0x8a, 0x8a, 0x8a, 0x8a, 0x8a, 0x8a, 0x8a, 0x8a, 0x8a, 0x8a, 0x8a, 0x8a, 0x8a,
    0x8a, 0x8a, 0x8a, 0x8a, 0x8a, 0x8a, 0x8a, 0x8a, 0x8a, 0x8a, 0x8a, 0x8a, 0x8a, 0x8a, 0x8a, 0x8a,
    0x8a, 0x8a, 0x8a, 0x8a, 0x8a, 0x8a, 0x8a, 0x8a, 0x8a, 0x8a, 0x8a, 0x8a, 0x8a, 0x8a, 0x8a, 0x8a,
    0x8a, 0x8a, 0x8a, 0x8a, 0x8a, 0x8a, 0x8a, 0x8a, 0x8a, 0x8a, 0x8a, 0x8a, 0x8a, 0x8a, 0x8a, 0x8a,
    0x8a, 0x8a, 0x8a, 0x8a, 0x8a, 0x8a, 0x8a, 0x8a, 0x8a, 0x8a, 0x8a, 0x8a, 0x8a, 0x8a, 0x8a, 0x8a,
    0x8a, 0x8a, 0x8a, 0x8a, 0x8a, 0x8a, 0x8a, 0x8a, 0x8a, 0x8a, 0x8a, 0x8a, 0x8a, 0x8a, 0x8a, 0x8a,
    0x8a, 0x8a, 0x8a, 0x8a, 0x8a, 0x8a, 0x8a, 0x8a, 0x8a, 0x8a, 0x8a, 0x8a, 0x8a, 0x8a, 0x8a, 0x8a,
    0x8a, 0x8a, 0x8a, 0x8a, 0x8a, 0x8a, 0x8a, 0x8a, 0x8a, 0x8a, 0x8a, 0x8a, 0x8a, 0x8a, 0x8a, 0x8a,
    0x8a, 0x8a, 0x8a, 0x8a, 0x8a, 0x8a, 0x8a, 0x8a, 0x8a, 0x8a, 0x8a, 0x8a, 0x8a, 0x8a, 0x8a, 0x8a,
    0x8a, 0x8a, 0x8a, 0x8a, 0x8a, 0x8a, 0x8a, 0x8a, 0x8a, 0x8a, 0x8a, 0x8a, 0x8a, 0x8a, 0x8a, 0x8a,
    0x8a, 0x8a, 0x8a, 0x8a, 0x8a, 0x8a, 0x8a, 0x8a, 0x8a, 0x8a, 0x8a, 0x8a, 0x8a, 0x8a, 0x8a, 0x8a,
    0x8a, 0x8a, 0x8a, 0x8a, 0x8a, 0x8a, 0x8a, 0x8a, 0x8a, 0x8a, 0x8a, 0x8a, 0x8a, 0x8a, 0x8a, 0x8a,
    0x8a, 0x8a, 0x8a, 0x8a, 0x8a, 0x8a, 0x8a, 0x8a, 0x8a, 0x8a, 0x8a, 0x8a, 0x8a, 0x8a, 0x8a, 0x8a,
    0x8a, 0x8a, 0x8a, 0x8a, 0x8a, 0x8a, 0x8a, 0x8a, 0x8a, 0x8a, 0x8a, 0x8a, 0x8a, 0x8a, 0x8a, 0x8a,
    0x8a, 0x8a, 0x8a, 0x8a, 0x8a, 0x8a, 0x8a, 0x8a, 0x8a, 0x8a, 0x8a, 0x8a, 0x8a, 0x8a, 0x8a, 0x8a,
    0x8a, 0x8a, 0x8a, 0x8a, 0x8a, 0x8a, 0x8a, 0x8a, 0x8a, 0x8a, 0x8a, 0x8a, 0x8a, 0x8a, 0x8a, 0x8a,
    0x8a, 0x8a, 0x8a, 0x8a, 0x8a, 0x8a, 0x8a, 0x8a, 0x8a, 0x8a, 0x8a, 0x8a, 0x8a, 0x8a, 0x8a, 0x8a,
    0x8a, 0x8a, 0x8a, 0x8a, 0x8a, 0x8a, 0x8a, 0x8a, 0x8a, 0x8a, 0x8a, 0x8a, 0x8a, 0x8a, 0x8a, 0x8a,
    0x8a, 0x8a, 0x8a, 0x8a, 0x8a, 0x8a, 0x8a, 0x8a, 0x8a, 0x8a, 0x8a, 0x8a, 0x8a, 0x8a, 0x8a, 0x8a,
    0x8a, 0x8a, 0x8a, 0x8a, 0x8a, 0x8a, 0x8a, 0x8a, 0x8a, 0x8a, 0x8a, 0x8a, 0x8a, 0x8a, 0x8a, 0x8a,
    0x8a, 0x8a, 0x8a, 0x8a, 0x8a, 0x8a, 0x8a, 0x8a, 0x8a, 0x8a, 0x8a, 0x8a, 0x8a, 0x8a, 0x8a, 0x8a,
    0x8a, 0x8a, 0x8a, 0x8a, 0x8a, 0x8a, 0x8a, 0x8a, 0x8a, 0x8a, 0x8a, 0x8a, 0x8a, 0x8a, 0x8a, 0x8a,
    0x8a, 0x8a, 0x8a, 0x8a, 0x8a, 0x8a, 0x8a, 0x8a, 0x8a, 0x8a, 0x8a, 0x8a, 0x8a, 0x8a, 0x8a, 0x8a,
    0x8a, 0x8a, 0x8a, 0x8a, 0x8a, 0x8a, 0x8a, 0x8a, 0x8a, 0x8a, 0x8a, 0x8a, 0x8a, 0x8a, 0x8a, 0x8a,
    0x8a, 0x8a, 0x8a, 0x8a, 0x8a, 0x8a, 0x8a, 0x8a, 0x8a, 0x8a, 0x8a, 0x8a, 0x8a, 0x8a, 0x8a, 0x8a,
    0x8a, 0x8a, 0x8a, 0x8a, 0x8a, 0x8a, 0x8a, 0x8a, 0x8a, 0x8a, 0x8a, 0x8a, 0x8a, 0x8a, 0x8a, 0x8a,
    0x8a, 0x8a, 0x8a, 0x8a, 0x8a, 0x8a, 0x8a, 0x8a, 0x8a, 0x8a, 0x8a, 0x8a, 0x8a, 0x8a, 0x8a, 0x8a,
    0x8a, 0x8a, 0x8a, 0x8a, 0x8a, 0x8a, 0x8a, 0x8a, 0x8a, 0x8a, 0x8a, 0x8a, 0x8a, 0x8a, 0x8a, 0x8a,
    0x8a, 0x8a, 0x8a, 0x8a, 0x8a, 0x8a, 0x8a, 0x8a, 0x8a, 0x8a, 0x8a, 0x8a, 0x8a, 0x8a, 0x8a, 0x8a,
    0x8a, 0x8a, 0x8a, 0x8a, 0x8a, 0x8a, 0x8a, 0x8a, 0x8a, 0x8a, 0x8a, 0x8a, 0x8a, 0x8a, 0x8a, 0x8a,
    0x8a, 0x8a, 0x8a, 0x8a, 0x8a, 0x8a, 0x8a, 0x8a, 0x8a, 0x8a, 0x8a, 0x8a, 0x8a, 0x8a, 0x8a, 0x8a,
    0x8a, 0x8a, 0x8a, 0x8a, 0x8a, 0x8a, 0x8a, 0x8a, 0x8a, 0x8a, 0x8a, 0x8a, 0x8a, 0x8a, 0x8a, 0x8a,
    0x8a, 0x8a, 0x8a, 0x8a, 0x8a, 0x8a, 0x8a, 0x8a, 0x8a, 0x8a, 0x8a, 0x8a, 0x8a, 0x8a, 0x8a, 0x8a,
    0x8a, 0x8a, 0x8a, 0x8a, 0x8a, 0x8a, 0x8a, 0x8a, 0x8a, 0x8a, 0x8a, 0x8a, 0x8a, 0x8a, 0x8a, 0x8a,
    0x8a, 0x8a, 0x8a, 0x8a, 0x8a, 0x8a, 0x8a, 0x8a, 0x8a, 0x8a, 0x8a, 0x8a, 0x8a, 0x8a, 0x8a, 0x8a,
    0x8a, 0x8a, 0x8a, 0x8a, 0x8a, 0x8a, 0x8a, 0x8a, 0x8a, 0x8a, 0x8a, 0x8a, 0x8a, 0x8a, 0x8a, 0x8a,
    0x8a, 0x8a, 0x8a, 0x8a, 0x8a, 0x8a, 0x8a, 0x8a, 0x8a, 0x8a, 0x8a, 0x8a, 0x8a, 0x8a, 0x8a, 0x8a,
    0x8a, 0x8a, 0x8a, 0x8a, 0x8a, 0x8a, 0x8a, 0x8a, 0x8a, 0x8a, 0x8a, 0x8a, 0x8a, 0x8a, 0x8a, 0x8a,
    0x8a, 0x8a, 0x8a, 0x8a, 0x8a, 0x8a, 0x8a, 0x8a, 0x8a, 0x8a, 0x8a, 0x8a, 0x8a, 0x8a, 0x8a, 0x8a,
    0x8a, 0x8a, 0x8a, 0x8a, 0x8a, 0x8a, 0x8a, 0x8a, 0x8a, 0x8a, 0x8a, 0x8a, 0x8a, 0x8a, 0x8a, 0x8a,
    0x8a, 0x8a, 0x8a, 0x8a, 0x8a, 0x8a, 0x8a, 0x8a, 0x8a, 0x8a, 0x8a, 0x8a, 0x8a, 0x8a, 0x8a, 0x8a,
    0x8a, 0x8a, 0x8a, 0x8a, 0x8a, 0x8a, 0x8a, 0x8a, 0x8a, 0x8a, 0x8a, 0x8a, 0x8a, 0x8a, 0x8a, 0x8a,
    0x8a, 0x8a, 0x8a, 0x8a, 0x8a, 0x8a, 0x8a, 0x8a, 0x8a, 0x8a, 0x8a, 0x8a, 0x8a, 0x8a, 0x8a, 0x8a,
    0x8a, 0x8a, 0x8a, 0x8a, 0x8a, 0x8a, 0x8a, 0x8a, 0x8a, 0x8a, 0x8a, 0x8a, 0x8a, 0x8a, 0x8a, 0x8a,
    0x8a, 0x8a, 0x8a, 0x8a, 0x8a, 0x8a, 0x8a, 0x8a, 0x8a, 0x8a, 0x8a, 0x8a, 0x8a, 0x8a, 0x8a, 0x8a,
    0x8a, 0x8a, 0x8a, 0x8a, 0x8a, 0x8a, 0x8a, 0x8a, 0x8a, 0x8a, 0x8a, 0x8a, 0x8a, 0x8a, 0x8a, 0x8a,
    0x8a, 0x8a, 0x8a, 0x8a, 0x8a, 0x8a, 0x8a, 0x8a, 0x8a, 0x8a, 0x8a, 0x8a, 0x8a, 0x8a, 0x8a, 0x8a,
    0x8a, 0x8a, 0x8a, 0x8a, 0x8a, 0x8a, 0x8a, 0x8a, 0x8a, 0x8a, 0x8a, 0x8a, 0x8a, 0x8a, 0x8a, 0x8a,
    0x8a, 0x8a, 0x8a, 0x8a, 0x8a, 0x8a, 0x8a, 0x8a, 0x8a, 0x8a, 0x8a, 0x8a, 0x8a, 0x8a, 0x8a, 0x8a,
    0x8a, 0x8a, 0x8a, 0x8a, 0x8a, 0x8a, 0x8a, 0x8a, 0x8a, 0x8a, 0x8a, 0x8a, 0x8a, 0x8a, 0x8a, 0x8a,
    0x8a, 0x8a, 0x8a, 0x8a, 0x8a, 0x8a, 0x8a, 0x8a, 0x8a, 0x8a, 0x8a, 0x8a, 0x8a, 0x8a, 0x8a, 0x8a,
    0x8a, 0x8a, 0x8a, 0x8a, 0x8a, 0x8a, 0x8a, 0x8a, 0x8a, 0x8a, 0x8a, 0x8a, 0x8a, 0x8a, 0x8a, 0x8a,
    0x8a, 0x8a, 0x8a, 0x8a, 0x8a, 0x8a, 0x8a, 0x8a, 0x8a, 0x8a, 0x8a, 0x8a, 0x8a, 0x8a, 0x8a, 0x8a,
    0x8a, 0x8a, 0x8a, 0x8a, 0x8a, 0x8a, 0x8a, 0x8a, 0x8a, 0x8a, 0x8a, 0x8a, 0x8a, 0x8a, 0x8a, 0x8a,
    0x8a, 0x8a, 0x8a, 0x8a, 0x8a, 0x8a, 0x8a, 0x8a, 0x8a, 0x8a, 0x8a, 0x8a, 0x8a, 0x8a, 0x8a, 0x8a,
    0x8a, 0x8a, 0x8a, 0x8a, 0x8a, 0x8a, 0x8a, 0x8a, 0x8a, 0x8a, 0x8a, 0x8a, 0x8a, 0x8a, 0x8a, 0x8a,
    0x8a, 0x8a, 0x8a, 0x8a, 0x8a, 0x8a, 0x8a, 0x8a, 0x8a, 0x8a, 0x8a, 0x8a, 0x8a, 0x8a, 0x8a, 0x8a,
    0x8a, 0x8a, 0x8a, 0x8a, 0x8a, 0x8a, 0x8a, 0x8a, 0x8a, 0x8a, 0x8a, 0x8a, 0x8a, 0x8a, 0x8a, 0x8a,
    0x8a, 0x8a, 0x8a, 0x8a, 0x8a, 0x8a, 0x8a, 0x8a, 0x8a, 0x8a, 0x8a, 0x8a, 0x8a, 0x8a, 0x8a, 0x8a,
    0x8a, 0x8a, 0x8a, 0x8a, 0x8a, 0x8a, 0x8a, 0x8a, 0x8a, 0x8a, 0x8a, 0x8a, 0x8a, 0x8a, 0x8a, 0x8a,
    0x8a, 0x8a, 0x8a, 0x8a, 0x8a, 0x8a, 0x8a, 0x8a, 0x8a, 0x8a, 0x8a, 0x8a, 0x8a, 0x8a, 0x8a, 0x8a,
    0x8a, 0x8a, 0x8a, 0x8a, 0x8a, 0x8a, 0x8a, 0x8a, 0x8a, 0x8a, 0x8a, 0x8a, 0x8a, 0x8a, 0x8a, 0x8a,
    0x8a, 0x8a, 0x8a, 0x8a, 0x8a, 0x8a, 0x8a, 0x8a, 0x8a, 0x8a, 0x8a, 0x8a, 0x8a, 0x8a, 0x8a, 0x8a,
    0x8a, 0x8a, 0x8a, 0x8a, 0x8a, 0x8a, 0x8a, 0x8a, 0x8a, 0x8a, 0x8a, 0x8a, 0x8a, 0x8a, 0x8a, 0x8a,
    0x8a, 0x8a, 0x8a, 0x8a, 0x8a, 0x8a, 0x8a, 0x8a, 0x8a, 0x8a, 0x8a, 0x8a, 0x8a, 0x8a, 0x8a, 0x8a,
    0x8a, 0x8a, 0x8a, 0x8a, 0x8a, 0x8a, 0x8a, 0x8a, 0x8a, 0x8a, 0x8a, 0x8a, 0x8a, 0x8a, 0x8a, 0x8a,
    0x8a, 0x8a, 0x8a, 0x8a, 0x8a, 0x8a, 0x8a, 0x8a, 0x8a, 0x8a, 0x8a, 0x8a, 0x8a, 0x8a, 0x8a, 0x8a,
    0x8a, 0x8a, 0x8a, 0x8a, 0x8a, 0x8a, 0x8a, 0x8a, 0x8a, 0x8a, 0x8a, 0x8a, 0x8a, 0x8a, 0x8a, 0x8a,
    0x8a, 0x8a, 0x8a, 0x8a, 0x8a, 0x8a, 0x8a, 0x8a, 0x8a, 0x8a, 0x8a, 0x8a, 0x8a, 0x8a, 0x8a, 0x8a,
    0x8a, 0x8a, 0x8a, 0x8a, 0x8a, 0x8a, 0x8a, 0x8a, 0x8a, 0x8a, 0x8a, 0x8a, 0x8a, 0x8a, 0x8a, 0x8a,
    0x8a, 0x8a, 0x8a, 0x8a, 0x8a, 0x8a, 0x8a, 0x8a, 0x8a, 0x8a, 0x8a, 0x8a, 0x8a, 0x8a, 0x8a, 0x8a,
    0x8a, 0x8a, 0x8a, 0x8a, 0x8a, 0x8a, 0x8a, 0x8a, 0x8a, 0x8a, 0x8a, 0x8a, 0x8a, 0x8a, 0x8a, 0x8a,
    0x8a, 0x8a, 0x8a, 0x8a, 0x8a, 0x8a, 0x8a, 0x8a, 0x8a, 0x8a, 0x8a, 0x8a, 0x8a, 0x8a, 0x8a, 0x8a,
    0x8a, 0x8a, 0x8a, 0x8a, 0x8a, 0x8a, 0x8a, 0x8a, 0x8a, 0x8a, 0x8a, 0x8a, 0x8a, 0x8a, 0x8a, 0x8a,
    0x8a, 0x8a, 0x8a, 0x8a, 0x8a, 0x8a, 0x8a, 0x8a, 0x8a, 0x8a, 0x8a, 0x8a, 0x8a, 0x8a, 0x8a, 0x8a,
    0x8a, 0x8a, 0x8a, 0x8a, 0x8a, 0x8a, 0x8a, 0x8a, 0x8a, 0x8a, 0x8a, 0x8a, 0x8a, 0x8a, 0x8a, 0x8a,
    0x8a, 0x8a, 0x8a, 0x8a, 0x8a, 0x8a, 0x8a, 0x8a, 0x8a, 0x8a, 0x8a, 0x8a, 0x8a, 0x8a, 0x8a, 0x8a,
    0x8a, 0x8a, 0x8a, 0x8a, 0x8a, 0x8a, 0x8a, 0x8a, 0x8a, 0x8a, 0x8a, 0x8a, 0x8a, 0x8a, 0x8a, 0x8a,
    0x8a, 0x8a, 0x8a, 0x8a, 0x8a, 0x8a, 0x8a, 0x8a, 0x8a, 0x8a, 0x8a, 0x8a, 0x8a, 0x8a, 0x8a, 0x8a,
    0x8a, 0x8a, 0x8a, 0x8a, 0x8a, 0x8a, 0x8a, 0x8a, 0x8a, 0x8a, 0x8a, 0x8a, 0x8a, 0x8a, 0x8a, 0x8a,
    0x8a, 0x8a, 0x8a, 0x8a, 0x8a, 0x8a, 0x8a, 0x8a, 0x8a, 0x8a, 0x8a, 0x8a, 0x8a, 0x8a, 0x8a, 0x8a,
    0x8a, 0x8a, 0x8a, 0x8a, 0x8a, 0x8a, 0x8a, 0x8a, 0x8a, 0x8a, 0x8a, 0x8a, 0x8a, 0x8a, 0x8a, 0x8a,
    0x8a, 0x8a, 0x8a, 0x8a, 0x8a, 0x8a, 0x8a, 0x8a, 0x8a, 0x8a, 0x8a, 0x8a, 0x8a, 0x8a, 0x8a, 0x8a,
    0x8a, 0x8a, 0x8a, 0x8a, 0x8a, 0x8a, 0x8a, 0x8a, 0x8a, 0x8a, 0x8a, 0x8a, 0x8a, 0x8a, 0x8a, 0x8a,
    0x8a, 0x8a, 0x8a, 0x8a, 0x8a, 0x8a, 0x8a, 0x8a, 0x8a, 0x8a, 0x8a, 0x8a, 0x8a, 0x8a, 0x8a, 0x8a,
    0x8a, 0x8a, 0x8a, 0x8a, 0x8a, 0x8a, 0x8a, 0x8a, 0x8a, 0x8a, 0x8a, 0x8a, 0x8a, 0x8a, 0x8a, 0x8a,
    0x8a, 0x8a, 0x8a, 0x8a, 0x8a, 0x8a, 0x8a, 0x8a, 0x8a, 0x8a, 0x8a, 0x8a, 0x8a, 0x8a, 0x8a, 0x8a,
    0x8a, 0x8a, 0x8a, 0x8a, 0x8a, 0x8a, 0x8a, 0x8a, 0x8a, 0x8a, 0x8a, 0x8a, 0x8a, 0x8a, 0x8a, 0x8a,
    0x8a, 0x8a, 0x8a, 0x8a, 0x8a, 0x8a, 0x8a, 0x8a, 0x8a, 0x8a, 0x8a, 0x8a, 0x8a, 0x8a, 0x8a, 0x8a,
    0x8a, 0x8a, 0x8a, 0x8a, 0x8a, 0x8a, 0x8a, 0x8a, 0x8a, 0x8a, 0x8a, 0x8a, 0x8a, 0x8a, 0x8a, 0x8a,
    0x8a, 0x8a, 0x8a, 0x8a, 0x8a, 0x8a, 0x8a, 0x8a, 0x8a, 0x8a, 0x8a, 0x8a, 0x8a, 0x8a, 0x8a, 0x8a,
    0x8a, 0x8a, 0x8a, 0x8a, 0x8a, 0x8a, 0x8a, 0x8a, 0x8a, 0x8a, 0x8a, 0x8a, 0x8a, 0x8a, 0x8a, 0x8a,
    0x8a, 0x8a, 0x8a, 0x8a, 0x8a, 0x8a, 0x8a, 0x8a, 0x8a, 0x8a, 0x8a, 0x8a, 0x8a, 0x8a, 0x8a, 0x8a,
    0x8a, 0x8a, 0x8a, 0x8a, 0x8a, 0x8a, 0x8a, 0x8a, 0x8a, 0x8a, 0x8a, 0x8a, 0x8a, 0x8a, 0x8a, 0x8a,
    0x8a, 0x8a, 0x8a, 0x8a, 0x8a, 0x8a, 0x8a, 0x8a, 0x8a, 0x8a, 0x8a, 0x8a, 0x8a, 0x8a, 0x8a, 0x8a,
    0x8a, 0x8a, 0x8a, 0x8a, 0x8a, 0x8a, 0x8a, 0x8a, 0x8a, 0x8a, 0x8a, 0x8a, 0x8a, 0x8a, 0x8a, 0x8a,
    0x8a, 0x8a, 0x8a, 0x8a, 0x8a, 0x8a, 0x8a, 0x8a, 0x8a, 0x8a, 0x8a, 0x8a, 0x8a, 0x8a, 0x8a, 0x8a,
    0x8a, 0x8a, 0x8a, 0x8a, 0x8a, 0x8a, 0x8a, 0x8a, 0x8a, 0x8a, 0x8a, 0x8a, 0x8a, 0x8a, 0x8a, 0x8a,
    0x8a, 0x8a, 0x8a, 0x8a, 0x8a, 0x8a, 0x8a, 0x8a, 0x8a, 0x8a, 0x8a, 0x8a, 0x8a, 0x8a, 0x8a, 0x8a,
    0x8a, 0x8a, 0x8a, 0x8a, 0x8a, 0x8a, 0x8a, 0x8a, 0x8a, 0x8a, 0x8a, 0x8a, 0x8a, 0x8a, 0x8a, 0x8a,
    0x8a, 0x8a, 0x8a, 0x8a, 0x8a, 0x8a, 0x8a, 0x8a, 0x8a, 0x8a, 0x8a, 0x8a, 0x8a, 0x8a, 0x8a, 0x8a,
    0x8a, 0x8a, 0x8a, 0x8a, 0x8a, 0x8a, 0x8a, 0x8a, 0x8a, 0x8a, 0x8a, 0x8a, 0x8a, 0x8a, 0x8a, 0x8a,
    0x8a, 0x8a, 0x8a, 0x8a, 0x8a, 0x8a, 0x8a, 0x8a, 0x8a, 0x8a, 0x8a, 0x8a, 0x8a, 0x8a, 0x8a, 0x8a,
    0x8a, 0x8a, 0x8a, 0x8a, 0x8a, 0x8a, 0x8a, 0x8a, 0x8a, 0x8a, 0x8a, 0x8a, 0x8a, 0x8a, 0x8a, 0x8a,
    0x8a, 0x8a, 0x8a, 0x8a, 0x8a, 0x8a, 0x8a, 0x8a, 0x8a, 0x8a, 0x8a, 0x8a, 0x8a, 0x8a, 0x8a, 0x8a,
    0x8a, 0x8a, 0x8a, 0x8a, 0x8a, 0x8a, 0x8a, 0x8a, 0x8a, 0x8a, 0x8a, 0x8a, 0x8a, 0x8a, 0x8a, 0x8a,
    0x8a, 0x8a, 0x8a, 0x8a, 0x8a, 0x8a, 0x8a, 0x8a, 0x8a, 0x8a, 0x8a, 0x8a, 0x8a, 0x8a, 0x8a, 0x8a,
    0x8a, 0x8a, 0x8a, 0x8a, 0x8a, 0x8a, 0x8a, 0x8a, 0x8a, 0x8a, 0x8a, 0x8a, 0x8a, 0x8a, 0x8a, 0x8a,
    0x8a, 0x8a, 0x8a, 0x8a, 0x8a, 0x8a, 0x8a, 0x8a, 0x8a, 0x8a, 0x8a, 0x8a, 0x8a, 0x8a, 0x8a, 0x8a,
    0x8a, 0x8a, 0x8a, 0x8a, 0x8a, 0x8a, 0x8a, 0x8a, 0x8a, 0x8a, 0x8a, 0x8a, 0x8a, 0x8a, 0x8a, 0x8a,
    0x8a, 0x8a, 0x8a, 0x8a, 0x8a, 0x8a, 0x8a, 0x8a, 0x8a, 0x8a, 0x8a, 0x8a, 0x8a, 0x8a, 0x8a, 0x8a,
    0x8a, 0x8a, 0x8a, 0x8a, 0x8a, 0x8a, 0x8a, 0x8a, 0x8a, 0x8a, 0x8a, 0x8a, 0x8a, 0x8a, 0x8a, 0x8a,
    0x8a, 0x8a, 0x8a, 0x8a, 0x8a, 0x8a, 0x8a, 0x8a, 0x8a, 0x8a, 0x8a, 0x8a, 0x8a, 0x8a, 0x8a, 0x8a,
    0x8a, 0x8a, 0x8a, 0x8a, 0x8a, 0x8a, 0x8a, 0x8a, 0x8a, 0x8a, 0x8a, 0x8a, 0x8a, 0x8a, 0x8a, 0x8a,
    0x8a, 0x8a, 0x8a, 0x8a, 0x8a, 0x8a, 0x8a, 0x8a, 0x8a, 0x8a, 0x8a, 0x8a, 0x8a, 0x8a, 0x8a, 0x8a,
    0x8a, 0x8a, 0x8a, 0x8a, 0x8a, 0x8a, 0x8a, 0x8a, 0x8a, 0x8a, 0x8a, 0x8a, 0x8a, 0x8a, 0x8a, 0x8a,
    0x8a, 0x8a, 0x8a, 0x8a, 0x8a, 0x8a, 0x8a, 0x8a, 0x8a, 0x8a, 0x8a, 0x8a, 0x8a, 0x8a, 0x8a, 0x8a,
    0x8a, 0x8a, 0x8a, 0x8a, 0x8a, 0x8a, 0x8a, 0x8a, 0x8a, 0x8a, 0x8a, 0x8a, 0x8a, 0x8a, 0x8a, 0x8a,
    0x8a, 0x8a, 0x8a, 0x8a, 0x8a, 0x8a, 0x8a, 0x8a, 0x8a, 0x8a, 0x8a, 0x8a, 0x8a, 0x8a, 0x8a, 0x8a,
    0x8a, 0x8a, 0x8a, 0x8a, 0x8a, 0x8a, 0x8a, 0x8a, 0x8a, 0x8a, 0x8a, 0x8a, 0x8a, 0x8a, 0x8a, 0x8a,
    0x8a, 0x8a, 0x8a, 0x8a, 0x8a, 0x8a, 0x8a, 0x8a, 0x8a, 0x8a, 0x8a, 0x8a, 0x8a, 0x8a, 0x8a, 0x8a,
    0x8a, 0x8a, 0x8a, 0x8a, 0x8a, 0x8a, 0x8a, 0x8a, 0x8a, 0x8a, 0x8a, 0x8a, 0x8a, 0x8a, 0x8a, 0x8a,
    0x8a, 0x8a, 0x8a, 0x8a, 0x8a, 0x8a, 0x8a, 0x8a, 0x8a, 0x8a, 0x8a, 0x8a, 0x8a, 0x8a, 0x8a, 0x8a,
    0x8a, 0x8a, 0x8a, 0x8a, 0x8a, 0x8a, 0x8a, 0x8a, 0x8a, 0x8a, 0x8a, 0x8a, 0x8a, 0x8a, 0x8a, 0x8a,
    0x8a, 0x8a, 0x8a, 0x8a, 0x8a, 0x8a, 0x8a, 0x8a, 0x8a, 0x8a, 0x8a, 0x8a, 0x8a, 0x8a, 0x8a, 0x8a,
    0x8a, 0x8a, 0x8a, 0x8a, 0x8a, 0x8a, 0x8a, 0x8a, 0x8a, 0x8a, 0x8a, 0x8a, 0x8a, 0x8a, 0x8a, 0x8a,
    0x8a, 0x8a, 0x8a, 0x8a, 0x8a, 0x8a, 0x8a, 0x8a, 0x8a, 0x8a, 0x8a, 0x8a, 0x8a, 0x8a, 0x8a, 0x8a,
    0x8a, 0x8a, 0x8a, 0x8a, 0x8a, 0x8a, 0x8a, 0x8a, 0x8a, 0x8a, 0x8a, 0x8a, 0x8a, 0x8a, 0x8a, 0x8a,
    0x8a, 0x8a, 0x8a, 0x8a, 0x8a, 0x8a, 0x8a, 0x8a, 0x8a, 0x8a, 0x8a, 0x8a, 0x8a, 0x8a, 0x8a, 0x8a,
    0x8a, 0x8a, 0x8a, 0x8a, 0x8a, 0x8a, 0x8a, 0x8a, 0x8a, 0x8a, 0x8a, 0x8a, 0x8a, 0x8a, 0x8a, 0x8a,
    0x8a, 0x8a, 0x8a, 0x8a, 0x8a, 0x8a, 0x8a, 0x8a, 0x8a, 0x8a, 0x8a, 0x8a, 0x8a, 0x8a, 0x8a, 0x8a,
    0x8a, 0x8a, 0x8a, 0x8a, 0x8a, 0x8a, 0x8a, 0x8a, 0x8a, 0x8a, 0x8a, 0x8a, 0x8a, 0x8a, 0x8a, 0x8a,
    0x8a, 0x8a, 0x8a, 0x8a, 0x8a, 0x8a, 0x8a, 0x8a, 0x8a, 0x8a, 0x8a, 0x8a, 0x8a, 0x8a, 0x8a, 0x8a,
    0x8a, 0x8a, 0x8a, 0x8a, 0x8a, 0x8a, 0x8a, 0x8a, 0x8a, 0x8a, 0x8a, 0x8a, 0x8a, 0x8a, 0x8a, 0x8a,
    0x8a, 0x8a, 0x8a, 0x8a, 0x8a, 0x8a, 0x8a, 0x8a, 0x8a, 0x8a, 0x8a, 0x8a, 0x8a, 0x8a, 0x8a, 0x8a,
    0x8a, 0x8a, 0x8a, 0x8a, 0x8a, 0x8a, 0x8a, 0x8a, 0x8a, 0x8a, 0x8a, 0x8a, 0x8a, 0x8a, 0x8a, 0x8a,
    0x8a, 0x8a, 0x8a, 0x8a, 0x8a, 0x8a, 0x8a, 0x8a, 0x8a, 0x8a, 0x8a, 0x8a, 0x8a, 0x8a, 0x8a, 0x8a,
    0x8a, 0x8a, 0x8a, 0x8a, 0x8a, 0x8a, 0x8a, 0x8a, 0x8a, 0x8a, 0x8a, 0x8a, 0x8a, 0x8a, 0x8a, 0x8a,
    0x8a, 0x8a, 0x8a, 0x8a, 0x8a, 0x8a, 0x8a, 0x8a, 0x8a, 0x8a, 0x8a, 0x8a, 0x8a, 0x8a, 0x8a, 0x8a,
    0x8a, 0x8a, 0x8a, 0x8a, 0x8a, 0x8a, 0x8a, 0x8a, 0x8a, 0x8a, 0x8a, 0x8a, 0x8a, 0x8a, 0x8a, 0x8a,
    0x8a, 0x8a, 0x8a, 0x8a, 0x8a, 0x8a, 0x8a, 0x8a, 0x8a, 0x8a, 0x8a, 0x8a, 0x8a, 0x8a, 0x8a, 0x8a,
    0x8a, 0x8a, 0x8a, 0x8a, 0x8a, 0x8a, 0x8a, 0x8a, 0x8a, 0x8a, 0x8a, 0x8a, 0x8a, 0x8a, 0x8a, 0x8a,
    0x8a, 0x8a, 0x8a, 0x8a, 0x8a, 0x8a, 0x8a, 0x8a, 0x8a, 0x8a, 0x8a, 0x8a, 0x8a, 0x8a, 0x8a, 0x8a,
    0x8a, 0x8a, 0x8a, 0x8a, 0x8a, 0x8a, 0x8a, 0x8a, 0x8a, 0x8a, 0x8a, 0x8a, 0x8a, 0x8a, 0x8a, 0x8a,
    0x8a, 0x8a, 0x8a, 0x8a, 0x8a, 0x8a, 0x8a, 0x8a, 0x8a, 0x8a, 0x8a, 0x8a, 0x8a, 0x8a, 0x8a, 0x8a,
    0x8a, 0x8a, 0x8a, 0x8a, 0x8a, 0x8a, 0x8a, 0x8a, 0x8a, 0x8a, 0x8a, 0x8a, 0x8a, 0x8a, 0x8a, 0x8a,
    0x8a, 0x8a, 0x8a, 0x8a, 0x8a, 0x8a, 0x8a, 0x8a, 0x8a, 0x8a, 0x8a, 0x8a, 0x8a, 0x8a, 0x8a, 0x8a,
    0x8a, 0x8a, 0x8a, 0x8a, 0x8a, 0x8a, 0x8a, 0x8a, 0x8a, 0x8a, 0x8a, 0x8a, 0x8a, 0x8a, 0x8a, 0x8a,
    0x8a, 0x8a, 0x8a, 0x8a, 0x8a, 0x8a, 0x8a, 0x8a, 0x8a, 0x8a, 0x8a, 0x8a, 0x8a, 0x8a, 0x8a, 0x8a,
    0x8a, 0x8a, 0x8a, 0x8a, 0x8a, 0x8a, 0x8a, 0x8a, 0x8a, 0x8a, 0x8a, 0x8a, 0x8a, 0x8a, 0x8a, 0x8a,
    0x8a, 0x8a, 0x8a, 0x8a, 0x8a, 0x8a, 0x8a, 0x8a, 0x8a, 0x8a, 0x8a, 0x8a, 0x8a, 0x8a, 0x8a, 0x8a,
    0x8a, 0x8a, 0x8a, 0x8a, 0x8a, 0x8a, 0x8a, 0x8a, 0x8a, 0x8a, 0x8a, 0x8a, 0x8a, 0x8a, 0x8a, 0x8a,
    0x8a, 0x8a, 0x8a, 0x8a, 0x8a, 0x8a, 0x8a, 0x8a, 0x8a, 0x8a, 0x8a, 0x8a, 0x8a, 0x8a, 0x8a, 0x8a,
    0x8a, 0x8a, 0x8a, 0x8a, 0x8a, 0x8a, 0x8a, 0x8a, 0x8a, 0x8a, 0x8a, 0x8a, 0x8a, 0x8a, 0x8a, 0x8a,
    0x8a, 0x8a, 0x8a, 0x8a, 0x8a, 0x8a, 0x8a, 0x8a, 0x8a, 0x8a, 0x8a, 0x8a, 0x8a, 0x8a, 0x8a, 0x8a,
    0x8a, 0x8a, 0x8a, 0x8a, 0x8a, 0x8a, 0x8a, 0x8a, 0x8a, 0x8a, 0x8a, 0x8a, 0x8a, 0x8a, 0x8a, 0x8a,
    0x8a, 0x8a, 0x8a, 0x8a, 0x8a, 0x8a, 0x8a, 0x8a, 0x8a, 0x8a, 0x8a, 0x8a, 0x8a, 0x8a, 0x8a, 0x8a,
    0x8a, 0x8a, 0x8a, 0x8a, 0x8a, 0x8a, 0x8a, 0x8a, 0x8a, 0x8a, 0x8a, 0x8a, 0x8a, 0x8a, 0x8a, 0x8a,
    0x8a, 0x8a, 0x8a, 0x8a, 0x8a, 0x8a, 0x8a, 0x8a, 0x8a, 0x8a, 0x8a, 0x8a, 0x8a, 0x8a, 0x8a, 0x8a,
    0x8a, 0x8a, 0x8a, 0x8a, 0x8a, 0x8a, 0x8a, 0x8a, 0x8a, 0x8a, 0x8a, 0x8a, 0x8a, 0x8a, 0x8a, 0x8a,
    0x8a, 0x8a, 0x8a, 0x8a, 0x8a, 0x8a, 0x8a, 0x8a, 0x8a, 0x8a, 0x8a, 0x8a, 0x8a, 0x8a, 0x8a, 0x8a,
    0x8a, 0x8a, 0x8a, 0x8a, 0x8a, 0x8a, 0x8a, 0x8a, 0x8a, 0x8a, 0x8a, 0x8a, 0x8a, 0x8a, 0x8a, 0x8a,
    0x8a, 0x8a, 0x8a, 0x8a, 0x8a, 0x8a, 0x8a, 0x8a, 0x8a, 0x8a, 0x8a, 0x8a, 0x8a, 0x8a, 0x8a, 0x8a,
    0x8a, 0x8a, 0x8a, 0x8a, 0x8a, 0x8a, 0x8a, 0x8a, 0x8a, 0x8a, 0x8a, 0x8a, 0x8a, 0x8a, 0x8a, 0x8a,
    0x8a, 0x8a, 0x8a, 0x8a, 0x8a, 0x8a, 0x8a, 0x8a, 0x8a, 0x8a, 0x8a, 0x8a, 0x8a, 0x8a, 0x8a, 0x8a,
    0x8a, 0x8a, 0x8a, 0x8a, 0x8a, 0x8a, 0x8a, 0x8a, 0x8a, 0x8a, 0x8a, 0x8a, 0x8a, 0x8a, 0x8a, 0x8a,
    0x8a, 0x8a, 0x8a, 0x8a, 0x8a, 0x8a, 0x8a, 0x8a, 0x8a, 0x8a, 0x8a, 0x8a, 0x8a, 0x8a, 0x8a, 0x8a,
    0x8a, 0x8a, 0x8a, 0x8a, 0x8a, 0x8a, 0x8a, 0x8a, 0x8a, 0x8a, 0x8a, 0x8a, 0x8a, 0x8a, 0x8a, 0x8a,
    0x8a, 0x8a, 0x8a, 0x8a, 0x8a, 0x8a, 0x8a, 0x8a, 0x8a, 0x8a, 0x8a, 0x8a, 0x8a, 0x8a, 0x8a, 0x8a,
    0x8a, 0x8a, 0x8a, 0x8a, 0x8a, 0x8a, 0x8a, 0x8a, 0x8a, 0x8a, 0x8a, 0x8a, 0x8a, 0x8a, 0x8a, 0x8a,
    0x8a, 0x8a, 0x8a, 0x8a, 0x8a, 0x8a, 0x8a, 0x8a, 0x8a, 0x8a, 0x8a, 0x8a, 0x8a, 0x8a, 0x8a, 0x8a,
    0x8a, 0x8a, 0x8a, 0x8a, 0x8a, 0x8a, 0x8a, 0x8a, 0x8a, 0x8a, 0x8a, 0x8a, 0x8a, 0x8a, 0x8a, 0x8a,
    0x8a, 0x8a, 0x8a, 0x8a, 0x8a, 0x8a, 0x8a, 0x8a, 0x8a, 0x8a, 0x8a, 0x8a, 0x8a, 0x8a, 0x8a, 0x8a,
    0x8a, 0x8a, 0x8a, 0x8a, 0x8a, 0x8a, 0x8a, 0x8a, 0x8a, 0x8a, 0x8a, 0x8a, 0x8a, 0x8a, 0x8a, 0x8a,
    0x8a, 0x8a, 0x8a, 0x8a, 0x8a, 0x8a, 0x8a, 0x8a, 0x8a, 0x8a, 0x8a, 0x8a, 0x8a, 0x8a, 0x8a, 0x8a,
    0x8a, 0x8a, 0x8a, 0x8a, 0x8a, 0x8a, 0x8a, 0x8a, 0x8a, 0x8a, 0x8a, 0x8a, 0x8a, 0x8a, 0x8a, 0x8a,
    0x8a, 0x8a, 0x8a, 0x8a, 0x8a, 0x8a, 0x8a, 0x8a, 0x8a, 0x8a, 0x8a, 0x8a, 0x8a, 0x8a, 0x8a, 0x8a,
    0x8a, 0x8a, 0x8a, 0x8a, 0x8a, 0x8a, 0x8a, 0x8a, 0x8a, 0x8a, 0x8a, 0x8a, 0x8a, 0x8a, 0x8a, 0x8a,
    0x8a, 0x8a, 0x8a, 0x8a, 0x8a, 0x8a, 0x8a, 0x8a, 0x8a, 0x8a, 0x8a, 0x8a, 0x8a, 0x8a, 0x8a, 0x8a,
    0x8a, 0x8a, 0x8a, 0x8a, 0x8a, 0x8a, 0x8a, 0x8a, 0x8a, 0x8a, 0x8a, 0x8a, 0x8a, 0x8a, 0x8a, 0x8a,
    0x8a, 0x8a, 0x8a, 0x8a, 0x8a, 0x8a, 0x8a, 0x8a, 0x8a, 0x8a, 0x8a, 0x8a, 0x8a, 0x8a, 0x8a, 0x8a,
    0x8a, 0x8a, 0x8a, 0x8a, 0x8a, 0x8a, 0x8a, 0x8a, 0x8a, 0x8a, 0x8a, 0x8a, 0x8a, 0x8a, 0x8a, 0x8a,
    0x8a, 0x8a, 0x8a, 0x8a, 0x8a, 0x8a, 0x8a, 0x8a, 0x8a, 0x8a, 0x8a, 0x8a, 0x8a, 0x8a, 0x8a, 0x8a,
    0x8a, 0x8a, 0x8a, 0x8a, 0x8a, 0x8a, 0x8a, 0x8a, 0x8a, 0x8a, 0x8a, 0x8a, 0x8a, 0x8a, 0x8a, 0x8a,
    0x8a, 0x8a, 0x8a, 0x8a, 0x8a, 0x8a, 0x8a, 0x8a, 0x8a, 0x8a, 0x8a, 0x8a, 0x8a, 0x8a, 0x8a, 0x8a,
    0x8a, 0x8a, 0x8a, 0x8a, 0x8a, 0x8a, 0x8a, 0x8a, 0x8a, 0x8a, 0x8a, 0x8a, 0x8a, 0x8a, 0x8a, 0x8a,
    0x8a, 0x8a, 0x8a, 0x8a, 0x8a, 0x8a, 0x8a, 0x8a, 0x8a, 0x8a, 0x8a, 0x8a, 0x8a, 0x8a, 0x8a, 0x8a,
    0x8a, 0x8a, 0x8a, 0x8a, 0x8a, 0x8a, 0x8a, 0x8a, 0x8a, 0x8a, 0x8a, 0x8a, 0x8a, 0x8a, 0x8a, 0x8a,
    0x8a, 0x8a, 0x8a, 0x8a, 0x8a, 0x8a, 0x8a, 0x8a, 0x8a, 0x8a, 0x8a, 0x8a, 0x8a, 0x8a, 0x8a, 0x8a,
    0x8a, 0x8a, 0x8a, 0x8a, 0x8a, 0x8a, 0x8a, 0x8a, 0x8a, 0x8a, 0x8a, 0x8a, 0x8a, 0x8a, 0x8a, 0x8a,
    0x8a, 0x8a, 0x8a, 0x8a, 0x8a, 0x8a, 0x8a, 0x8a, 0x8a, 0x8a, 0x8a, 0x8a, 0x8a, 0x8a, 0x8a, 0x8a,
    0x8a, 0x8a, 0x8a, 0x8a, 0x8a, 0x8a, 0x8a, 0x8a, 0x8a, 0x8a, 0x8a, 0x8a, 0x8a, 0x8a, 0x8a, 0x8a,
    0x8a, 0x8a, 0x8a, 0x8a, 0x8a, 0x8a, 0x8a, 0x8a, 0x8a, 0x8a, 0x8a, 0x8a, 0x8a, 0x8a, 0x8a, 0x8a,
    0x8a, 0x8a, 0x8a, 0x8a, 0x8a, 0x8a, 0x8a, 0x8a, 0x8a, 0x8a, 0x8a, 0x8a, 0x8a, 0x8a, 0x8a, 0x8a,
    0x8a, 0x8a, 0x8a, 0x8a, 0x8a, 0x8a, 0x8a, 0x8a, 0x8a, 0x8a, 0x8a, 0x8a, 0x8a, 0x8a, 0x8a, 0x8a,
    0x8a, 0x8a, 0x8a, 0x8a, 0x8a, 0x8a, 0x8a, 0x8a, 0x8a, 0x8a, 0x8a, 0x8a, 0x8a, 0x8a, 0x8a, 0x8a,
    0x8a, 0x8a, 0x8a, 0x8a, 0x8a, 0x8a, 0x8a, 0x8a, 0x8a, 0x8a, 0x8a, 0x8a, 0x8a, 0x8a, 0x8a, 0x8a,
    0x8a, 0x8a, 0x8a, 0x8a, 0x8a, 0x8a, 0x8a, 0x8a, 0x8a, 0x8a, 0x8a, 0x8a, 0x8a, 0x8a, 0x8a, 0x8a,
    0x8a, 0x8a, 0x8a, 0x8a, 0x8a, 0x8a, 0x8a, 0x8a, 0x8a, 0x8a, 0x8a, 0x8a, 0x8a, 0x8a, 0x8a, 0x8a,
    0x8a, 0x8a, 0x8a, 0x8a, 0x8a, 0x8a, 0x8a, 0x8a, 0x8a, 0x8a, 0x8a, 0x8a, 0x8a, 0x8a, 0x8a, 0x8a,
    0x8a, 0x8a, 0x8a, 0x8a, 0x8a, 0x8a, 0x8a, 0x8a, 0x8a, 0x8a, 0x8a, 0x8a, 0x8a, 0x8a, 0x8a, 0x8a,
    0x8a, 0x8a, 0x8a, 0x8a, 0x8a, 0x8a, 0x8a, 0x8a, 0x8a, 0x8a, 0x8a, 0x8a, 0x8a, 0x8a, 0x8a, 0x8a,
    0x8a, 0x8a, 0x8a, 0x8a, 0x8a, 0x8a, 0x8a, 0x8a, 0x8a, 0x8a, 0x8a, 0x8a, 0x8a, 0x8a, 0x8a, 0x8a,
    0x8a, 0x8a, 0x8a, 0x8a, 0x8a, 0x8a, 0x8a, 0x8a, 0x8a, 0x8a, 0x8a, 0x8a, 0x8a, 0x8a, 0x8a, 0x8a,
    0x8a, 0x8a, 0x8a, 0x8a, 0x8a, 0x8a, 0x8a, 0x8a, 0x8a, 0x8a, 0x8a, 0x8a, 0x8a, 0x8a, 0x8a, 0x8a,
    0x8a, 0x8b, 0x8a, 0x8a, 0x88, 0x89, 0x89, 0x8a, 0x8b, 0x8b, 0x8b, 0x8a, 0x8a, 0x8a, 0x8a, 0x8a,
    0x8b, 0x8a, 0x8a, 0x89, 0x88, 0x88, 0x89, 0x89, 0x8a, 0x8b, 0x8a, 0x8a, 0x8a, 0x8a, 0x8a, 0x8a,
    0x8a, 0x8a, 0x8a, 0x8a, 0x8b, 0x8b, 0x8b, 0x8a, 0x8a, 0x89, 0x8a, 0x8a, 0x8a, 0x8a, 0x89, 0x89,
    0x89, 0x89, 0x89, 0x8a, 0x8a, 0x8b, 0x8b, 0x8c, 0x8c, 0x8a, 0x89, 0x88, 0x88, 0x89, 0x89, 0x8a,
    0x8b, 0x8b, 0x8b, 0x8a, 0x8a, 0x89, 0x88, 0x89, 0x89, 0x89, 0x8a, 0x8a, 0x8a, 0x8a, 0x8a, 0x8b,
    0x8b, 0x8b, 0x8a, 0x89, 0x88, 0x88, 0x88, 0x8a, 0x8a, 0x8a, 0x8b, 0x8a, 0x8a, 0x89, 0x89, 0x88,
    0x89, 0x89, 0x88, 0x87, 0x86, 0x85, 0x85, 0x87, 0x8b, 0x8e, 0x8f, 0x8e, 0x8c, 0x89, 0x86, 0x86,
    0x87, 0x88, 0x8a, 0x8b, 0x8c, 0x8d, 0x8c, 0x8a, 0x87, 0x85, 0x84, 0x85, 0x87, 0x89, 0x89, 0x89,
    0x89, 0x89, 0x8a, 0x8a, 0x8a, 0x8a, 0x8a, 0x89, 0x89, 0x89, 0x8b, 0x8b, 0x8b, 0x8a, 0x89, 0x88,
    0x88, 0x89, 0x8a, 0x8b, 0x8a, 0x89, 0x88, 0x87, 0x87, 0x86, 0x86, 0x87, 0x88, 0x8a, 0x8c, 0x8e,
    0x8f, 0x8e, 0x8d, 0x8b, 0x88, 0x88, 0x87, 0x87, 0x87, 0x88, 0x89, 0x8a, 0x8b, 0x8b, 0x8a, 0x88,
    0x86, 0x85, 0x85, 0x87, 0x8b, 0x8b, 0x8d, 0x8d, 0x8d, 0x8c, 0x8a, 0x89, 0x89, 0x89, 0x8a, 0x8a,
    0x89, 0x8a, 0x8a, 0x8a, 0x8a, 0x89, 0x8a, 0x88, 0x85, 0x83, 0x85, 0x87, 0x88, 0x8c, 0x8e, 0x8f,
    0x8b, 0x8b, 0x8a, 0x8a, 0x89, 0x8b, 0x8c, 0x8a, 0x8c, 0x89, 0x89, 0x87, 0x8b, 0x8e, 0x8b, 0x89,
    0x86, 0x85, 0x84, 0x86, 0x8a, 0x8d, 0x8e, 0x8b, 0x86, 0x87, 0x89, 0x8e, 0x91, 0x90, 0x8e, 0x88,
    0x84, 0x83, 0x85, 0x88, 0x8a, 0x8b, 0x8a, 0x89, 0x88, 0x86, 0x84, 0x84, 0x85, 0x87, 0x8a, 0x8c,
    0x8b, 0x8a, 0x8b, 0x8c, 0x8f, 0x91, 0x8d, 0x88, 0x84, 0x84, 0x86, 0x8a, 0x8e, 0x8d, 0x8c, 0x87,
    0x83, 0x81, 0x84, 0x88, 0x8d, 0x90, 0x8e, 0x8d, 0x8c, 0x8a, 0x8b, 0x90, 0x8f, 0x8d, 0x8b, 0x87,
    0x83, 0x86, 0x89, 0x8b, 0x8a, 0x87, 0x84, 0x83, 0x86, 0x8b, 0x90, 0x91, 0x8e, 0x8a, 0x86, 0x87,
    0x8b, 0x8e, 0x8e, 0x8c, 0x8a, 0x86, 0x86, 0x88, 0x8a, 0x8c, 0x88, 0x83, 0x82, 0x85, 0x89, 0x92,
    0x95, 0x93, 0x8c, 0x87, 0x83, 0x86, 0x8d, 0x8f, 0x90, 0x8c, 0x88, 0x87, 0x87, 0x86, 0x87, 0x84,
    0x84, 0x88, 0x8d, 0x93, 0x93, 0x90, 0x8c, 0x89, 0x87, 0x8a, 0x8e, 0x8e, 0x8e, 0x8c, 0x8a, 0x8a,
    0x8c, 0x8c, 0x89, 0x81, 0x75, 0x7c, 0x8a, 0x96, 0x9a, 0x96, 0x8c, 0x83, 0x7f, 0x87, 0x90, 0x91,
    0x8c, 0x86, 0x85, 0x85, 0x8a, 0x8a, 0x8c, 0x83, 0x83, 0x89, 0x91, 0x96, 0x94, 0x8e, 0x89, 0x87,
    0x85, 0x8b, 0x89, 0x88, 0x87, 0x89, 0x88, 0x88, 0x85, 0x84, 0x86, 0x89, 0x8f, 0x95, 0x96, 0x93,
    0x90, 0x8c, 0x89, 0x88, 0x88, 0x86, 0x85, 0x87, 0x88, 0x87, 0x84, 0x81, 0x82, 0x84, 0x8b, 0x93,
    0x9b, 0x9b, 0x95, 0x8b, 0x86, 0x86, 0x88, 0x8a, 0x86, 0x86, 0x87, 0x88, 0x85, 0x83, 0x7f, 0x7e,
    0x84, 0x8b, 0x99, 0xa3, 0x9e, 0x97, 0x8b, 0x81, 0x81, 0x84, 0x84, 0x86, 0x88, 0x85, 0x83, 0x83,
    0x82, 0x86, 0x8b, 0x90, 0x9c, 0x9f, 0x99, 0x90, 0x86, 0x80, 0x84, 0x88, 0x89, 0x89, 0x87, 0x81,
    0x7e, 0x7e, 0x84, 0x8f, 0x99, 0xa2, 0xa0, 0x94, 0x84, 0x81, 0x82, 0x88, 0x8c, 0x89, 0x85, 0x80,
    0x7e, 0x7d, 0x80, 0x88, 0x93, 0x9c, 0xa0, 0x9a, 0x92, 0x8a, 0x87, 0x87, 0x8b, 0x8a, 0x83, 0x7f,
    0x7a, 0x7c, 0x7c, 0x7d, 0x88, 0x96, 0xa5, 0xa3, 0x99, 0x8f, 0x86, 0x88, 0x8a, 0x8d, 0x8a, 0x86,
    0x80, 0x7a, 0x78, 0x77, 0x83, 0x94, 0xa6, 0xab, 0xa1, 0x8a, 0x79, 0x76, 0x82, 0x8f, 0x96, 0x93,
    0x84, 0x76, 0x6c, 0x73, 0x8b, 0xad, 0xb5, 0xac, 0x93, 0x76, 0x69, 0x75, 0x86, 0x95, 0x98, 0x86,
    0x78, 0x75, 0x7e, 0x93, 0xae, 0xb0, 0xa2, 0x88, 0x6d, 0x66, 0x75, 0x8d, 0x9c, 0xa0, 0x8c, 0x79,
    0x73, 0x7b, 0x97, 0xb3, 0xb9, 0xa4, 0x7f, 0x60, 0x5d, 0x75, 0x8c, 0x9a, 0x9c, 0x85, 0x77, 0x75,
    0x81, 0xa4, 0xbd, 0xba, 0x9f, 0x76, 0x58, 0x60, 0x7d, 0x93, 0xa1, 0x9b, 0x80, 0x77, 0x73, 0x86,
    0xa9, 0xbf, 0xb5, 0x95, 0x6d, 0x50, 0x65, 0x80, 0x9a, 0xa7, 0x97, 0x7d, 0x71, 0x78, 0x94, 0xb3,
    0xc0, 0xa8, 0x85, 0x5f, 0x54, 0x6e, 0x87, 0x9d, 0x9b, 0x89, 0x7c, 0x76, 0x89, 0xa2, 0xb7, 0xbb,
    0x9d, 0x77, 0x5c, 0x63, 0x76, 0x8b, 0x97, 0x8d, 0x85, 0x7c, 0x81, 0x94, 0xa8, 0xb7, 0xad, 0x8e,
    0x6d, 0x61, 0x70, 0x80, 0x91, 0x8f, 0x8b, 0x87, 0x82, 0x91, 0x9d, 0xa9, 0xaa, 0x90, 0x72, 0x66,
    0x71, 0x7d, 0x8f, 0x92, 0x8c, 0x91, 0x8a, 0x8c, 0x99, 0xa0, 0xa5, 0x97, 0x7a, 0x66, 0x6d, 0x7a,
    0x88, 0x98, 0x92, 0x8f, 0x92, 0x91, 0x98, 0xa0, 0x9f, 0x9a, 0x83, 0x68, 0x62, 0x71, 0x80, 0x91,
    0x99, 0x91, 0x97, 0x93, 0x99, 0x9e, 0xa2, 0xa3, 0x90, 0x76, 0x60, 0x66, 0x6f, 0x83, 0x93, 0x91,
    0x94, 0x95, 0x9b, 0x9f, 0xa3, 0xa1, 0x94, 0x80, 0x6a, 0x6b, 0x70, 0x7e, 0x8d, 0x8d, 0x94, 0x94,
    0x9f, 0xa1, 0x9d, 0x98, 0x89, 0x7b, 0x6e, 0x76, 0x7b, 0x82, 0x85, 0x84, 0x8f, 0x9a, 0xaa, 0xad,
    0xa4, 0x94, 0x80, 0x6e, 0x68, 0x74, 0x86, 0x8a, 0x8b, 0x80, 0x84, 0x8d, 0xa3, 0xb6, 0xae, 0xa7,
    0x82, 0x6e, 0x5e, 0x6d, 0x86, 0x8e, 0x91, 0x7d, 0x80, 0x84, 0xa5, 0xbb, 0xb8, 0xad, 0x88, 0x70,
    0x61, 0x6d, 0x7f, 0x8c, 0x91, 0x7e, 0x7f, 0x80, 0x99, 0xb4, 0xb6, 0xab, 0x8f, 0x70, 0x61, 0x71,
    0x7c, 0x8d, 0x8e, 0x80, 0x81, 0x87, 0x9d, 0xb4, 0xb3, 0xa7, 0x87, 0x64, 0x5d, 0x6c, 0x7d, 0x8f,
    0x92, 0x87, 0x85, 0x8a, 0xa2, 0xb4, 0xb8, 0xaa, 0x85, 0x68, 0x60, 0x6d, 0x80, 0x8f, 0x8a, 0x81,
    0x7f, 0x8b, 0xa1, 0xad, 0xb0, 0xa3, 0x8a, 0x75, 0x74, 0x76, 0x83, 0x89, 0x7c, 0x7d, 0x82, 0x95,
    0xa3, 0xa8, 0xa2, 0x93, 0x81, 0x7e, 0x8b, 0x8b, 0x8b, 0x81, 0x6f, 0x72, 0x8e, 0xa2, 0xa8, 0xa5,
    0x8a, 0x72, 0x78, 0x8d, 0x9f, 0xa4, 0x97, 0x7b, 0x69, 0x6d, 0x8b, 0xa1, 0xa4, 0x9d, 0x7a, 0x6c,
    0x7c, 0x98, 0xaf, 0xaa, 0x92, 0x79, 0x64, 0x75, 0x97, 0xa7, 0xa4, 0x90, 0x68, 0x63, 0x82, 0x9b,
    0xb2, 0xaa, 0x91, 0x74, 0x73, 0x7d, 0x97, 0xab, 0xa2, 0x84, 0x66, 0x6c, 0x85, 0xa7, 0xac, 0x9c,
    0x84, 0x73, 0x75, 0x87, 0x99, 0xa5, 0x99, 0x7a, 0x74, 0x7e, 0x96, 0xa6, 0xa3, 0x90, 0x81, 0x79,
    0x74, 0x80, 0x8d, 0x92, 0x8c, 0x86, 0x89, 0x8f, 0xa0, 0xa1, 0x99, 0x8b, 0x85, 0x86, 0x81, 0x7e,
    0x79, 0x7a, 0x78, 0x8f, 0x96, 0x9b, 0xa2, 0x9a, 0x94, 0x8f, 0x97, 0x8b, 0x80, 0x73, 0x6d, 0x6c,
    0x7d, 0x91, 0x9f, 0xad, 0x9d, 0x91, 0x88, 0x90, 0x99, 0x94, 0x7e, 0x71, 0x6a, 0x70, 0x84, 0x91,
    0xa2, 0x9d, 0x93, 0x8c, 0x94, 0x98, 0x95, 0x89, 0x7e, 0x7a, 0x76, 0x84, 0x88, 0x8c, 0x98, 0x8f,
    0x86, 0x83, 0x93, 0x9e, 0x9a, 0x8c, 0x7c, 0x7c, 0x7d, 0x91, 0x92, 0x90, 0x86, 0x81, 0x82, 0x91,
    0x9f, 0x98, 0x8f, 0x7a, 0x75, 0x7e, 0x97, 0x99, 0x99, 0x91, 0x83, 0x7a, 0x7c, 0x91, 0xa1, 0xa2,
    0x87, 0x73, 0x6a, 0x7d, 0x97, 0xa5, 0x9d, 0x8f, 0x80, 0x7d, 0x8b, 0x95, 0x9c, 0x8e, 0x7e, 0x6f,
    0x76, 0x92, 0x9c, 0xa5, 0x92, 0x7e, 0x77, 0x7f, 0x95, 0xa1, 0xa3, 0x8b, 0x77, 0x69, 0x7d, 0x97,
    0x9b, 0x9a, 0x88, 0x7a, 0x7f, 0x93, 0xa0, 0xa3, 0x96, 0x7f, 0x6d, 0x74, 0x89, 0x92, 0x9e, 0x9c,
    0x85, 0x75, 0x7a, 0x95, 0xb0, 0xa9, 0x89, 0x73, 0x6a, 0x77, 0x89, 0x9d, 0x9a, 0x8f, 0x86, 0x86,
    0x93, 0x95, 0x9e, 0x91, 0x82, 0x77, 0x80, 0x88, 0x88, 0x8f, 0x8f, 0x88, 0x8a, 0x8d, 0x8a, 0x92,
    0x8e, 0x8a, 0x89, 0x8c, 0x8e, 0x8f, 0x86, 0x80, 0x84, 0x8a, 0x8f, 0x8d, 0x90, 0x8f, 0x88, 0x84,
    0x8c, 0x95, 0x92, 0x8d, 0x87, 0x7a, 0x7e, 0x8f, 0x94, 0x93, 0x8d, 0x82, 0x80, 0x82, 0x91, 0x94,
    0x8d, 0x8d, 0x92, 0x92, 0x8f, 0x85, 0x7d, 0x80, 0x80, 0x84, 0x89, 0x8e, 0x94, 0x99, 0x93, 0x94,
    0x8f, 0x8f, 0x87, 0x75, 0x73, 0x7a, 0x87, 0x90, 0x97, 0x97, 0x89, 0x8d, 0x97, 0x9d, 0x9d, 0x87,
    0x77, 0x6c, 0x70, 0x80, 0x97, 0x9b, 0x96, 0x8d, 0x87, 0x8f, 0xa1, 0x9b, 0x85, 0x74, 0x66, 0x74,
    0x89, 0x9d, 0xa5, 0xa0, 0x80, 0x75, 0x7f, 0x96, 0xa3, 0x98, 0x89, 0x79, 0x79, 0x7f, 0x92, 0x91,
    0x87, 0x83, 0x7f, 0x91, 0x9d, 0xa5, 0x98, 0x82, 0x76, 0x70, 0x77, 0x87, 0x99, 0x94, 0x8a, 0x92,
    0x98, 0x96, 0x96, 0x82, 0x77, 0x74, 0x73, 0x88, 0xa0, 0x9e, 0x90, 0x82, 0x81, 0x8f, 0x98, 0xa2,
    0x8b, 0x75, 0x6e, 0x75, 0x86, 0x95, 0x97, 0x8b, 0x8e, 0x92, 0x9e, 0xa5, 0x97, 0x7a, 0x68, 0x65,
    0x77, 0x8e, 0x98, 0x9a, 0x98, 0x8d, 0x88, 0xa0, 0x9e, 0x89, 0x72, 0x65, 0x71, 0x8b, 0x98, 0x96,
    0x99, 0x88, 0x88, 0x99, 0x9b, 0x8b, 0x83, 0x79, 0x70, 0x7f, 0x86, 0x91, 0x9d, 0x8f, 0x84, 0x9b,
    0x99, 0x8f, 0x87, 0x7a, 0x77, 0x7b, 0x83, 0x87, 0x92, 0x8d, 0x98, 0xa6, 0x97, 0x83, 0x7d, 0x78,
    0x7c, 0x8e, 0x92, 0x8d, 0x82, 0x80, 0x87, 0xa5, 0xac, 0x8f, 0x78, 0x66, 0x6a, 0x85, 0xa0, 0xa5,
    0x92, 0x76, 0x73, 0x95, 0xb3, 0xa6, 0x8a, 0x69, 0x59, 0x72, 0x93, 0xa8, 0xa8, 0x84, 0x68, 0x7a,
    0x9f, 0xb6, 0xad, 0x85, 0x5f, 0x64, 0x7a, 0x95, 0xa6, 0x8d, 0x6b, 0x73, 0x91, 0xac, 0xb7, 0xa4,
    0x82, 0x6e, 0x6c, 0x7b, 0x91, 0x88, 0x74, 0x79, 0x8c, 0xa1, 0xbc, 0xae, 0x88, 0x76, 0x69, 0x74,
    0x87, 0x89, 0x7c, 0x83, 0x8f, 0x98, 0xb2, 0xa7, 0x89, 0x6e, 0x6c, 0x78, 0x8e, 0x99, 0x8a, 0x82,
    0x7e, 0x97, 0xaa, 0x9c, 0x7d, 0x70, 0x78, 0x80, 0x98, 0x9c, 0x8e, 0x7d, 0x75, 0x91, 0xa3, 0x9e,
    0x8b, 0x7b, 0x73, 0x74, 0x88, 0x92, 0x94, 0x8f, 0x8a, 0x94, 0xa6, 0x99, 0x7f, 0x71, 0x69, 0x74,
    0x82, 0x8f, 0xa2, 0x9e, 0x95, 0x97, 0x95, 0x89, 0x7e, 0x7b, 0x6d, 0x78, 0x8b, 0x94, 0x99, 0x92,
    0x94, 0x95, 0x92, 0x83, 0x7f, 0x83, 0x7c, 0x82, 0x84, 0x90, 0x95, 0x92, 0x95, 0x92, 0x86, 0x7d,
    0x86, 0x8c, 0x87, 0x84, 0x88, 0x86, 0x87, 0x94, 0x9e, 0x92, 0x7b, 0x7a, 0x8c, 0x8e, 0x85, 0x8b,
    0x93, 0x86, 0x7e, 0x8a, 0x9f, 0x97, 0x7f, 0x7d, 0x84, 0x89, 0x87, 0x91, 0x95, 0x7b, 0x74, 0x8a,
    0xa0, 0xa4, 0x91, 0x81, 0x84, 0x84, 0x7a, 0x84, 0x8f, 0x85, 0x7d, 0x87, 0x96, 0xa5, 0xa4, 0x93,
    0x86, 0x73, 0x6d, 0x7b, 0x92, 0x8e, 0x82, 0x84, 0x8c, 0xa4, 0xa7, 0x9c, 0x90, 0x78, 0x6a, 0x74,
    0x88, 0x8a, 0x80, 0x86, 0x8f, 0xa4, 0xb0, 0xa4, 0x88, 0x6c, 0x6c, 0x78, 0x87, 0x86, 0x88, 0x91,
    0x93, 0xa2, 0xa7, 0x97, 0x74, 0x68, 0x79, 0x87, 0x8e, 0x8f, 0x92, 0x8f, 0x8c, 0x93, 0x94, 0x81,
    0x76, 0x84, 0x8a, 0x8f, 0x91, 0x8f, 0x8a, 0x80, 0x80, 0x94, 0x9f, 0x89, 0x7b, 0x7e, 0x8e, 0x90,
    0x87, 0x83, 0x8b, 0x8f, 0x95, 0x97, 0x8b, 0x7f, 0x7b, 0x84, 0x87, 0x8b, 0x86, 0x8c, 0x8e, 0x94,
    0x9c, 0x95, 0x88, 0x7d, 0x7a, 0x7a, 0x86, 0x84, 0x89, 0x91, 0x95, 0xa1, 0xa0, 0x85, 0x72, 0x79,
    0x81, 0x8c, 0x91, 0x86, 0x7f, 0x7f, 0x8f, 0xab, 0xa8, 0x7f, 0x6b, 0x7a, 0x8e, 0x98, 0x91, 0x83,
    0x74, 0x73, 0x8b, 0xb0, 0xa8, 0x81, 0x6f, 0x79, 0x94, 0x9f, 0x99, 0x87, 0x70, 0x65, 0x7b, 0xa2,
    0xab, 0x95, 0x7d, 0x7f, 0x93, 0x8f, 0x8b, 0x8a, 0x7b, 0x6d, 0x7b, 0x93, 0xa2, 0x9e, 0x8c, 0x8e,
    0x89, 0x7f, 0x85, 0x8c, 0x83, 0x7b, 0x7d, 0x80, 0x93, 0xa6, 0xa1, 0x93, 0x88, 0x84, 0x84, 0x7c,
    0x7c, 0x86, 0x7e, 0x7a, 0x91, 0xa4, 0xa7, 0xa0, 0x93, 0x84, 0x79, 0x6b, 0x6d, 0x7f, 0x8a, 0x8d,
    0x9d, 0xa0, 0x9a, 0xa0, 0x93, 0x89, 0x79, 0x6b, 0x65, 0x7a, 0x87, 0x8c, 0xab, 0xaa, 0x9a, 0x93,
    0x8d, 0x7e, 0x73, 0x6e, 0x75, 0x84, 0x8c, 0x9a, 0xa6, 0x9a, 0x85, 0x85, 0x88, 0x83, 0x82, 0x81,
    0x80, 0x89, 0x8a, 0x89, 0x92, 0x8e, 0x87, 0x91, 0x9a, 0x98, 0x8a, 0x77, 0x6f, 0x79, 0x80, 0x86,
    0x96, 0x96, 0x99, 0xaa, 0xa9, 0x8e, 0x78, 0x5f, 0x5e, 0x71, 0x80, 0x99, 0xa7, 0xa9, 0xad, 0xac,
    0x8e, 0x69, 0x5c, 0x63, 0x74, 0x86, 0x92, 0x9c, 0x9b, 0x9f, 0xaf, 0xaa, 0x84, 0x58, 0x54, 0x6f,
    0x8a, 0x9c, 0xa1, 0x99, 0x8c, 0x92, 0x9e, 0x91, 0x71, 0x5f, 0x70, 0x8a, 0xa2, 0x9e, 0x8c, 0x7c,
    0x8d, 0xac, 0x98, 0x71, 0x5e, 0x74, 0x8a, 0x98, 0x9f, 0x91, 0x7d, 0x7f, 0xa3, 0xb1, 0x85, 0x5f,
    0x69, 0x85, 0x93, 0x95, 0x95, 0x88, 0x78, 0x81, 0xa9, 0xab, 0x7f, 0x69, 0x78, 0x8d, 0x90, 0x85,
    0x90, 0x8e, 0x76, 0x7f, 0xa3, 0xa2, 0x82, 0x7b, 0x88, 0x8d, 0x7e, 0x7c, 0x95, 0x99, 0x81, 0x7e,
    0x91, 0x95, 0x8b, 0x82, 0x7e, 0x86, 0x87, 0x89, 0xa1, 0x96, 0x70, 0x71, 0x94, 0x9e, 0x94, 0x88,
    0x82, 0x84, 0x81, 0x8a, 0x99, 0x86, 0x6f, 0x7a, 0x97, 0xaa, 0xa0, 0x88, 0x78, 0x79, 0x7c, 0x8c,
    0x95, 0x86, 0x7f, 0x82, 0x94, 0xa4, 0xa1, 0x87, 0x73, 0x74, 0x7c, 0x8b, 0x8d, 0x91, 0x87, 0x84,
    0x92, 0x9a, 0x94, 0x82, 0x75, 0x75, 0x8c, 0x93, 0x97, 0x8d, 0x7e, 0x7d, 0x8a, 0x93, 0x93, 0x8c,
    0x7e, 0x86, 0x8d, 0x8f, 0x8c, 0x81, 0x76, 0x84, 0x93, 0x94, 0x8e, 0x89, 0x85, 0x89, 0x8e, 0x89,
    0x85, 0x7a, 0x84, 0x93, 0x9b, 0x8f, 0x81, 0x7f, 0x7f, 0x8c, 0x90, 0x94, 0x8a, 0x7d, 0x8c, 0x99,
    0x92, 0x7e, 0x77, 0x78, 0x84, 0x92, 0x94, 0x96, 0x8a, 0x86, 0x96, 0x99, 0x81, 0x6c, 0x6c, 0x7f,
    0x9a, 0xa4, 0x97, 0x84, 0x78, 0x87, 0xa5, 0x9e, 0x75, 0x5b, 0x68, 0x8e, 0xb0, 0xaf, 0x91, 0x73,
    0x6f, 0x93, 0xa7, 0x8d, 0x6c, 0x5d, 0x75, 0x9b, 0xb9, 0xbb, 0x93, 0x64, 0x58, 0x7c, 0x9e, 0x9d,
    0x89, 0x79, 0x82, 0x8f, 0x9f, 0xaa, 0x92, 0x67, 0x5c, 0x76, 0x98, 0xa6, 0x99, 0x8f, 0x8e, 0x80,
    0x80, 0x9a, 0x94, 0x76, 0x66, 0x69, 0x86, 0xaf, 0xbf, 0xa5, 0x83, 0x6b, 0x70, 0x8c, 0x96, 0x89,
    0x73, 0x6a, 0x79, 0x9f, 0xb8, 0xb3, 0x9b, 0x71, 0x65, 0x78, 0x88, 0x8d, 0x89, 0x71, 0x74, 0x97,
    0xb2, 0xb9, 0x9e, 0x73, 0x64, 0x76, 0x84, 0x8c, 0x7a, 0x77, 0x8e, 0xa4, 0xb8, 0xb2, 0x87, 0x5b,
    0x5d, 0x78, 0x90, 0x9a, 0x8f, 0x89, 0x8b, 0x94, 0xa0, 0x94, 0x7f, 0x74, 0x78, 0x86, 0x91, 0x91,
    0x87, 0x87, 0x8a, 0x96, 0xa1, 0x8f, 0x77, 0x73, 0x80, 0x90, 0x8c, 0x85, 0x8b, 0x90, 0x8d, 0x8b,
    0x91, 0x8e, 0x83, 0x85, 0x90, 0x91, 0x7e, 0x7d, 0x8a, 0x87, 0x84, 0x8e, 0x9e, 0x94, 0x80, 0x82,
    0x90, 0x90, 0x7c, 0x78, 0x85, 0x8c, 0x8c, 0x96, 0x97, 0x8a, 0x86, 0x84, 0x8e, 0x8b, 0x77, 0x7f,
    0x8a, 0x90, 0x98, 0x9b, 0x88, 0x7b, 0x81, 0x88, 0x92, 0x90, 0x85, 0x78, 0x7c, 0x93, 0xad, 0xa2,
    0x78, 0x66, 0x79, 0x95, 0x9f, 0x9f, 0x8c, 0x6c, 0x68, 0x8c, 0xb6, 0xa9, 0x78, 0x60, 0x82, 0xa3,
    0x98, 0x95, 0x82, 0x5f, 0x67, 0x9f, 0xc2, 0xaa, 0x72, 0x64, 0x86, 0x95, 0x90, 0x8f, 0x7e, 0x63,
    0x78, 0xac, 0xbf, 0x96, 0x6f, 0x76, 0x8b, 0x83, 0x80, 0x99, 0x88, 0x72, 0x87, 0xa5, 0x9f, 0x82,
    0x7d, 0x8b, 0x8c, 0x7a, 0x86, 0x9c, 0x8c, 0x7a, 0x86, 0x96, 0x8d, 0x81, 0x87, 0x90, 0x8d, 0x83,
    0x8a, 0x90, 0x87, 0x87, 0x8d, 0x8d, 0x89, 0x88, 0x8a, 0x88, 0x85, 0x89, 0x90, 0x89, 0x85, 0x83,
    0x8a, 0x94, 0x91, 0x91, 0x8c, 0x85, 0x7e, 0x86, 0x8d, 0x84, 0x87, 0x88, 0x90, 0x96, 0x92, 0x89,
    0x85, 0x81, 0x7b, 0x8b, 0x8e, 0x8d, 0x92, 0x8d, 0x8b, 0x8a, 0x84, 0x7e, 0x8a, 0x8b, 0x8e, 0x8c,
    0x88, 0x8d, 0x8c, 0x87, 0x8c, 0x8d, 0x7c, 0x7c, 0x87, 0x94, 0x98, 0x8f, 0x8e, 0x8f, 0x7e, 0x79,
    0x89, 0x89, 0x86, 0x87, 0x8e, 0x98, 0x94, 0x85, 0x8a, 0x85, 0x7b, 0x86, 0x96, 0x91, 0x83, 0x80,
    0x85, 0x98, 0x8f, 0x85, 0x87, 0x85, 0x8a, 0x95, 0x97, 0x80, 0x77, 0x7b, 0x90, 0xa1, 0x8f, 0x83,
    0x81, 0x83, 0x92, 0x9f, 0x94, 0x77, 0x6e, 0x78, 0x96, 0xa9, 0x94, 0x82, 0x77, 0x8c, 0xa0, 0x9a,
    0x79, 0x66, 0x72, 0x88, 0xa8, 0xaa, 0x9b, 0x7b, 0x72, 0x8a, 0x9e, 0x82, 0x6c, 0x74, 0x8c, 0xa6,
    0xa7, 0xa8, 0x85, 0x5f, 0x6c, 0x98, 0x9d, 0x80, 0x78, 0x8c, 0x9f, 0x9b, 0x95, 0x91, 0x7b, 0x69,
    0x71, 0x86, 0x9d, 0x9f, 0x97, 0x90, 0x91, 0x88, 0x77, 0x7e, 0x8a, 0x88, 0x79, 0x77, 0x90, 0xad,
    0xa9, 0x93, 0x86, 0x71, 0x6d, 0x80, 0x99, 0x9f, 0x85, 0x6e, 0x78, 0x9a, 0xaa, 0xa3, 0x8f, 0x75,
    0x6d, 0x7e, 0x92, 0x9d, 0x84, 0x6a, 0x75, 0x97, 0xbc, 0xb9, 0x8e, 0x61, 0x60, 0x73, 0x90, 0x94,
    0x87, 0x86, 0x8c, 0xa3, 0xb8, 0xa8, 0x6f, 0x50, 0x5a, 0x86, 0xa5, 0xa2, 0x95, 0x8a, 0x8a, 0x96,
    0xa0, 0x84, 0x65, 0x62, 0x7f, 0xa2, 0xa9, 0x9a, 0x87, 0x84, 0x84, 0x91, 0x8e, 0x7c, 0x72, 0x81,
    0x9c, 0x9d, 0x8e, 0x7f, 0x89, 0x91, 0x92, 0x8d, 0x81, 0x76, 0x76, 0x8f, 0xa6, 0x9e, 0x84, 0x77,
    0x89, 0x94, 0x91, 0x83, 0x75, 0x7e, 0x89, 0x99, 0x9f, 0x94, 0x7c, 0x7e, 0x90, 0x9d, 0x94, 0x6e,
    0x69, 0x7f, 0x93, 0xa3, 0xa4, 0x8b, 0x7b, 0x84, 0x9d, 0xa2, 0x79, 0x54, 0x66, 0x93, 0xad, 0xb3,
    0x96, 0x78, 0x74, 0x8f, 0xa2, 0x90, 0x67, 0x5b, 0x82, 0xa1, 0xb7, 0xb0, 0x7f, 0x62, 0x76, 0x9f,
    0xa5, 0x82, 0x67, 0x78, 0x93, 0x9e, 0xa6, 0x9d, 0x77, 0x61, 0x83, 0xa8, 0x9c, 0x7a, 0x75, 0x87,
    0x95, 0x95, 0x9d, 0x9c, 0x79, 0x60, 0x79, 0xa3, 0x9d, 0x89, 0x8c, 0x8f, 0x8c, 0x7b, 0x85, 0x99,
    0x84, 0x6f, 0x80, 0xa2, 0xaa, 0x96, 0x82, 0x76, 0x75, 0x74, 0x90, 0xad, 0x95, 0x78, 0x7f, 0xa5,
    0xa4, 0x89, 0x6b, 0x6b, 0x77, 0x86, 0xaa, 0xaa, 0x97, 0x7a, 0x87, 0x9e, 0x8f, 0x72, 0x6a, 0x79,
    0x84, 0x96, 0x9b, 0xa1, 0xa4, 0x9f, 0x8c, 0x70, 0x54, 0x6a, 0x8a, 0x98, 0x9e, 0x93, 0x9a, 0xaa,
    0xaf, 0x93, 0x68, 0x3f, 0x57, 0x88, 0xa2, 0xac, 0xa0, 0x9d, 0xa2, 0xab, 0x9a, 0x6f, 0x3a, 0x47,
    0x7a, 0xa6, 0xb9, 0xa9, 0xa0, 0x9c, 0xa3, 0x99, 0x7b, 0x4a, 0x3e, 0x68, 0x93, 0xb4, 0xb6, 0xa2,
    0x95, 0x9d, 0xa0, 0x88, 0x63, 0x4e, 0x5f, 0x7c, 0x9e, 0xad, 0xa2, 0x9f, 0x9f, 0xa9, 0x9a, 0x6c,
    0x4f, 0x59, 0x74, 0x8f, 0xa7, 0x9f, 0x9a, 0x9d, 0xa8, 0xae, 0x85, 0x55, 0x3e, 0x61, 0x90, 0xab,
    0xaf, 0x9f, 0x97, 0x9a, 0xab, 0x97, 0x68, 0x45, 0x4d, 0x82, 0xaa, 0xb4, 0xae, 0x8f, 0x85, 0x9e,
    0xa6, 0x81, 0x57, 0x4b, 0x6d, 0xa7, 0xb1, 0xb5, 0x98, 0x6f, 0x80, 0x9e, 0x9b, 0x79, 0x5f, 0x68,
    0x91, 0xa6, 0xaa, 0xa3, 0x75, 0x69, 0x85, 0xa8, 0xa6, 0x76, 0x62, 0x78, 0x92, 0x97, 0x9b, 0x91,
    0x84, 0x83, 0x94, 0xa8, 0x92, 0x70, 0x65, 0x76, 0x90, 0xa2, 0x9b, 0x86, 0x7b, 0x83, 0x9d, 0xab,
    0x95, 0x6d, 0x60, 0x79, 0x96, 0x9f, 0x94, 0x87, 0x87, 0x90, 0xa1, 0x9c, 0x7b, 0x61, 0x72, 0x8d,
    0x95, 0x96, 0x8f, 0x95, 0x98, 0xa0, 0x98, 0x7d, 0x59, 0x60, 0x83, 0x96, 0xa0, 0x99, 0x9d, 0xa1,
    0x9e, 0x8e, 0x75, 0x5c, 0x68, 0x81, 0x9a, 0x9b, 0x8f, 0x93, 0x9e, 0xaa, 0x9d, 0x7b, 0x51, 0x5a,
    0x7e, 0xa0, 0xa1, 0x8f, 0x90, 0xa0, 0xb1, 0xa0, 0x70, 0x4b, 0x58, 0x80, 0xa3, 0xa9, 0x97, 0x8c,
    0x8a, 0x9d, 0xaf, 0x96, 0x63, 0x4d, 0x66, 0x8f, 0xa4, 0x9a, 0x8f, 0x90, 0x9d, 0xb2, 0xa7, 0x71,
    0x4a, 0x57, 0x7c, 0x9d, 0xa6, 0x95, 0x92, 0x9a, 0xad, 0xb1, 0x7f, 0x4c, 0x47, 0x6e, 0x96, 0xac,
    0xa0, 0x95, 0x94, 0xa7, 0xb2, 0x82, 0x58, 0x4e, 0x61, 0x89, 0xb1, 0xb9, 0xa2, 0x7a, 0x83, 0xab,
    0x9c, 0x65, 0x4e, 0x64, 0x8e, 0xa9, 0xb0, 0xae, 0x80, 0x6c, 0x8c, 0xa2, 0x8a, 0x64, 0x66, 0x8b,
    0xa4, 0x9d, 0x9b, 0x8d, 0x75, 0x78, 0x8f, 0xa1, 0x96, 0x7a, 0x77, 0x84, 0x8f, 0x92, 0x8d, 0x89,
    0x88, 0x85, 0x89, 0x96, 0x94, 0x8b, 0x8c, 0x81, 0x7a, 0x7e, 0x83, 0x9b, 0x94, 0x7b, 0x82, 0x98,
    0xa4, 0xa4, 0x88, 0x65, 0x70, 0x79, 0x89, 0x97, 0x8c, 0x94, 0xa0, 0xa6, 0x9d, 0x7d, 0x5e, 0x68,
    0x7e, 0x8f, 0x97, 0x9c, 0x9c, 0x9e, 0x96, 0x8e, 0x73, 0x5e, 0x72, 0x82, 0x95, 0x9e, 0x9c, 0x9f,
    0xa5, 0x93, 0x82, 0x65, 0x57, 0x72, 0x8c, 0xa3, 0xa2, 0x9e, 0x9d, 0xa1, 0x9a, 0x85, 0x5f, 0x49,
    0x62, 0x8b, 0xaa, 0xb2, 0xa2, 0x9b, 0xa1, 0x9e, 0x87, 0x59, 0x4f, 0x66, 0x87, 0xa4, 0xaa, 0x9f,
    0x99, 0xa1, 0xa3, 0x92, 0x65, 0x4d, 0x61, 0x81, 0x97, 0x9f, 0x9f, 0xa0, 0xac, 0xaf, 0x9f, 0x6b,
    0x3d, 0x49, 0x78, 0x9c, 0xae, 0xad, 0xa5, 0xa8, 0xa4, 0x9c, 0x70, 0x3a, 0x3c, 0x6e, 0xac, 0xc7,
    0xae, 0x90, 0x94, 0xae, 0xb2, 0x75, 0x33, 0x30, 0x66, 0xa8, 0xd3, 0xd0, 0xa5, 0x76, 0x6c, 0x94,
    0x97, 0x66, 0x53, 0x65, 0x8b, 0xb4, 0xbf, 0xb9, 0x8b, 0x5c, 0x74, 0x9b, 0x8b, 0x71, 0x73, 0x7f,
    0x9e, 0xa7, 0xa2, 0x94, 0x6e, 0x73, 0x93, 0x9a, 0x90, 0x84, 0x7a, 0x7e, 0x8a, 0x8e, 0x97, 0x8e,
    0x88, 0x8b, 0x85, 0x8d, 0x8c, 0x87, 0x85, 0x83, 0x85, 0x8f, 0x91, 0x95, 0x95, 0x7f, 0x7a, 0x83,
    0x8f, 0x96, 0x95, 0x87, 0x8b, 0x88, 0x83, 0x88, 0x82, 0x83, 0x8a, 0x98, 0xa2, 0x99, 0x7d, 0x7a,
    0x7c, 0x7f, 0x84, 0x8a, 0x91, 0x9a, 0x9e, 0x9c, 0x8d, 0x72, 0x76, 0x76, 0x7e, 0x8a, 0x9d, 0xa3,
    0x9c, 0x90, 0x91, 0x82, 0x66, 0x6b, 0x78, 0x90, 0x9b, 0xa0, 0xa5, 0xaa, 0x95, 0x8b, 0x71, 0x53,
    0x5b, 0x74, 0x9c, 0xae, 0xaa, 0xa3, 0xa5, 0x9b, 0x8b, 0x6a, 0x51, 0x56, 0x73, 0x98, 0xb1, 0xb0,
    0xa5, 0x9f, 0x9b, 0x91, 0x66, 0x51, 0x5d, 0x78, 0x94, 0xa6, 0xad, 0xa8, 0xa6, 0xa5, 0x98, 0x6e,
    0x43, 0x48, 0x6d, 0x8f, 0xad, 0xb6, 0xb8, 0xb4, 0xa6, 0x93, 0x68, 0x3b, 0x40, 0x6d, 0x9d, 0xbd,
    0xb1, 0x9b, 0x9f, 0xae, 0xaa, 0x7a, 0x3c, 0x3c, 0x68, 0x95, 0xb9, 0xb6, 0x9a, 0x8d, 0x9f, 0xb9,
    0x92, 0x46, 0x35, 0x5e, 0x8e, 0xb7, 0xc2, 0xac, 0x90, 0x80, 0x96, 0x93, 0x5e, 0x46, 0x67, 0x8f,
    0xb2, 0xbb, 0xaf, 0x9b, 0x7c, 0x76, 0x7c, 0x70, 0x64, 0x7b, 0x99, 0xa9, 0xa3, 0x99, 0x97, 0x84,
    0x74, 0x73, 0x77, 0x84, 0x95, 0x9e, 0x99, 0x88, 0x84, 0x8d, 0x91, 0x8e, 0x7f, 0x6d, 0x74, 0x8e,
    0xa0, 0xa8, 0x9d, 0x85, 0x7f, 0x7c, 0x7b, 0x89, 0x7e, 0x79, 0x8f, 0xa1, 0xad, 0xa4, 0x78, 0x67,
    0x76, 0x82, 0x91, 0x8d, 0x87, 0x97, 0xa5, 0x9e, 0x8a, 0x69, 0x64, 0x7c, 0x8b, 0x94, 0x9c, 0x9b,
    0x99, 0x99, 0x8e, 0x7a, 0x66, 0x6e, 0x82, 0x90, 0x94, 0x9e, 0xa5, 0xa0, 0x94, 0x88, 0x6f, 0x5c,
    0x69, 0x82, 0x9a, 0x9f, 0xa2, 0xa5, 0xa0, 0x99, 0x91, 0x70, 0x50, 0x52, 0x77, 0x9b, 0xad, 0xa9,
    0xa3, 0xa8, 0xa8, 0x97, 0x61, 0x47, 0x51, 0x78, 0x9e, 0xa7, 0xa7, 0xa6, 0xb5, 0xb5, 0x95, 0x4e,
    0x32, 0x51, 0x82, 0xa6, 0xa3, 0xa0, 0xaa, 0xc8, 0xc0, 0x8c, 0x40, 0x25, 0x50, 0x86, 0xb2, 0xb1,
    0x9f, 0xa9, 0xcc, 0xc3, 0x82, 0x2b, 0x18, 0x56, 0x95, 0xbe, 0xc5, 0xa3, 0x94, 0xbc, 0xc4, 0x7d,
    0x20, 0x1f, 0x64, 0x9f, 0xb9, 0xc0, 0xa3, 0x8c, 0xb3, 0xc3, 0x80, 0x32, 0x31, 0x6c, 0x9d, 0xa8,
    0xaf, 0x9b, 0x83, 0xad, 0xd0, 0x8c, 0x3f, 0x3a, 0x68, 0x97, 0xa0, 0xae, 0xa5, 0x86, 0x98, 0xbe,
    0x93, 0x4e, 0x3e, 0x6f, 0xa4, 0xa7, 0x9f, 0x8f, 0x82, 0x9b, 0xbf, 0xa0, 0x60, 0x44, 0x66, 0x92,
    0x9d, 0x9f, 0x8d, 0x83, 0x9f, 0xbf, 0xab, 0x6e, 0x41, 0x58, 0x8e, 0xa1, 0x9c, 0x8a, 0x87, 0x9b,
    0xa9, 0xa3, 0x87, 0x65, 0x5d, 0x7c, 0x94, 0x9a, 0x91, 0x84, 0x93, 0xa5, 0xa9, 0x97, 0x73, 0x56,
    0x6b, 0x89, 0x9c, 0x97, 0x8e, 0x9f, 0xaf, 0xaf, 0x90, 0x57, 0x3e, 0x61, 0x87, 0xa8, 0xad, 0xa3,
    0xa8, 0xaf, 0xa0, 0x79, 0x3f, 0x3e, 0x73, 0x9b, 0xac, 0xad, 0xaa, 0xab, 0xa6, 0x8d, 0x65, 0x3a,
    0x4b, 0x7e, 0xae, 0xb9, 0xb8, 0xa9, 0x9b, 0x93, 0x80, 0x52, 0x38, 0x5c, 0x93, 0xc0, 0xc6, 0xb4,
    0x8c, 0x88, 0x99, 0x80, 0x47, 0x3e, 0x6f, 0xad, 0xc5, 0xb6, 0xa0, 0x83, 0x89, 0x9e, 0x7c, 0x43,
    0x4b, 0x7f, 0xbb, 0xc0, 0x9b, 0x8c, 0x93, 0xa1, 0xa1, 0x6e, 0x39, 0x4c, 0x88, 0xc6, 0xc8, 0x94,
    0x72, 0x81, 0xab, 0xb1, 0x7c, 0x3d, 0x42, 0x81, 0xbf, 0xc8, 0xa2, 0x7d, 0x80, 0xa8, 0xa9, 0x6d,
    0x36, 0x48, 0x87, 0xbf, 0xd2, 0xb1, 0x77, 0x6a, 0xa2, 0xb1, 0x67, 0x2a, 0x4a, 0xa0, 0xce, 0xcc,
    0xb0, 0x7a, 0x64, 0x90, 0xab, 0x6e, 0x2e, 0x55, 0xac, 0xc7, 0xb7, 0xaa, 0x8a, 0x6c, 0x85, 0xac,
    0x79, 0x39, 0x51, 0x99, 0xbf, 0xb2, 0xa8, 0x8c, 0x76, 0x97, 0xaf, 0x75, 0x34, 0x47, 0x93, 0xba,
    0xb1, 0xac, 0x93, 0x79, 0x93, 0xad, 0x79, 0x33, 0x3e, 0x97, 0xbc, 0xb7, 0xb9, 0x94, 0x74, 0x8a,
    0xa0, 0x7a, 0x38, 0x3d, 0x96, 0xbb, 0xc9, 0xc2, 0x8f, 0x6c, 0x7f, 0x9a, 0x7f, 0x46, 0x4c, 0x91,
    0xaf, 0xb9, 0xad, 0x98, 0x81, 0x89, 0x98, 0x80, 0x4b, 0x50, 0x8b, 0xa7, 0xb3, 0xa8, 0x99, 0x84,
    0x88, 0x9a, 0x87, 0x51, 0x50, 0x84, 0xa8, 0xb0, 0xa0, 0x98, 0x8b, 0x95, 0x9b, 0x89, 0x52, 0x4b,
    0x7b, 0xa3, 0xb2, 0xa8, 0x9e, 0x8b, 0x8e, 0x9c, 0x91, 0x4c, 0x42, 0x77, 0xa2, 0xb2, 0xa7, 0xa2,
    0x94, 0x90, 0x9c, 0x93, 0x4d, 0x3f, 0x6b, 0x9b, 0xb8, 0xb0, 0xa0, 0x8e, 0x90, 0x9f, 0x97, 0x55,
    0x41, 0x68, 0x9b, 0xb1, 0xa7, 0x9e, 0x8f, 0x8f, 0x9f, 0x99, 0x5d, 0x46, 0x6b, 0x9b, 0xae, 0xa7,
    0x97, 0x8b, 0x94, 0xa2, 0x94, 0x58, 0x3f, 0x70, 0xa5, 0xb4, 0xa7, 0x9a, 0x8f, 0x8e, 0x96, 0x8e,
    0x58, 0x3e, 0x75, 0xa5, 0xb4, 0xaf, 0x9c, 0x8b, 0x92, 0x9a, 0x86, 0x50, 0x3f, 0x76, 0xa2, 0xb6,
    0xb5, 0x98, 0x87, 0x9a, 0xa5, 0x83, 0x40, 0x34, 0x78, 0xa9, 0xbd, 0xb6, 0x9c, 0x8c, 0x92, 0x9b,
    0x80, 0x41, 0x39, 0x83, 0xaf, 0xb7, 0xb3, 0x9c, 0x88, 0x8e, 0x9e, 0x7f, 0x3e, 0x44, 0x8c, 0xb3,
    0xb5, 0xab, 0x93, 0x7d, 0x91, 0xa7, 0x82, 0x45, 0x48, 0x8e, 0xaf, 0xac, 0xa9, 0x94, 0x7b, 0x90,
    0xa4, 0x83, 0x4a, 0x51, 0x8e, 0xa9, 0xa6, 0xa2, 0x96, 0x88, 0x9c, 0x9d, 0x75, 0x3d, 0x4b, 0x96,
    0xb5, 0xb0, 0xa9, 0x95, 0x85, 0x9d, 0x9d, 0x6e, 0x2f, 0x4d, 0x98, 0xb5, 0xb4, 0xa4, 0x98, 0x91,
    0xa3, 0x96, 0x5d, 0x22, 0x52, 0xa3, 0xc4, 0xbc, 0x9e, 0x8f, 0x99, 0xb2, 0x93, 0x41, 0x11, 0x59,
    0xac, 0xd1, 0xc1, 0xa3, 0x8b, 0x90, 0xaf, 0x90, 0x39, 0x0f, 0x62, 0xb7, 0xd2, 0xb9, 0xa0, 0x8d,
    0x98, 0xb0, 0x89, 0x33, 0x15, 0x62, 0xb4, 0xd7, 0xbe, 0xa0, 0x7f, 0x95, 0xae, 0x87, 0x3c, 0x20,
    0x63, 0xb3, 0xd8, 0xc0, 0x99, 0x79, 0x97, 0xad, 0x88, 0x39, 0x21, 0x62, 0xb2, 0xd6, 0xc4, 0x9f,
    0x7d, 0x94, 0xa5, 0x8a, 0x3f, 0x1a, 0x5d, 0xb7, 0xd4, 0xc4, 0xa0, 0x89, 0x9b, 0xa4, 0x82, 0x37,
    0x1d, 0x5c, 0xb4, 0xd8, 0xc9, 0xa0, 0x8a, 0xa0, 0xab, 0x7b, 0x28, 0x15, 0x68, 0xbe, 0xd6, 0xcc,
    0xa6, 0x87, 0x97, 0xa4, 0x6f, 0x27, 0x21, 0x71, 0xc3, 0xdb, 0xcd, 0xa0, 0x7f, 0x95, 0xa0, 0x66,
    0x24, 0x2d, 0x7f, 0xc5, 0xe4, 0xd3, 0x95, 0x6f, 0x8d, 0x9d, 0x68, 0x2a, 0x34, 0x86, 0xca, 0xe6,
    0xcb, 0x8e, 0x6f, 0x8a, 0x97, 0x6d, 0x2f, 0x3d, 0x8c, 0xcb, 0xe0, 0xb5, 0x84, 0x7e, 0x9c, 0x9a,
    0x63, 0x27, 0x43, 0x8f, 0xcd, 0xdc, 0xaf, 0x80, 0x84, 0xa6, 0x9e, 0x5d, 0x1f, 0x47, 0x90, 0xcf,
    0xd7, 0xac, 0x8a, 0x90, 0xa5, 0x90, 0x49, 0x23, 0x50, 0x93, 0xd9, 0xde, 0xac, 0x7d, 0x92, 0xad,
    0x8a, 0x35, 0x1b, 0x57, 0xa0, 0xe1, 0xde, 0xa5, 0x7b, 0x9f, 0xb6, 0x79, 0x1d, 0x1f, 0x61, 0xaa,
    0xe5, 0xe4, 0xa1, 0x6f, 0x9f, 0xb9, 0x71, 0x1a, 0x27, 0x6d, 0xb0, 0xdd, 0xdf, 0x9e, 0x76, 0xa4,
    0xae, 0x59, 0x1a, 0x37, 0x7c, 0xbb, 0xe1, 0xdc, 0x90, 0x69, 0x9f, 0xae, 0x5d, 0x20, 0x3a, 0x84,
    0xc0, 0xde, 0xd4, 0x8d, 0x66, 0x91, 0xab, 0x6c, 0x33, 0x3f, 0x7f, 0xbb, 0xda, 0xc7, 0x85, 0x6c,
    0x9d, 0xb2, 0x6f, 0x30, 0x42, 0x80, 0xb0, 0xce, 0xbd, 0x8b, 0x7d, 0xaa, 0xb3, 0x6a, 0x2c, 0x3d,
    0x74, 0xad, 0xd3, 0xc3, 0x8f, 0x87, 0xb5, 0xb1, 0x59, 0x17, 0x3a, 0x74, 0xaf, 0xe5, 0xd8, 0x96,
    0x7d, 0xa7, 0xa6, 0x4f, 0x15, 0x43, 0x81, 0xb7, 0xe8, 0xd9, 0x90, 0x74, 0x9f, 0xa1, 0x4d, 0x17,
    0x4b, 0x8a, 0xbf, 0xeb, 0xd2, 0x8a, 0x6a, 0x94, 0x9c, 0x5a, 0x2a, 0x4e, 0x87, 0xbf, 0xe7, 0xc9,
    0x81, 0x68, 0x96, 0xa3, 0x69, 0x31, 0x4a, 0x80, 0xb9, 0xe0, 0xbe, 0x82, 0x74, 0xa0, 0xa7, 0x6f,
    0x30, 0x3f, 0x78, 0xb7, 0xde, 0xbb, 0x85, 0x86, 0xaf, 0xa4, 0x5d, 0x23, 0x43, 0x7c, 0xbb, 0xd9,
    0xbc, 0x91, 0x8d, 0xaa, 0x9c, 0x54, 0x1d, 0x43, 0x84, 0xc3, 0xd8, 0xbd, 0x95, 0x9c, 0xa7, 0x82,
    0x3b, 0x1f, 0x56, 0x93, 0xcc, 0xd9, 0xba, 0x8d, 0x92, 0xa0, 0x80, 0x35, 0x23, 0x5f, 0xa2, 0xd8,
    0xd7, 0xab, 0x89, 0x9b, 0x9a, 0x6d, 0x2c, 0x2b, 0x6c, 0xb1, 0xe5, 0xd8, 0x9c, 0x7e, 0x96, 0x94,
    0x5f, 0x30, 0x43, 0x7a, 0xb7, 0xdf, 0xcc, 0x91, 0x81, 0x9f, 0x8e, 0x47, 0x2c, 0x59, 0x93, 0xc2,
    0xd7, 0xbb, 0x82, 0x80, 0xa4, 0x8a, 0x3a, 0x32, 0x6e, 0xa4, 0xc4, 0xcc, 0xaf, 0x71, 0x77, 0xac,
    0x9c, 0x48, 0x33, 0x6b, 0xa3, 0xbd, 0xc1, 0xa8, 0x75, 0x7e, 0xaf, 0x9e, 0x4e, 0x33, 0x6a, 0x9f,
    0xb5, 0xb9, 0xa3, 0x7a, 0x93, 0xbb, 0x96, 0x46, 0x31, 0x68, 0x99, 0xb0, 0xb9, 0xab, 0x86, 0x9b,
    0xba, 0x88, 0x36, 0x2f, 0x6d, 0x9d, 0xb6, 0xbd, 0xaa, 0x85, 0x9c, 0xb8, 0x83, 0x33, 0x2f, 0x6a,
    0x9c, 0xbb, 0xca, 0xb3, 0x84, 0x8f, 0xab, 0x81, 0x33, 0x31, 0x6d, 0xa3, 0xc7, 0xd0, 0xab, 0x7b,
    0x83, 0xa4, 0x88, 0x3b, 0x34, 0x6e, 0xa6, 0xcc, 0xcf, 0xa6, 0x79, 0x7a, 0x98, 0x90, 0x4d, 0x3e,
    0x69, 0x9d, 0xc7, 0xca, 0xa1, 0x7b, 0x86, 0x9e, 0x89, 0x4b, 0x3e, 0x69, 0xa1, 0xc9, 0xcb, 0x9e,
    0x73, 0x88, 0xa4, 0x8b, 0x4b, 0x3f, 0x67, 0x9d, 0xcc, 0xce, 0x9a, 0x6f, 0x8d, 0xa9, 0x86, 0x42,
    0x3d, 0x6f, 0xa4, 0xcc, 0xc7, 0x97, 0x72, 0x8f, 0xa8, 0x7e, 0x3f, 0x46, 0x73, 0xa5, 0xcd, 0xc4,
    0x96, 0x6d, 0x8a, 0xa9, 0x84, 0x43, 0x46, 0x75, 0xa4, 0xc8, 0xc0, 0x93, 0x74, 0x8d, 0xa6, 0x8a,
    0x40, 0x3d, 0x73, 0xa7, 0xcc, 0xc1, 0x93, 0x77, 0x8c, 0xa4, 0x8c, 0x3d, 0x39, 0x71, 0xac, 0xcf,
    0xbd, 0x93, 0x82, 0x9a, 0xa2, 0x79, 0x2b, 0x37, 0x7d, 0xba, 0xd2, 0xbe, 0x90, 0x81, 0x9d, 0x9a,
    0x69, 0x27, 0x43, 0x8a, 0xbd, 0xcf, 0xbe, 0x91, 0x82, 0x9b, 0x94, 0x58, 0x20, 0x52, 0x98, 0xc5,
    0xd3, 0xb8, 0x82, 0x78, 0x97, 0x98, 0x5b, 0x28, 0x5a, 0xa1, 0xc8, 0xca, 0xaf, 0x7e, 0x73, 0x91,
    0x9d, 0x6b, 0x37, 0x59, 0x94, 0xbf, 0xc8, 0xa7, 0x83, 0x82, 0x93, 0x95, 0x6c, 0x3d, 0x5b, 0x93,
    0xb3, 0xbd, 0xa7, 0x8c, 0x90, 0x9e, 0x8c, 0x62, 0x3c, 0x57, 0x8f, 0xb3, 0xc1, 0xaf, 0x90, 0x8f,
    0xa1, 0x8c, 0x5a, 0x2f, 0x58, 0x96, 0xb5, 0xc5, 0xb3, 0x8e, 0x92, 0xa5, 0x89, 0x50, 0x26, 0x58,
    0x97, 0xbb, 0xd0, 0xba, 0x8d, 0x89, 0x9d, 0x8c, 0x4a, 0x25, 0x61, 0x98, 0xbd, 0xd2, 0xba, 0x8d,
    0x84, 0x94, 0x8e, 0x50, 0x29, 0x5f, 0x95, 0xc1, 0xd1, 0xb9, 0x90, 0x87, 0x8e, 0x88, 0x52, 0x2d,
    0x5d, 0x96, 0xc8, 0xd1, 0xb4, 0x8e, 0x8d, 0x93, 0x81, 0x48, 0x2b, 0x5d, 0x9e, 0xd3, 0xd3, 0xaf,
    0x84, 0x8d, 0x9d, 0x7e, 0x3c, 0x25, 0x64, 0xae, 0xd7, 0xd3, 0xb0, 0x7a, 0x7e, 0x99, 0x82, 0x44,
    0x2c, 0x6b, 0xb3, 0xcf, 0xcc, 0xac, 0x76, 0x78, 0x97, 0x8c, 0x50, 0x31, 0x6c, 0xb0, 0xc6, 0xc7,
    0xa3, 0x79, 0x7d, 0x96, 0x93, 0x59, 0x33, 0x66, 0xa7, 0xc3, 0xc4, 0xa1, 0x85, 0x86, 0x97, 0x93,
    0x57, 0x2c, 0x5e, 0xa4, 0xc8, 0xc8, 0xa3, 0x8b, 0x89, 0x8f, 0x8d, 0x5b, 0x2a, 0x57, 0xa9, 0xce,
    0xc6, 0xa8, 0x90, 0x85, 0x82, 0x84, 0x64, 0x34, 0x57, 0xa8, 0xd0, 0xc9, 0xa5, 0x8a, 0x7d, 0x7d,
    0x87, 0x6f, 0x3d, 0x59, 0xaa, 0xcb, 0xc5, 0xa3, 0x85, 0x78, 0x78, 0x86, 0x81, 0x4f, 0x5c, 0xa1,
    0xba, 0xb8, 0x9c, 0x8e, 0x87, 0x80, 0x87, 0x7d, 0x4d, 0x5b, 0x9b, 0xb3, 0xb6, 0xa2, 0x97, 0x8a,
    0x7d, 0x81, 0x7d, 0x53, 0x58, 0x98, 0xb9, 0xb6, 0x9f, 0x95, 0x83, 0x7e, 0x88, 0x80, 0x56, 0x50,
    0x94, 0xbd, 0xbb, 0xa9, 0x97, 0x79, 0x6c, 0x83, 0x8d, 0x62, 0x56, 0x98, 0xb6, 0xac, 0xa1, 0x95,
    0x83, 0x74, 0x87, 0x8e, 0x5e, 0x53, 0x95, 0xb3, 0xac, 0xa4, 0x99, 0x85, 0x70, 0x86, 0x91, 0x63,
    0x51, 0x8a, 0xb3, 0xae, 0x9f, 0x9b, 0x91, 0x77, 0x7c, 0x8b, 0x69, 0x51, 0x85, 0xaf, 0xb0, 0xa8,
    0x9d, 0x8b, 0x75, 0x7b, 0x8b, 0x6f, 0x50, 0x84, 0xae, 0xad, 0xa8, 0xa1, 0x8c, 0x79, 0x7a, 0x84,
    0x69, 0x51, 0x89, 0xb0, 0xb0, 0xad, 0xa3, 0x84, 0x6b, 0x76, 0x8b, 0x6b, 0x52, 0x8e, 0xb7, 0xb5,
    0xaa, 0x9f, 0x7c, 0x5e, 0x70, 0x95, 0x80, 0x5e, 0x88, 0xaf, 0xaf, 0xa9, 0x9e, 0x80, 0x5b, 0x65,
    0x91, 0x90, 0x73, 0x88, 0xa0, 0xa2, 0xa4, 0x98, 0x8a, 0x6b, 0x5d, 0x7a, 0x97, 0x95, 0x95, 0x99,
    0x97, 0x95, 0x8e, 0x7f, 0x72, 0x6c, 0x7e, 0x9c, 0xa9, 0x98, 0x89, 0x87, 0x86, 0x8b, 0x7d, 0x76,
    0x7f, 0x9a, 0xa6, 0x9e, 0x7b, 0x6f, 0x7c, 0x8d, 0xa3, 0x91, 0x7d, 0x7a, 0x91, 0x9f, 0x98, 0x75,
    0x6f, 0x7c, 0x91, 0xaa, 0x9a, 0x7c, 0x71, 0x85, 0x9f, 0xa4, 0x7a, 0x66, 0x74, 0x94, 0xaf, 0xa2,
    0x87, 0x75, 0x79, 0x8c, 0xa1, 0x84, 0x6d, 0x76, 0x94, 0xb0, 0x9c, 0x82, 0x7f, 0x84, 0x91, 0x94,
    0x6d, 0x65, 0x7c, 0xa8, 0xbd, 0xa0, 0x78, 0x75, 0x87, 0x92, 0x8c, 0x64, 0x6b, 0x87, 0xaf, 0xbb,
    0x9f, 0x73, 0x74, 0x8f, 0x91, 0x7f, 0x5f, 0x74, 0x8d, 0xae, 0xbb, 0xa5, 0x77, 0x71, 0x90, 0x8c,
    0x6d, 0x56, 0x7d, 0xa3, 0xb7, 0xb7, 0x9f, 0x75, 0x66, 0x7c, 0x8a, 0x7d, 0x64, 0x83, 0xaa, 0xb6,
    0xb2, 0x98, 0x6f, 0x5d, 0x67, 0x81, 0x93, 0x8a, 0x92, 0xa4, 0xab, 0x9f, 0x88, 0x6a, 0x62, 0x68,
    0x81, 0xa7, 0xae, 0xa2, 0x8d, 0x84, 0x83, 0x81, 0x7b, 0x79, 0x77, 0x89, 0xa6, 0xab, 0x9f, 0x85,
    0x78, 0x7b, 0x7d, 0x84, 0x82, 0x79, 0x95, 0xb3, 0xb3, 0x94, 0x65, 0x63, 0x78, 0x8e, 0x99, 0x92,
    0x7d, 0x86, 0xa6, 0xb1, 0x90, 0x5a, 0x63, 0x86, 0xa4, 0xa2, 0x8b, 0x77, 0x7a, 0x95, 0xae, 0x91,
    0x61, 0x6b, 0x8a, 0xa7, 0xa9, 0x94, 0x81, 0x7d, 0x88, 0x96, 0x76, 0x5f, 0x74, 0xa2, 0xb8, 0xae,
    0x92, 0x79, 0x74, 0x85, 0x92, 0x6d, 0x61, 0x80, 0xb0, 0xb8, 0xa5, 0x87, 0x7b, 0x7f, 0x8d, 0x88,
    0x63, 0x5e, 0x81, 0xb8, 0xc6, 0xae, 0x79, 0x6d, 0x86, 0x94, 0x76, 0x5a, 0x6f, 0x97, 0xb9, 0xb8,
    0xa3, 0x75, 0x73, 0x94, 0x8c, 0x5d, 0x59, 0x86, 0xb0, 0xb8, 0xab, 0x95, 0x6a, 0x73, 0x97, 0x8b,
    0x63, 0x5b, 0x8e, 0xbb, 0xb6, 0xa4, 0x87, 0x61, 0x6d, 0xa6, 0x9f, 0x69, 0x55, 0x83, 0xad, 0xad,
    0xae, 0x96, 0x6a, 0x5e, 0x97, 0xb2, 0x7f, 0x56, 0x76, 0xa2, 0xa3, 0xa0, 0x9a, 0x7e, 0x67, 0x7f,
    0xa3, 0x93, 0x76, 0x77, 0x8a, 0x9e, 0x9b, 0x97, 0x8d, 0x78, 0x6f, 0x7c, 0x8b, 0x95, 0x9e, 0x97,
    0x89, 0x89, 0x8f, 0x8c, 0x79, 0x69, 0x7a, 0x95, 0xa9, 0xab, 0x97, 0x7e, 0x80, 0x84, 0x80, 0x70,
    0x6c, 0x88, 0xad, 0xb9, 0xb2, 0x83, 0x5f, 0x77, 0x85, 0x86, 0x7d, 0x7f, 0x8f, 0xa8, 0xb3, 0xa9,
    0x71, 0x55, 0x70, 0x98, 0x9f, 0x88, 0x84, 0x88, 0x93, 0xa9, 0xa5, 0x69, 0x56, 0x76, 0xa4, 0xad,
    0x96, 0x85, 0x7d, 0x82, 0xa1, 0xa0, 0x6a, 0x5f, 0x81, 0xab, 0xaa, 0x8c, 0x7a, 0x75, 0x85, 0xae,
    0xb0, 0x7f, 0x5e, 0x6a, 0x8d, 0x9b, 0x93, 0x8c, 0x86, 0x8e, 0xae, 0xb9, 0x88, 0x53, 0x54, 0x79,
    0x96, 0x93, 0x90, 0x98, 0xa1, 0xb4, 0xba, 0x82, 0x47, 0x3f, 0x62, 0x91, 0xab, 0xb0, 0xaa, 0xa2,
    0xab, 0xa9, 0x65, 0x31, 0x41, 0x76, 0xb4, 0xcb, 0xaf, 0x92, 0x88, 0x9c, 0xa5, 0x5f, 0x34, 0x4d,
    0x88, 0xc8, 0xd4, 0xb1, 0x85, 0x6c, 0x88, 0x9a, 0x64, 0x48, 0x65, 0x97, 0xc8, 0xd0, 0xa7, 0x6c,
    0x4f, 0x82, 0xaf, 0x84, 0x56, 0x6a, 0x9b, 0xbc, 0xb8, 0x9c, 0x70, 0x4c, 0x75, 0xaf, 0xac, 0x7c,
    0x65, 0x81, 0xa6, 0xb4, 0x95, 0x6e, 0x5f, 0x76, 0xa5, 0xb5, 0x8f, 0x72, 0x79, 0x94, 0xa2, 0x88,
    0x66, 0x63, 0x88, 0xb2, 0xba, 0xa1, 0x86, 0x71, 0x83, 0x8c, 0x79, 0x61, 0x58, 0x8b, 0xd0, 0xdd,
    0xb4, 0x6d, 0x43, 0x64, 0x86, 0x8e, 0x8b, 0x7e, 0x85, 0xb8, 0xd1, 0xa8, 0x57, 0x3e, 0x63, 0x86,
    0xa1, 0xa3, 0x95, 0x95, 0xac, 0xb6, 0x97, 0x44, 0x32, 0x62, 0x97, 0xb6, 0xbb, 0x9f, 0x8c, 0x99,
    0xa0, 0x80, 0x41, 0x42, 0x73, 0xb4, 0xc2, 0xb5, 0x9c, 0x8c, 0x87, 0x94, 0x6c, 0x31, 0x4a, 0x88,
    0xcb, 0xd6, 0xc2, 0x90, 0x76, 0x74, 0x84, 0x6c, 0x41, 0x63, 0xa2, 0xc9, 0xc2, 0xab, 0x7e, 0x6e,
    0x82, 0x8a, 0x77, 0x5e, 0x72, 0x9a, 0xaf, 0xb3, 0x9b, 0x7a, 0x7b, 0x95, 0x98, 0x6d, 0x4c, 0x6b,
    0xa2, 0xbd, 0xb5, 0x94, 0x73, 0x78, 0x96, 0xaa, 0x77, 0x49, 0x62, 0x96, 0xbb, 0xac, 0x91, 0x83,
    0x89, 0x9a, 0x9c, 0x62, 0x43, 0x70, 0x9f, 0xbc, 0xb4, 0x96, 0x7a, 0x79, 0x91, 0x9d, 0x6e, 0x4f,
    0x6e, 0x9e, 0xbc, 0xb5, 0x93, 0x79, 0x77, 0x89, 0x9e, 0x7f, 0x55, 0x63, 0x96, 0xb6, 0xbb, 0x9f,
    0x71, 0x5e, 0x83, 0xb3, 0x92, 0x5a, 0x6b, 0x99, 0xaa, 0xa6, 0x9c, 0x79, 0x59, 0x78, 0xb2, 0xa6,
    0x6c, 0x66, 0x89, 0xa4, 0xa3, 0x9b, 0x91, 0x67, 0x5b, 0x8f, 0xaf, 0x94, 0x71, 0x75, 0x96, 0xad,
    0x9b, 0x8d, 0x78, 0x5a, 0x6f, 0x9e, 0xae, 0x9a, 0x8a, 0x8c, 0x93, 0x87, 0x78, 0x6f, 0x69, 0x80,
    0xa2, 0xb9, 0xb4, 0x90, 0x73, 0x7d, 0x80, 0x72, 0x6e, 0x76, 0x8b, 0xa8, 0xcc, 0xb9, 0x7e, 0x55,
    0x62, 0x81, 0x8a, 0x81, 0x86, 0x9b, 0xab, 0xba, 0xa6, 0x76, 0x40, 0x4e, 0x8a, 0xb2, 0xa1, 0x8e,
    0x86, 0x8f, 0xaa, 0xa9, 0x7a, 0x4c, 0x61, 0x89, 0xad, 0xa5, 0x8c, 0x80, 0x85, 0x96, 0xac, 0x92,
    0x5c, 0x55, 0x7b, 0xac, 0xb1, 0x99, 0x83, 0x78, 0x82, 0xaa, 0x98, 0x64, 0x5e, 0x7f, 0xa0, 0xa9,
    0x99, 0x82, 0x7b, 0x8d, 0xaf, 0x9f, 0x66, 0x57, 0x77, 0x98, 0x9c, 0x96, 0x8b, 0x90, 0xa1, 0xa9,
    0x97, 0x5e, 0x4b, 0x6c, 0x96, 0xa7, 0x9f, 0x81, 0x94, 0xb4, 0xb5, 0x85, 0x46, 0x47, 0x71, 0xa5,
    0xbc, 0xad, 0x80, 0x80, 0x9b, 0xac, 0x7c, 0x49, 0x5b, 0x86, 0xb2, 0xbb, 0x98, 0x6c, 0x7a, 0xaa,
    0xb5, 0x75, 0x43, 0x61, 0x8f, 0xb3, 0xb9, 0x9e, 0x6e, 0x6d, 0xa2, 0xb7, 0x7a, 0x3b, 0x5d, 0x9e,
    0xc0, 0xb6, 0x98, 0x6c, 0x60, 0x8c, 0xb1, 0x8e, 0x52, 0x61, 0x97, 0xbc, 0xba, 0x94, 0x67, 0x5b,
    0x7e, 0xac, 0xa6, 0x76, 0x65, 0x89, 0xb2, 0xb1, 0x94, 0x67, 0x51, 0x6f, 0x9d, 0xb0, 0x9b, 0x7b,
    0x86, 0xa8, 0xa9, 0x88, 0x65, 0x52, 0x67, 0x9a, 0xad, 0xae, 0x9d, 0x96, 0x9c, 0x92, 0x6f, 0x56,
    0x57, 0x71, 0xa3, 0xb7, 0xbc, 0xab, 0x9e, 0x84, 0x64, 0x5d, 0x5d, 0x71, 0x85, 0xad, 0xc3, 0xbe,
    0xa7, 0x8c, 0x65, 0x4b, 0x56, 0x79, 0x94, 0x99, 0xb6, 0xb7, 0xae, 0x91, 0x76, 0x5a, 0x52, 0x6e,
    0x94, 0xaa, 0x9d, 0xa1, 0x9d, 0x99, 0x8a, 0x7b, 0x6c, 0x6a, 0x77, 0x94, 0xaa, 0xa0, 0x87, 0x7a,
    0x8c, 0x99, 0x97, 0x85, 0x77, 0x79, 0x8b, 0x92, 0x8b, 0x85, 0x7e, 0x86, 0x9e, 0xb5, 0xa6, 0x7d,
    0x63, 0x6b, 0x7f, 0x81, 0x7e, 0x90, 0xa5, 0xb6, 0xbd, 0xa2, 0x70, 0x4a, 0x4f, 0x75, 0x8e, 0x93,
    0xa2, 0xb0, 0xc0, 0xc1, 0x93, 0x4f, 0x31, 0x48, 0x85, 0xb2, 0xb1, 0x9d, 0x98, 0xb7, 0xcc, 0x8f,
    0x38, 0x23, 0x53, 0x98, 0xba, 0xb0, 0x94, 0x8f, 0xac, 0xc5, 0x95, 0x48, 0x35, 0x5a, 0x96, 0xb7,
    0xaf, 0x90, 0x76, 0x93, 0xc2, 0xad, 0x59, 0x36, 0x60, 0x98, 0xb8, 0xad, 0x8e, 0x77, 0x87, 0xb1,
    0xb3, 0x79, 0x42, 0x55, 0x8d, 0xa7, 0x9b, 0x90, 0x95, 0x96, 0x9a, 0x9f, 0x81, 0x58, 0x5c, 0x8d,
    0xae, 0x9c, 0x7e, 0x7a, 0x8f, 0x9c, 0xa7, 0xa2, 0x7d, 0x65, 0x78, 0x94, 0x8e, 0x74, 0x73, 0x89,
    0xa2, 0xa9, 0xaa, 0x9e, 0x89, 0x78, 0x72, 0x6d, 0x62, 0x70, 0x87, 0xa4, 0xc1, 0xcf, 0xb4, 0x84,
    0x4d, 0x4a, 0x58, 0x70, 0x8e, 0xa8, 0xc0, 0xba, 0xc3, 0xa5, 0x69, 0x2d, 0x3b, 0x6a, 0x9f, 0xb2,
    0xaf, 0xac, 0xa1, 0xa7, 0x9e, 0x73, 0x2f, 0x3b, 0x75, 0xba, 0xca, 0xb4, 0x92, 0x8a, 0x8c, 0x85,
    0x75, 0x4b, 0x5c, 0x90, 0xc2, 0xc1, 0x9b, 0x76, 0x72, 0x88, 0x9b, 0x8a, 0x5e, 0x60, 0x93, 0xb8,
    0xb3, 0x8a, 0x6f, 0x75, 0x88, 0xa3, 0x9b, 0x73, 0x67, 0x88, 0xa8, 0xa7, 0x81, 0x5d, 0x6e, 0x9f,
    0xc6, 0xba, 0x7b, 0x57, 0x5d, 0x7f, 0xa0, 0x93, 0x7e, 0x8e, 0xb0, 0xba, 0x9f, 0x65, 0x4b, 0x5d,
    0x8a, 0xae, 0xa2, 0x80, 0x7c, 0x9c, 0xbc, 0xb6, 0x70, 0x3e, 0x55, 0x89, 0xb0, 0xae, 0x88, 0x6d,
    0x84, 0xc0, 0xc1, 0x77, 0x41, 0x57, 0x8f, 0xb1, 0xad, 0x8c, 0x6a, 0x6b, 0xab, 0xcd, 0x9c, 0x59,
    0x4c, 0x7b, 0xa3, 0xac, 0x8b, 0x72, 0x74, 0xa3, 0xd3, 0xac, 0x58, 0x37, 0x6d, 0x9f, 0xaf, 0x9a,
    0x87, 0x76, 0x93, 0xca, 0xb0, 0x55, 0x2c, 0x6a, 0xab, 0xbb, 0xa0, 0x86, 0x6f, 0x8b, 0xc7, 0xaf,
    0x50, 0x2e, 0x6c, 0xb4, 0xcb, 0xa8, 0x77, 0x54, 0x7e, 0xcc, 0xbd, 0x64, 0x37, 0x67, 0xa9, 0xc0,
    0xa4, 0x79, 0x5a, 0x7f, 0xc7, 0xbd, 0x73, 0x3a, 0x69, 0x9f, 0xad, 0x9d, 0x7e, 0x6e, 0x8f, 0xc7,
    0xb6, 0x6b, 0x36, 0x63, 0x98, 0xb1, 0x9d, 0x89, 0x82, 0x97, 0xbb, 0xa4, 0x5c, 0x36, 0x69, 0x9d,
    0xb6, 0x9d, 0x88, 0x8f, 0xa6, 0xb6, 0x9a, 0x46, 0x32, 0x6d, 0xa5, 0xb9, 0xa5, 0x97, 0x8e, 0x9a,
    0xa4, 0x93, 0x46, 0x39, 0x73, 0xb1, 0xb9, 0x9d, 0x9c, 0x93, 0x94, 0x94, 0x84, 0x4d, 0x4b, 0x7b,
    0xb2, 0xb8, 0x9c, 0x8e, 0x90, 0x9e, 0x9d, 0x80, 0x3d, 0x42, 0x86, 0xc1, 0xc0, 0xa7, 0x97, 0x8a,
    0x86, 0x84, 0x77, 0x4c, 0x57, 0x8b, 0xbc, 0xbf, 0xa5, 0x89, 0x89, 0x92, 0x91, 0x75, 0x3d, 0x4f,
    0x8d, 0xc5, 0xcd, 0xb7, 0x8d, 0x6b, 0x6e, 0x87, 0x91, 0x6c, 0x61, 0x82, 0xaa, 0xb7, 0xa1, 0x87,
    0x7a, 0x84, 0x9d, 0x94, 0x64, 0x51, 0x79, 0xa9, 0xc2, 0xac, 0x84, 0x6b, 0x78, 0xa4, 0xa5, 0x71,
    0x4e, 0x73, 0x9f, 0xb6, 0xb3, 0x91, 0x6e, 0x69, 0x92, 0xac, 0x82, 0x55, 0x64, 0x92, 0xc3, 0xc1,
    0x93, 0x6f, 0x5e, 0x81, 0xaa, 0x92, 0x69, 0x6d, 0x8d, 0xb4, 0xb2, 0x90, 0x78, 0x61, 0x6c, 0xa3,
    0xb3, 0x85, 0x61, 0x75, 0xa5, 0xb1, 0x9b, 0x81, 0x6b, 0x73, 0x87, 0x95, 0x98, 0x84, 0x82, 0x99,
    0xa2, 0x9f, 0x87, 0x67, 0x68, 0x80, 0x96, 0xa4, 0x9d, 0x8f, 0x93, 0x95, 0x8c, 0x7f, 0x6a, 0x61,
    0x7d, 0x9f, 0xba, 0xb8, 0x9d, 0x7c, 0x70, 0x74, 0x72, 0x75, 0x73, 0x8b, 0xa6, 0xca, 0xc6, 0x95,
    0x5c, 0x4c, 0x69, 0x82, 0x8b, 0x80, 0x90, 0xa8, 0xd1, 0xc9, 0x8d, 0x46, 0x37, 0x5d, 0x8d, 0xa7,
    0x9d, 0x96, 0x93, 0xb6, 0xbf, 0x94, 0x47, 0x2c, 0x5e, 0xa3, 0xb8, 0xa3, 0x96, 0x89, 0x9b, 0xab,
    0x94, 0x56, 0x44, 0x6c, 0xa8, 0xb3, 0x99, 0x88, 0x88, 0x9d, 0xa6, 0x91, 0x5c, 0x4c, 0x72, 0xaa,
    0xaf, 0x8e, 0x7a, 0x89, 0xad, 0xb5, 0x95, 0x55, 0x44, 0x6c, 0xa4, 0xb1, 0x94, 0x78, 0x87, 0xb4,
    0xbf, 0x9b, 0x4c, 0x38, 0x69, 0xa6, 0xb4, 0x98, 0x7d, 0x84, 0xaa, 0xc2, 0xa8, 0x50, 0x31, 0x5f,
    0xa3, 0xb8, 0x9b, 0x80, 0x89, 0xa8, 0xb8, 0x9b, 0x4e, 0x41, 0x6d, 0xa2, 0xb7, 0x99, 0x73, 0x73,
    0xa1, 0xcf, 0xb3, 0x56, 0x34, 0x65, 0xa3, 0xbd, 0x9e, 0x73, 0x61, 0x8b, 0xca, 0xc4, 0x73, 0x3b,
    0x5d, 0x9a, 0xb4, 0x93, 0x7d, 0x6f, 0x7b, 0xaf, 0xcb, 0x98, 0x53, 0x53, 0x7d, 0xa6, 0x99, 0x84,
    0x73, 0x7e, 0xa1, 0xb9, 0xad, 0x6e, 0x55, 0x73, 0xa2, 0x99, 0x7e, 0x6f, 0x73, 0x98, 0xba, 0xbc,
    0x89, 0x69, 0x67, 0x8c, 0x95, 0x7c, 0x6e, 0x70, 0x98, 0xb5, 0xc0, 0x9a, 0x77, 0x63, 0x7b, 0x8d,
    0x7f, 0x6e, 0x69, 0x97, 0xc2, 0xd1, 0xa7, 0x71, 0x4b, 0x60, 0x81, 0x93, 0x87, 0x78, 0x9c, 0xaf,
    0xc1, 0xa7, 0x7b, 0x4d, 0x59, 0x7e, 0x93, 0x8a, 0x7d, 0x9a, 0xad, 0xcb, 0xac, 0x7a, 0x41, 0x44,
    0x75, 0x9a, 0xa2, 0x92, 0x9c, 0xa0, 0xb3, 0xa1, 0x7b, 0x4b, 0x51, 0x7d, 0x9b, 0xa3, 0x90, 0x8f,
    0x9b, 0xab, 0xa1, 0x84, 0x52, 0x50, 0x74, 0x92, 0xaa, 0x9f, 0x90, 0x8c, 0xa3, 0xaf, 0x97, 0x5b,
    0x44, 0x64, 0x86, 0xa1, 0x9f, 0x9d, 0x8c, 0x96, 0xb1, 0xad, 0x71, 0x45, 0x5a, 0x7a, 0x9a, 0xa0,
    0x98, 0x87, 0x88, 0xab, 0xb8, 0x86, 0x56, 0x5c, 0x72, 0x8d, 0x97, 0x98, 0x92, 0x84, 0x9f, 0xb3,
    0x92, 0x65, 0x5b, 0x73, 0x91, 0x95, 0x85, 0x87, 0x8c, 0xaf, 0xc0, 0x91, 0x5b, 0x49, 0x6b, 0xa2,
    0xac, 0x93, 0x7e, 0x6c, 0x92, 0xc4, 0xb8, 0x76, 0x42, 0x54, 0x93, 0xac, 0x9f, 0x86, 0x70, 0x89,
    0xae, 0xbb, 0x93, 0x62, 0x55, 0x79, 0x97, 0x90, 0x8a, 0x75, 0x88, 0xa6, 0xb7, 0xa3, 0x71, 0x60,
    0x7a, 0x8a, 0x87, 0x8a, 0x7b, 0x8d, 0x9c, 0x9e, 0x90, 0x7b, 0x79, 0x8b, 0xa0, 0x8a, 0x7d, 0x6b,
    0x7a, 0x9f, 0xa3, 0x8b, 0x6b, 0x70, 0x9e, 0xc0, 0xaf, 0x8c, 0x50, 0x4c, 0x82, 0xa2, 0x99, 0x7f,
    0x7c, 0x9d, 0xc5, 0xbc, 0x9f, 0x53, 0x32, 0x58, 0x90, 0xa5, 0x98, 0xa0, 0xa6, 0xbe, 0xaa, 0x88,
    0x55, 0x32, 0x55, 0x88, 0xa3, 0xa8, 0xaa, 0xb1, 0xb8, 0x9d, 0x7b, 0x4d, 0x3d, 0x5e, 0x8f, 0xa3,
    0xa6, 0xa7, 0xab, 0xb4, 0x9d, 0x7a, 0x4a, 0x3b, 0x61, 0x94, 0xa9, 0xa8, 0xa7, 0xac, 0xae, 0x9c,
    0x7c, 0x4b, 0x36, 0x5f, 0x96, 0xae, 0xa8, 0x92, 0x9a, 0xbd, 0xba, 0x99, 0x56, 0x20, 0x36, 0x7e,
    0xad, 0xb2, 0xb1, 0xb0, 0xba, 0xb3, 0x8c, 0x54, 0x2b, 0x32, 0x70, 0xba, 0xb9, 0xb0, 0xa5, 0xa8,
    0xc1, 0xa1, 0x69, 0x20, 0x21, 0x60, 0xb0, 0xcd, 0xbc, 0xad, 0xa4, 0xb0, 0xa1, 0x69, 0x21, 0x26,
    0x63, 0xb7, 0xd3, 0xba, 0x97, 0x8e, 0xad, 0xb2, 0x77, 0x29, 0x22, 0x5c, 0xb2, 0xd7, 0xc9, 0xa3,
    0x81, 0x88, 0x99, 0x87, 0x58, 0x45, 0x60, 0x9c, 0xc3, 0xbb, 0xa0, 0x86, 0x7a, 0x81, 0x87, 0x7b,
    0x71, 0x74, 0x93, 0xae, 0xa8, 0x8e, 0x79, 0x82, 0x8d, 0x8c, 0x73, 0x68, 0x7e, 0xa2, 0xba, 0xad,
    0x87, 0x68, 0x6c, 0x83, 0x92, 0x8c, 0x80, 0x84, 0x8b, 0x99, 0xa0, 0x93, 0x8a, 0x7c, 0x88, 0x84,
    0x7a, 0x78, 0x7f, 0x90, 0x9c, 0x9e, 0x99, 0x9a, 0x8c, 0x85, 0x75, 0x6f, 0x71, 0x79, 0x85, 0x9c,
    0xb4, 0xbf, 0xaa, 0x80, 0x60, 0x54, 0x5f, 0x77, 0x90, 0xa1, 0xaf, 0xaa, 0xb0, 0xa4, 0x84, 0x5d,
    0x4a, 0x58, 0x77, 0x97, 0xb1, 0xcb, 0xbb, 0x9d, 0x87, 0x6d, 0x4b, 0x41, 0x6a, 0x9a, 0xb1, 0xb3,
    0xb4, 0xab, 0x9b, 0x83, 0x6a, 0x52, 0x41, 0x63, 0xa2, 0xcb, 0xc4, 0xa9, 0x8f, 0x87, 0x7c, 0x72,
    0x6b, 0x5a, 0x67, 0x8b, 0xb8, 0xc0, 0xa7, 0x8b, 0x81, 0x87, 0x8a, 0x83, 0x67, 0x57, 0x6a, 0x9f,
    0xb9, 0xae, 0x94, 0x86, 0x94, 0xa4, 0x96, 0x68, 0x41, 0x4c, 0x8b, 0xc1, 0xc4, 0xa8, 0x8b, 0x81,
    0x8e, 0x8a, 0x76, 0x54, 0x59, 0x84, 0xaa, 0xbb, 0xb1, 0x91, 0x80, 0x94, 0x97, 0x7a, 0x49, 0x4c,
    0x84, 0xb9, 0xb8, 0xad, 0x90, 0x72, 0x8d, 0x9d, 0x88, 0x53, 0x4b, 0x85, 0xba, 0xb9, 0xa6, 0x8e,
    0x72, 0x73, 0x92, 0x98, 0x71, 0x56, 0x7a, 0xaf, 0xb8, 0xa8, 0x8c, 0x6b, 0x6b, 0x89, 0x9b, 0x84,
    0x73, 0x82, 0x9e, 0xa5, 0x99, 0x8b, 0x73, 0x73, 0x84, 0x90, 0x85, 0x76, 0x84, 0xa8, 0xb2, 0xa0,
    0x86, 0x76, 0x6e, 0x76, 0x7c, 0x7e, 0x8d, 0xa3, 0xb9, 0xb9, 0x96, 0x64, 0x55, 0x68, 0x89, 0x88,
    0x86, 0x94, 0xa7, 0xc6, 0xc5, 0x94, 0x68, 0x39, 0x3f, 0x72, 0x94, 0x99, 0xab, 0xbb, 0xc6, 0xce,
    0x96, 0x5c, 0x27, 0x29, 0x62, 0xa0, 0xb0, 0xbf, 0xbd, 0xc5, 0xc3, 0x98, 0x57, 0x24, 0x26, 0x58,
    0x9b, 0xab, 0xc2, 0xc4, 0xd9, 0xc8, 0x8a, 0x3b, 0x1d, 0x3a, 0x72, 0xa3, 0xb1, 0xc7, 0xc5, 0xca,
    0xaf, 0x7c, 0x3b, 0x27, 0x3e, 0x7b, 0xac, 0xb7, 0xc3, 0xb6, 0xb9, 0xb1, 0x89, 0x4c, 0x25, 0x38,
    0x77, 0xa7, 0xb4, 0xbc, 0xb1, 0xae, 0xb2, 0x9b, 0x69, 0x31, 0x33, 0x6e, 0xa3, 0xa6, 0xa5, 0xab,
    0xaf, 0xbc, 0xad, 0x77, 0x39, 0x2f, 0x5c, 0x96, 0xaf, 0xaa, 0xab, 0xb0, 0xc1, 0xbd, 0x84, 0x3a,
    0x16, 0x3f, 0x86, 0xb1, 0xb8, 0xb9, 0xb0, 0xbe, 0xc3, 0x93, 0x44, 0x14, 0x35, 0x84, 0xb8, 0xb0,
    0xa3, 0x94, 0xae, 0xcf, 0xb9, 0x60, 0x18, 0x2b, 0x74, 0xb5, 0xc2, 0xae, 0x7d, 0x87, 0xbe, 0xd1,
    0x8c, 0x2e, 0x19, 0x5a, 0xab, 0xd1, 0xca, 0x8d, 0x6c, 0x85, 0xa9, 0xa2, 0x75, 0x4d, 0x56, 0x83,
    0xaf, 0xc0, 0xa9, 0x85, 0x7a, 0x88, 0x8a, 0x77, 0x5f, 0x6e, 0x98, 0xb6, 0xae, 0x8e, 0x82, 0x88,
    0x89, 0x7d, 0x6b, 0x63, 0x7f, 0xac, 0xc4, 0xa7, 0x80, 0x69, 0x7e, 0x99, 0x87, 0x79, 0x6f, 0x79,
    0x95, 0xb8, 0xb7, 0x9c, 0x73, 0x6a, 0x87, 0x89, 0x84, 0x74, 0x67, 0x8b, 0xb1, 0xc2, 0xbc, 0x8d,
    0x71, 0x63, 0x5d, 0x6d, 0x7d, 0x83, 0x9a, 0xbe, 0xcc, 0xc8, 0x97, 0x5f, 0x3f, 0x46, 0x6e, 0x8c,
    0x98, 0x9c, 0xaf, 0xae, 0xc1, 0xa7, 0x76, 0x4b, 0x45, 0x6b, 0x86, 0x95, 0x9e, 0xb7, 0xac, 0xb2,
    0x9f, 0x7c, 0x47, 0x3e, 0x61, 0x91, 0xab, 0xa4, 0xb4, 0xab, 0xb5, 0x9f, 0x73, 0x3e, 0x2e, 0x58,
    0x9b, 0xbe, 0xbb, 0xbc, 0xb0, 0xa7, 0x90, 0x65, 0x3c, 0x3c, 0x62, 0xa4, 0xc3, 0xb3, 0xad, 0x9f,
    0xa2, 0x99, 0x7c, 0x49, 0x34, 0x53, 0x91, 0xcc, 0xcc, 0xc3, 0xa3, 0x8a, 0x84, 0x74, 0x5a, 0x4d,
    0x5a, 0x87, 0xb5, 0xb6, 0xad, 0xa5, 0x98, 0x95, 0x8b, 0x6e, 0x53, 0x53, 0x70, 0x9c, 0xb2, 0xbd,
    0xb2, 0x89, 0x85, 0x7e, 0x70, 0x70, 0x71, 0x87, 0xa1, 0x96, 0x85, 0x93, 0x98, 0x90, 0x9d, 0x9b,
    0x74, 0x5b, 0x61, 0x92, 0xa8, 0x9d, 0x96, 0x7f, 0x7c, 0x9b, 0xa3, 0x95, 0x77, 0x5e, 0x7e, 0x8f,
    0x90, 0x95, 0x8b, 0x7c, 0x89, 0xa3, 0xa7, 0x95, 0x6e, 0x65, 0x74, 0x8b, 0x97, 0x9a, 0x97, 0x8c,
    0x88, 0x8c, 0x8d, 0x84, 0x7f, 0x81, 0x88, 0x8f, 0x8d, 0x90, 0x91, 0x85, 0x80, 0x7c, 0x80, 0x96,
    0xac, 0xa8, 0x94, 0x7e, 0x6b, 0x7d, 0x82, 0x74, 0x7c, 0x8f, 0x9d, 0xa9, 0xc1, 0xb8, 0x9c, 0x5f,
    0x41, 0x61, 0x73, 0x7d, 0x87, 0xab, 0xc4, 0xc5, 0xc6, 0xa9, 0x77, 0x3a, 0x20, 0x44, 0x7f, 0xab,
    0xb4, 0xd5, 0xd4, 0xcd, 0xaf, 0x6e, 0x28, 0x0e, 0x35, 0x71, 0xbc, 0xd2, 0xe4, 0xcf, 0xc4, 0x95,
    0x6a, 0x33, 0x13, 0x37, 0x6f, 0xaf, 0xdf, 0xff, 0xd7, 0xb5, 0x8a, 0x5f, 0x1f, 0x12, 0x34, 0x8d,
    0xcc, 0xdf, 0xeb, 0xd2, 0xb3, 0x80, 0x4f, 0x1b, 0x1a, 0x3a, 0x90, 0xd2, 0xe3, 0xed, 0xda, 0xba,
    0x80, 0x4d, 0x18, 0x11, 0x3a, 0x91, 0xd9, 0xe4, 0xe9, 0xc9, 0xb9, 0x8f, 0x58, 0x25, 0x11, 0x32,
    0x7e, 0xca, 0xdd, 0xed, 0xd2, 0xb7, 0xa2, 0x6d, 0x28, 0x0a, 0x2b, 0x77, 0xb6, 0xca, 0xdd, 0xda,
    0xce, 0xb3, 0x76, 0x38, 0x0f, 0x26, 0x6f, 0xb2, 0xc9, 0xd3, 0xd1, 0xb7, 0xab, 0x7d, 0x47, 0x25,
    0x33, 0x77, 0xbc, 0xbb, 0xa5, 0xaf, 0xaf, 0xb6, 0x9e, 0x6b, 0x37, 0x2d, 0x5b, 0xa4, 0xbd, 0xb3,
    0xad, 0x96, 0x9c, 0xa6, 0x95, 0x65, 0x3e, 0x42, 0x80, 0xa6, 0xae, 0xbd, 0xa5, 0x93, 0x95, 0x9b,
    0x82, 0x67, 0x51, 0x61, 0x82, 0x9a, 0xb5, 0xac, 0x96, 0x87, 0x93, 0x97, 0x81, 0x69, 0x6f, 0x7a,
    0x83, 0x96, 0xa2, 0x9b, 0x89, 0x87, 0x92, 0x9f, 0x85, 0x7d, 0x84, 0x7c, 0x7d, 0x87, 0x99, 0x96,
    0x84, 0x79, 0x89, 0xa7, 0xb1, 0x9b, 0x83, 0x67, 0x63, 0x6d, 0x87, 0x93, 0x94, 0x97, 0xac, 0xc7,
    0xab, 0x89, 0x5d, 0x53, 0x4f, 0x68, 0x81, 0x9c, 0xad, 0xc7, 0xd6, 0xb6, 0x87, 0x4d, 0x4f, 0x51,
    0x69, 0x6a, 0x96, 0xaf, 0xd5, 0xf2, 0xbc, 0x77, 0x2f, 0x3a, 0x57, 0x7a, 0x77, 0xa6, 0xbf, 0xd8,
    0xec, 0xb7, 0x6a, 0x13, 0x1f, 0x5a, 0x94, 0x85, 0xa1, 0xba, 0xd5, 0xf0, 0xb6, 0x76, 0x1f, 0x20,
    0x5c, 0x9f, 0x8c, 0x87, 0xa6, 0xc9, 0xf4, 0xc6, 0x7b, 0x29, 0x1c, 0x50, 0xa5, 0xa1, 0x8b, 0x87,
    0xb9, 0xfe, 0xdb, 0x8c, 0x21, 0x06, 0x37, 0xa2, 0xbc, 0xa5, 0x8f, 0x93, 0xdf, 0xe3, 0xa5, 0x48,
    0x0f, 0x27, 0x7e, 0xb0, 0xab, 0x9d, 0x8e, 0xc7, 0xed, 0xbb, 0x5a, 0x11, 0x19, 0x74, 0xb6, 0xb9,
    0xb0, 0x81, 0x9e, 0xd4, 0xc9, 0x83, 0x30, 0x16, 0x55, 0x98, 0xb2, 0xba, 0x9d, 0x9f, 0xb7, 0xbc,
    0x90, 0x48, 0x22, 0x50, 0x90, 0xb5, 0xc6, 0x9d, 0x84, 0xa0, 0xb2, 0xa4, 0x74, 0x3b, 0x3f, 0x73,
    0x9f, 0xc3, 0xc0, 0x97, 0x86, 0x94, 0x9d, 0x8a, 0x63, 0x5a, 0x71, 0x89, 0xa1, 0xa1, 0x93, 0x8d,
    0x90, 0x9d, 0x9a, 0x7d, 0x6c, 0x79, 0x8b, 0x8f, 0x8e, 0x87, 0x92, 0x98, 0x8e, 0x83, 0x75, 0x81,
    0x92, 0xa0, 0x98, 0x87, 0x72, 0x7b, 0x9b, 0x99, 0x86, 0x70, 0x77, 0x9b, 0xbc, 0xaf, 0x9c, 0x68,
    0x4d, 0x6e, 0x91, 0x99, 0x87, 0x81, 0x8f, 0xbe, 0xb7, 0xa4, 0x84, 0x4b, 0x49, 0x6b, 0x9c, 0xa1,
    0xa0, 0xa0, 0xa7, 0xb3, 0x9f, 0x76, 0x44, 0x43, 0x68, 0xa7, 0xb4, 0xb5, 0x9b, 0x99, 0xa0, 0x85,
    0x87, 0x5d, 0x50, 0x5b, 0x93, 0xa5, 0xb9, 0xb0, 0xa5, 0xa5, 0x7c, 0x6d, 0x55, 0x5a, 0x6e, 0x9f,
    0xa0, 0xaf, 0xb4, 0xa7, 0xa8, 0x83, 0x59, 0x4b, 0x5c, 0x7b, 0xa8, 0xa8, 0x9f, 0xa4, 0xb0, 0xbc,
    0x9a, 0x65, 0x37, 0x37, 0x66, 0xaa, 0xbc, 0xb3, 0x9d, 0x9d, 0xb6, 0xa0, 0x71, 0x3e, 0x41, 0x66,
    0xa3, 0xc0, 0xb5, 0x9a, 0x87, 0xa4, 0xae, 0x80, 0x48, 0x42, 0x66, 0xa1, 0xbe, 0xac, 0x93, 0x90,
    0x9d, 0xa9, 0x91, 0x60, 0x42, 0x54, 0x93, 0xc0, 0xb1, 0x8a, 0x7a, 0x8f, 0xbb, 0xac, 0x75, 0x45,
    0x42, 0x72, 0xb9, 0xc6, 0xa3, 0x7c, 0x75, 0xa6, 0xaf, 0x88, 0x5a, 0x46, 0x62, 0xa6, 0xc0, 0xb8,
    0x99, 0x67, 0x71, 0x9a, 0x9f, 0x85, 0x66, 0x63, 0x8d, 0xaa, 0xad, 0x9e, 0x84, 0x6d, 0x74, 0x8e,
    0x93, 0x88, 0x7d, 0x8b, 0x95, 0x93, 0x8f, 0x93, 0x91, 0x7c, 0x77, 0x81, 0x85, 0x86, 0x9a, 0xa3,
    0x9e, 0x88, 0x75, 0x7e, 0x8a, 0x90, 0x8d, 0x82, 0x7b, 0x7f, 0x8f, 0xa3, 0xa6, 0x98, 0x89, 0x7d,
    0x79, 0x78, 0x7b, 0x87, 0x87, 0x8e, 0x9d, 0xa1, 0x9d, 0x9f, 0x8c, 0x7f, 0x78, 0x66, 0x6b, 0x7d,
    0x89, 0x94, 0xa3, 0xa8, 0xbf, 0xa8, 0x83, 0x62, 0x53, 0x5f, 0x81, 0x96, 0x8f, 0x96, 0x9d, 0xc3,
    0xae, 0x82, 0x6a, 0x5e, 0x66, 0x7e, 0x91, 0x91, 0x92, 0x8f, 0xbb, 0xbb, 0x83, 0x65, 0x5e, 0x69,
    0x87, 0x95, 0x93, 0x94, 0x87, 0xa9, 0xc5, 0x95, 0x5a, 0x4b, 0x6a, 0x9b, 0xa8, 0x90, 0x89, 0x83,
    0x9c, 0xbe, 0xa0, 0x68, 0x4d, 0x55, 0x93, 0xb8, 0xa1, 0x87, 0x77, 0x84, 0xb5, 0xb9, 0x79, 0x56,
    0x57, 0x88, 0xb4, 0xa5, 0x84, 0x78, 0x7a, 0x96, 0xba, 0xa0, 0x7c, 0x61, 0x61, 0x8b, 0xac, 0xa1,
    0x7b, 0x74, 0x8f, 0xaa, 0xae, 0x94, 0x6c, 0x5a, 0x6c, 0x96, 0xa6, 0x8b, 0x72, 0x84, 0xa4, 0xaf,
    0xad, 0x8a, 0x6d, 0x60, 0x65, 0x89, 0x9c, 0x89, 0x7e, 0x9c, 0xa7, 0xaf, 0xa3, 0x7d, 0x66, 0x5e,
    0x69, 0x8c, 0xa7, 0x92, 0x85, 0x93, 0xaa, 0x96, 0x8a, 0x8b, 0x7b, 0x6b, 0x6f, 0x85, 0x8e, 0x9b,
    0x95, 0x99, 0x9a, 0x89, 0x81, 0x8d, 0x8a, 0x83, 0x75, 0x6f, 0x89, 0x9f, 0xaa, 0xa2, 0x7f, 0x66,
    0x7a, 0x8d, 0xa1, 0xa9, 0x82, 0x5f, 0x79, 0x9c, 0xa8, 0x98, 0x7c, 0x71, 0x83, 0x93, 0x92, 0x8d,
    0x8d, 0x91, 0x8b, 0x99, 0x8e, 0x76, 0x73, 0x7f, 0x7c, 0x93, 0x9c, 0xa5, 0x9d, 0x88, 0x93, 0x86,
    0x78, 0x6b, 0x79, 0x76, 0x88, 0x99, 0xaf, 0xbe, 0xa5, 0x93, 0x6a, 0x58, 0x64, 0x82, 0x83, 0x83,
    0x8f, 0x9a, 0xc8, 0xac, 0x9f, 0x83, 0x58, 0x5c, 0x79, 0x83, 0x7c, 0x94, 0x95, 0xbe, 0xaa, 0x87,
    0x72, 0x70, 0x7b, 0x92, 0x8e, 0x7a, 0x83, 0x7b, 0xa3, 0xad, 0x96, 0x72, 0x71, 0x82, 0xa3, 0xa9,
    0x80, 0x66, 0x62, 0x8e, 0xac, 0x9c, 0x7e, 0x71, 0x86, 0xb1, 0xb0, 0x82, 0x64, 0x53, 0x72, 0xb1,
    0xb2, 0x8f, 0x70, 0x75, 0xa7, 0xbb, 0x9f, 0x6a, 0x3d, 0x5a, 0xa2, 0xc2, 0xaf, 0x8d, 0x6f, 0x87,
    0xa9, 0xa2, 0x75, 0x48, 0x5a, 0x76, 0xaf, 0xcd, 0xa9, 0x82, 0x77, 0x8d, 0x9f, 0x91, 0x5c, 0x4b,
    0x6f, 0x95, 0xb0, 0xc6, 0xae, 0x84, 0x6e, 0x74, 0x8f, 0x89, 0x71, 0x66, 0x76, 0x92, 0xa6, 0xb3,
    0xb5, 0x9f, 0x73, 0x66, 0x73, 0x77, 0x7f, 0x83, 0x8a, 0x96, 0x96, 0x9f, 0xaa, 0x9e, 0x87, 0x6c,
    0x58, 0x67, 0x8f, 0xa9, 0xa9, 0x8b, 0x76, 0x89, 0x94, 0x9c, 0xa1, 0x86, 0x63, 0x58, 0x7c, 0xab,
    0xab, 0x91, 0x80, 0x79, 0x85, 0x9e, 0x96, 0x80, 0x81, 0x7d, 0x95, 0xa2, 0x89, 0x7c, 0x71, 0x6f,
    0x83, 0x9f, 0x9c, 0x91, 0x8c, 0x97, 0xaf, 0x99, 0x6d, 0x59, 0x55, 0x6e, 0x8c, 0xa3, 0xb5, 0xb8,
    0xa9, 0xa5, 0x8d, 0x65, 0x50, 0x4d, 0x5b, 0x79, 0xa8, 0xb6, 0xd1, 0xc6, 0xb1, 0x93, 0x5f, 0x3f,
    0x3d, 0x50, 0x6f, 0xb3, 0xcc, 0xd4, 0xbe, 0xab, 0x8f, 0x64, 0x3f, 0x3b, 0x59, 0x71, 0x9f, 0xc4,
    0xcd, 0xbe, 0x9b, 0x82, 0x7e, 0x6e, 0x61, 0x5d, 0x5b, 0x81, 0xa7, 0xb9, 0xbe, 0x9f, 0x8c, 0x83,
    0x71, 0x63, 0x6a, 0x6e, 0x79, 0x96, 0xad, 0xbb, 0xb2, 0x87, 0x7a, 0x86, 0x74, 0x6a, 0x68, 0x62,
    0x7b, 0xae, 0xc4, 0xcd, 0xa4, 0x7a, 0x72, 0x66, 0x66, 0x70, 0x75, 0x6c, 0x8a, 0xb0, 0xc3, 0xcb,
    0xab, 0x7b, 0x62, 0x55, 0x65, 0x7b, 0x73, 0x6c, 0x8a, 0xbc, 0xd1, 0xca, 0xa9, 0x75, 0x4d, 0x47,
    0x60, 0x84, 0x96, 0x97, 0x8e, 0x9f, 0xb7, 0xae, 0x95, 0x7d, 0x6a, 0x69, 0x6c, 0x70, 0x8c, 0xa2,
    0xa8, 0x9c, 0x8f, 0x82, 0x80, 0x88, 0x8b, 0x84, 0x73, 0x6c, 0x88, 0xb0, 0xad, 0x92, 0x76, 0x68,
    0x6e, 0x8e, 0xa7, 0xae, 0x8f, 0x66, 0x72, 0x9b, 0x96, 0x82, 0x7e, 0x76, 0x7e, 0x9e, 0xb0, 0x9a,
    0x7d, 0x77, 0x90, 0x90, 0x89, 0x78, 0x6a, 0x7b, 0x97, 0x9e, 0x9d, 0x8b, 0x70, 0x94, 0xb4, 0xa2,
    0x90, 0x67, 0x4a, 0x67, 0x86, 0x8f, 0x9c, 0xa1, 0xa5, 0xc0, 0xa7, 0x9b, 0x74, 0x3f, 0x3a, 0x63,
    0x91, 0xac, 0xb4, 0x97, 0xbe, 0xc1, 0xa3, 0x7a, 0x45, 0x2d, 0x4a, 0x7b, 0x9c, 0xd0, 0xbd, 0xbd,
    0xbd, 0x98, 0x77, 0x47, 0x29, 0x45, 0x86, 0x9e, 0xbf, 0xbd, 0xb5, 0xba, 0x9d, 0x7f, 0x5c, 0x3f,
    0x44, 0x77, 0xa1, 0xaa, 0xac, 0xa3, 0xb5, 0xb1, 0x90, 0x68, 0x43, 0x3c, 0x65, 0xa2, 0xaf, 0xb9,
    0x96, 0x9b, 0xb1, 0x9a, 0x85, 0x6a, 0x4d, 0x47, 0x74, 0x9c, 0xb5, 0xb4, 0xaa, 0xae, 0xa6, 0x84,
    0x6d, 0x5b, 0x4d, 0x5b, 0x7e, 0x91, 0xab, 0xc4, 0xc9, 0xb9, 0x93, 0x78, 0x63, 0x4d, 0x4a, 0x6a,
    0x7f, 0x97, 0xb3, 0xca, 0xc9, 0xb3, 0x8b, 0x69, 0x60, 0x4b, 0x55, 0x6d, 0x86, 0x96, 0xba, 0xdd,
    0xc2, 0xa7, 0x7d, 0x63, 0x50, 0x4a, 0x5a, 0x7b, 0x97, 0xab, 0xc4, 0xc5, 0xb4, 0x7b, 0x6c, 0x72,
    0x6a, 0x64, 0x6f, 0x7e, 0x96, 0xb4, 0xb4, 0xa6, 0x8b, 0x74, 0x75, 0x97, 0x95, 0x7b, 0x69, 0x61,
    0x82, 0xa3, 0xab, 0x9d, 0x8e, 0x84, 0x80, 0x89, 0x9d, 0x9a, 0x65, 0x4c, 0x70, 0xad, 0xbb, 0xa6,
    0x7e, 0x6b, 0x84, 0x97, 0x8e, 0x92, 0x92, 0x6f, 0x79, 0x95, 0xa5, 0x97, 0x7a, 0x62, 0x62, 0x8d,
    0xb0, 0xb6, 0xa6, 0x90, 0x8a, 0x77, 0x6b, 0x60, 0x64, 0x72, 0x95, 0xb3, 0xc7, 0xca, 0x8d, 0x8a,
    0x6c, 0x49, 0x54, 0x6c, 0x7d, 0x99, 0xbb, 0xc4, 0xcf, 0x99, 0x83, 0x6e, 0x4b, 0x49, 0x64, 0x7b,
    0x8b, 0xbc, 0xb6, 0xcd, 0xb5, 0x85, 0x85, 0x5f, 0x41, 0x50, 0x78, 0x82, 0xbb, 0xaf, 0xb7, 0xc7,
    0x90, 0x6f, 0x54, 0x63, 0x73, 0x8b, 0x73, 0x92, 0xa2, 0xad, 0xc6, 0x95, 0x78, 0x64, 0x5d, 0x6c,
    0x98, 0x90, 0x91, 0x8f, 0x8f, 0xb3, 0x9c, 0x81, 0x71, 0x6b, 0x7a, 0x99, 0x96, 0x76, 0x7b, 0x80,
    0xaa, 0xbf, 0x9c, 0x7d, 0x66, 0x6b, 0x95, 0xa8, 0x7f, 0x5d, 0x5e, 0x99, 0xc3, 0xb3, 0xa4, 0x9a,
    0x7a, 0x6e, 0x77, 0x6f, 0x64, 0x6d, 0x7d, 0xab, 0xd4, 0xc3, 0xb2, 0x88, 0x5e, 0x58, 0x68, 0x5b,
    0x60, 0x8f, 0xb1, 0xc4, 0xc5, 0xb7, 0xa1, 0x77, 0x4a, 0x51, 0x65, 0x72, 0x7b, 0xa0, 0xb9, 0xb4,
    0xbd, 0xab, 0x8d, 0x63, 0x45, 0x5a, 0x75, 0x85, 0x92, 0x9b, 0xac, 0xb4, 0xa4, 0x99, 0x8a, 0x75,
    0x63, 0x5e, 0x67, 0x84, 0xa0, 0xa5, 0xa3, 0x96, 0x97, 0x99, 0x98, 0x82, 0x6b, 0x5a, 0x59, 0x7e,
    0xa2, 0xb5, 0xb5, 0xa4, 0x81, 0x81, 0x8c, 0x85, 0x74, 0x65, 0x71, 0x95, 0xad, 0xa5, 0x8e, 0x7e,
    0x84, 0x8c, 0x91, 0x88, 0x75, 0x72, 0x87, 0xa0, 0xb9, 0xa8, 0x83, 0x6c, 0x5d, 0x62, 0x8d, 0xae,
    0xa1, 0x8a, 0x7c, 0x96, 0xb5, 0xb7, 0x8a, 0x6b, 0x53, 0x57, 0x73, 0x87, 0x99, 0xab, 0xb6, 0xbc,
    0xc1, 0x8d, 0x77, 0x48, 0x2d, 0x4e, 0x86, 0xa1, 0xb7, 0xc5, 0xbb, 0xcd, 0xa6, 0x6e, 0x3e, 0x31,
    0x40, 0x73, 0x9e, 0xa4, 0xc4, 0xd3, 0xcf, 0xb3, 0x7f, 0x55, 0x37, 0x29, 0x4c, 0x8e, 0xb5, 0xd1,
    0xd3, 0xc7, 0xb2, 0x7a, 0x51, 0x4d, 0x58, 0x5a, 0x72, 0x8d, 0xa7, 0xcd, 0xd2, 0xc9, 0xa2, 0x6c,
    0x41, 0x42, 0x56, 0x74, 0x94, 0xa2, 0xba, 0xbc, 0xbf, 0xad, 0x8b, 0x5c, 0x54, 0x58, 0x5c, 0x82,
    0x9d, 0xa9, 0xb6, 0xba, 0xa7, 0x9f, 0x70, 0x51, 0x62, 0x6e, 0x75, 0x8f, 0xa2, 0xab, 0xb7, 0x9b,
    0x94, 0x93, 0x7a, 0x73, 0x67, 0x5f, 0x77, 0x97, 0x9b, 0xa6, 0xae, 0xa4, 0xa3, 0x88, 0x79, 0x75,
    0x66, 0x55, 0x67, 0x8e, 0xb0, 0xc1, 0xb1, 0xa3, 0x8d, 0x81, 0x70, 0x5f, 0x5c, 0x74, 0x8b, 0x9e,
    0xb2, 0xb8, 0xa9, 0x8e, 0x73, 0x59, 0x75, 0x8f, 0x7f, 0x75, 0x83, 0xa5, 0xbf, 0xb6, 0x8c, 0x6e,
    0x62, 0x5e, 0x6b, 0x9f, 0xb9, 0x9f, 0x87, 0x80, 0x9f, 0xa7, 0x8b, 0x69, 0x57, 0x64, 0x8c, 0xb4,
    0xaf, 0x9f, 0x8d, 0x7f, 0x90, 0x98, 0x7e, 0x5f, 0x59, 0x6e, 0xa0, 0xc9, 0xb3, 0x8c, 0x85, 0x94,
    0x8e, 0x92, 0x79, 0x50, 0x53, 0x75, 0xa1, 0xc6, 0xc3, 0xa1, 0x91, 0x8d, 0x91, 0x72, 0x49, 0x4c,
    0x70, 0x8e, 0xb3, 0xbc, 0xb3, 0xbb, 0x9b, 0x8d, 0x79, 0x4c, 0x3c, 0x51, 0x72, 0xb6, 0xd7, 0xc4,
    0xbb, 0x9d, 0x93, 0x6a, 0x42, 0x3f, 0x61, 0x7e, 0x99, 0xc0, 0xcc, 0xd7, 0x96, 0x6e, 0x78, 0x6a,
    0x54, 0x59, 0x6a, 0x88, 0xbb, 0xc3, 0xc9, 0xb3, 0x8c, 0x6e, 0x44, 0x40, 0x6c, 0x99, 0x9c, 0x9f,
    0xa4, 0xc8, 0xc0, 0x74, 0x60, 0x6c, 0x6c, 0x6f, 0x81, 0x7b, 0x94, 0xad, 0xbd, 0xbd, 0x93, 0x82,
    0x61, 0x4c, 0x66, 0x95, 0x9d, 0x90, 0x82, 0x87, 0xc9, 0xc3, 0x86, 0x74, 0x69, 0x5f, 0x7c, 0x8d,
    0x7e, 0x80, 0x8b, 0xaf, 0xc9, 0xb0, 0x91, 0x71, 0x61, 0x65, 0x76, 0x79, 0x83, 0x88, 0x94, 0xbb,
    0xbd, 0xb3, 0x9e, 0x6b, 0x45, 0x64, 0x7c, 0x72, 0x74, 0x9b, 0xc4, 0xbf, 0xac, 0x96, 0x8f, 0x76,
    0x57, 0x4c, 0x5c, 0x81, 0x94, 0xb7, 0xc3, 0xad, 0xaf, 0x97, 0x68, 0x62, 0x66, 0x5c, 0x70, 0x88,
    0xa6, 0xbe, 0xb9, 0x99, 0x78, 0x8e, 0x9c, 0x7d, 0x53, 0x4f, 0x76, 0xa2, 0xb2, 0xac, 0x9b, 0x91,
    0x87, 0x7d, 0x94, 0x96, 0x6f, 0x4e, 0x64, 0xa4, 0xc7, 0xb2, 0x85, 0x6c, 0x81, 0x97, 0x8f, 0x8d,
    0x8f, 0x6f, 0x6d, 0x97, 0xa3, 0x9f, 0x93, 0x70, 0x67, 0x94, 0x96, 0x8e, 0x99, 0x8d, 0x99, 0x9d,
    0x7d, 0x70, 0x74, 0x6b, 0x78, 0x92, 0xad, 0xb9, 0x9d, 0x9f, 0x9a, 0x6d, 0x5f, 0x6a, 0x67, 0x71,
    0x8c, 0xa4, 0xc7, 0xb0, 0xa0, 0xa7, 0x80, 0x5a, 0x56, 0x66, 0x6d, 0x87, 0x93, 0xb8, 0xb8, 0xa8,
    0xb7, 0x8d, 0x5e, 0x57, 0x6b, 0x6d, 0x76, 0x7e, 0xaa, 0xd7, 0xa6, 0x88, 0x9c, 0x8a, 0x69, 0x68,
    0x66, 0x6c, 0x7e, 0x92, 0xbb, 0xb9, 0xb1, 0x9f, 0x70, 0x69, 0x6f, 0x6e, 0x72, 0x75, 0x7a, 0xc4,
    0xcd, 0x9d, 0x97, 0x79, 0x67, 0x7d, 0x89, 0x7b, 0x6b, 0x5e, 0x9e, 0xd2, 0xa8, 0x9a, 0x9b, 0x85,
    0x79, 0x6a, 0x64, 0x6e, 0x7f, 0x82, 0xa0, 0xc1, 0xce, 0xb8, 0x6d, 0x55, 0x6f, 0x84, 0x76, 0x69,
    0x68, 0x99, 0xb9, 0xba, 0xc7, 0xae, 0x7d, 0x5e, 0x4f, 0x4c, 0x70, 0x94, 0xa0, 0x9d, 0xa5, 0xc8,
    0xd5, 0x90, 0x4c, 0x48, 0x5f, 0x6d, 0x7b, 0x90, 0xa7, 0xba, 0xac, 0xaf, 0xae, 0x88, 0x56, 0x47,
    0x4b, 0x64, 0xa4, 0xc1, 0x9e, 0x99, 0xc6, 0xb6, 0x8c, 0x66, 0x3f, 0x4b, 0x73, 0x89, 0x9a, 0xb3,
    0xbc, 0xa4, 0xa3, 0xa2, 0x7c, 0x65, 0x52, 0x49, 0x6d, 0x99, 0xaa, 0xc5, 0xb6, 0x96, 0x9c, 0x91,
    0x7c, 0x5c, 0x4a, 0x65, 0x82, 0x8e, 0xa8, 0xcd, 0xc8, 0x96, 0x7c, 0x78, 0x7a, 0x65, 0x4e, 0x62,
    0x91, 0xa8, 0xbf, 0xcc, 0x9b, 0x82, 0x7c, 0x7e, 0x7f, 0x5d, 0x52, 0x7a, 0x97, 0xac, 0xd0, 0xb8,
    0x8c, 0x75, 0x74, 0x90, 0x73, 0x4b, 0x5b, 0x8c, 0xae, 0xd1, 0xc5, 0x84, 0x7f, 0x6e, 0x85, 0x98,
    0x64, 0x4a, 0x69, 0x93, 0xbf, 0xde, 0xb9, 0x90, 0x66, 0x6d, 0x6f, 0x55, 0x69, 0x83, 0x97, 0xab,
    0xc9, 0xba, 0xab, 0x77, 0x44, 0x7e, 0x7e, 0x5a, 0x6b, 0x95, 0xab, 0xbc, 0xb2, 0xae, 0xab, 0x5f,
    0x54, 0x5b, 0x60, 0x77, 0x94, 0xa7, 0xb8, 0xc8, 0xa0, 0x99, 0x7e, 0x62, 0x4d, 0x4e, 0x74, 0xa8,
    0xbf, 0xa6, 0x9c, 0x96, 0xbc, 0x8b, 0x4f, 0x69, 0x63, 0x6c, 0x90, 0x9d, 0xa5, 0xc7, 0xa1, 0x78,
    0x8f, 0x88, 0x73, 0x5d, 0x61, 0x8a, 0xb4, 0xa0, 0x8c, 0xa0, 0x98, 0x95, 0x85, 0x84, 0x74, 0x62,
    0x71, 0x99, 0xac, 0x93, 0x8d, 0x8a, 0x9d, 0x99, 0x84, 0x83, 0x76, 0x67, 0x83, 0xa1, 0x97, 0x8a,
    0x8d, 0x91, 0x91, 0xa1, 0xa7, 0x7a, 0x51, 0x6a, 0x96, 0xa3, 0x8a, 0x83, 0x94, 0x9c, 0xa1, 0x91,
    0x87, 0x89, 0x71, 0x65, 0x81, 0x95, 0x94, 0x92, 0x90, 0x9f, 0x9b, 0x87, 0x80, 0x83, 0x96, 0x84,
    0x6e, 0x76, 0x8a, 0x8f, 0x9b, 0xa7, 0x90, 0x8d, 0x8a, 0x90, 0x9d, 0x76, 0x4f, 0x63, 0x8c, 0xa9,
    0xbb, 0x9d, 0x8d, 0x9a, 0x94, 0x95, 0x74, 0x47, 0x51, 0x7c, 0x94, 0xb9, 0xca, 0xaf, 0x97, 0x7c,
    0x96, 0x8b, 0x43, 0x2e, 0x63, 0xa3, 0xc3, 0xdb, 0xaf, 0x9b, 0x80, 0x76, 0x8e, 0x63, 0x30, 0x4a,
    0x98, 0xbf, 0xeb, 0xba, 0x92, 0x95, 0x6e, 0x70, 0x6f, 0x50, 0x48, 0x78, 0x9f, 0xe7, 0xec, 0xa4,
    0x8f, 0x63, 0x62, 0x78, 0x5b, 0x48, 0x6d, 0xa5, 0xcc, 0xda, 0xb9, 0xac, 0x7b, 0x53, 0x66, 0x61,
    0x5b, 0x71, 0x8c, 0xa6, 0xce, 0xc7, 0xab, 0x8d, 0x73, 0x6b, 0x63, 0x5b, 0x6f, 0x8d, 0x92, 0xa9,
    0xb0, 0xab, 0xb2, 0x8a, 0x76, 0x7b, 0x64, 0x60, 0x7f, 0x7f, 0x87, 0xb0, 0xaf, 0xa6, 0xa8, 0x9c,
    0x7a, 0x5f, 0x5a, 0x79, 0x8a, 0x7e, 0x8d, 0x9a, 0xb2, 0xbd, 0x91, 0x86, 0x90, 0x62, 0x58, 0x77,
    0x82, 0x89, 0x98, 0xa9, 0xb0, 0x98, 0x84, 0x92, 0x81, 0x73, 0x74, 0x78, 0x86, 0x8f, 0x91, 0x95,
    0xa4, 0x96, 0x85, 0x7c, 0x82, 0x9b, 0x97, 0x75, 0x68, 0x83, 0x98, 0x9d, 0x91, 0x84, 0x84, 0x7b,
    0x96, 0xb1, 0x99, 0x83, 0x7a, 0x6c, 0x78, 0x8d, 0x8b, 0x8a, 0x7f, 0x8f, 0xa7, 0xa8, 0xb2, 0x9b,
    0x62, 0x65, 0x78, 0x71, 0x79, 0x7a, 0x8b, 0xb8, 0xc2, 0xa9, 0xa2, 0x81, 0x6a, 0x7b, 0x69, 0x5c,
    0x6f, 0x7d, 0x9d, 0xc9, 0xc2, 0xac, 0x90, 0x7f, 0x85, 0x66, 0x45, 0x53, 0x79, 0x9c, 0xba, 0xb7,
    0xb3, 0xac, 0x86, 0x7b, 0x83, 0x65, 0x4d, 0x5d, 0x72, 0xaa, 0xd9, 0xc8, 0x9b, 0x80, 0x7c, 0x7b,
    0x6f, 0x5f, 0x68, 0x75, 0x8f, 0xb0, 0xc4, 0xc3, 0x92, 0x71, 0x7c, 0x73, 0x5a, 0x5e, 0x82, 0xa5,
    0xa9, 0x9b, 0xb0, 0xb0, 0x7d, 0x66, 0x81, 0x84, 0x72, 0x6a, 0x73, 0x99, 0xae, 0xa6, 0xa7, 0x98,
    0x7b, 0x83, 0x7e, 0x6e, 0x74, 0x83, 0x83, 0x8f, 0x9b, 0xb8, 0xb0, 0x81, 0x80, 0x89, 0x7e, 0x66,
    0x6e, 0x7c, 0x88, 0x8a, 0xa2, 0xbe, 0xa8, 0x8c, 0x84, 0x82, 0x75, 0x71, 0x70, 0x70, 0x7d, 0x95,
    0xa7, 0xb1, 0xbb, 0xa9, 0x89, 0x64, 0x57, 0x6f, 0x72, 0x6a, 0x8a, 0xb2, 0xaa, 0xac, 0xbd, 0xa4,
    0x76, 0x55, 0x51, 0x70, 0x7d, 0x7f, 0x97, 0xb6, 0xc1, 0x9d, 0x8e, 0x98, 0x7c, 0x52, 0x57, 0x76,
    0x81, 0x94, 0xad, 0xbc, 0xa1, 0x95, 0x97, 0x7a, 0x79, 0x73, 0x65, 0x67, 0x7f, 0x99, 0xa8, 0xaa,
    0xac, 0x9b, 0x73, 0x7f, 0x97, 0x91, 0x6a, 0x4d, 0x66, 0x9b, 0xb1, 0xab, 0xa1, 0x80, 0x77, 0x99,
    0xb5, 0x90, 0x5c, 0x4d, 0x66, 0x9f, 0xb5, 0x9d, 0x87, 0x89, 0x87, 0x9c, 0xb3, 0x9d, 0x6a, 0x40,
    0x59, 0x8e, 0xab, 0xab, 0x9a, 0x8d, 0x9d, 0x9f, 0x9d, 0x8f, 0x50, 0x3d, 0x66, 0xa0, 0xb8, 0xb7,
    0x9d, 0x83, 0x82, 0x9f, 0xa7, 0x63, 0x35, 0x55, 0xa7, 0xbb, 0xaa, 0x98, 0x96, 0x98, 0x6d, 0x82,
    0x9a, 0x6b, 0x4a, 0x6f, 0xae, 0xcf, 0xb7, 0x85, 0x86, 0x65, 0x75, 0x93, 0x72, 0x6c, 0x7c, 0xa1,
    0xbb, 0xb7, 0x94, 0x8b, 0x62, 0x5e, 0x85, 0x80, 0x7e, 0x88, 0xae, 0xb5, 0x9c, 0x8c, 0x98, 0x72,
    0x45, 0x5f, 0x93, 0xac, 0x9a, 0x8e, 0x99, 0xa5, 0x9d, 0x82, 0x72, 0x61, 0x5b, 0x8f, 0xa5, 0xa0,
    0xa1, 0x9c, 0x95, 0x8c, 0x85, 0x77, 0x5d, 0x68, 0x95, 0xa7, 0xa8, 0x98, 0x8d, 0x8a, 0x86, 0x84,
    0x8f, 0x75, 0x56, 0x79, 0xb0, 0xb3, 0xa3, 0x87, 0x70, 0x89, 0x98, 0x97, 0x7a, 0x65, 0x67, 0x99,
    0xb4, 0xa4, 0x90, 0x72, 0x70, 0x8b, 0xa9, 0x8d, 0x77, 0x76, 0x86, 0xaa, 0xad, 0x88, 0x6d, 0x6f,
    0x7c, 0x8d, 0x8f, 0x99, 0x9d, 0x7f, 0x88, 0xa0, 0xa1, 0x82, 0x61, 0x6a, 0x79, 0x97, 0xad, 0x95,
    0x76, 0x9c, 0xa5, 0x86, 0x88, 0x73, 0x6f, 0x81, 0x87, 0x8e, 0x93, 0x93, 0x95, 0x9d, 0xa0, 0x9a,
    0x7b, 0x56, 0x59, 0x75, 0x93, 0xb0, 0xaf, 0x96, 0xa1, 0xa5, 0x8f, 0x7f, 0x53, 0x42, 0x78, 0x95,
    0x9a, 0xb5, 0xbd, 0xa2, 0x7b, 0x8c, 0xac, 0x6b, 0x2e, 0x4a, 0x81, 0xa7, 0xc1, 0xb9, 0xb9, 0xa3,
    0x68, 0x76, 0x98, 0x68, 0x3c, 0x5a, 0x8a, 0xc0, 0xd1, 0xbf, 0x9a, 0x7c, 0x74, 0x7c, 0x6c, 0x50,
    0x5c, 0x81, 0xaa, 0xd0, 0xd3, 0xa3, 0x73, 0x78, 0x8a, 0x60, 0x4a, 0x66, 0x93, 0xa7, 0xa6, 0xa7,
    0xc6, 0xaa, 0x57, 0x68, 0x8e, 0x6f, 0x5b, 0x6c, 0x80, 0xba, 0xd4, 0xa8, 0x85, 0x85, 0x80, 0x7a,
    0x6e, 0x66, 0x75, 0x8a, 0x9c, 0xb2, 0xb9, 0x98, 0x79, 0x81, 0x92, 0x6f, 0x69, 0x7b, 0x79, 0x85,
    0x9a, 0xb6, 0xc3, 0x85, 0x5d, 0x99, 0x9f, 0x79, 0x69, 0x63, 0x72, 0xa1, 0xb5, 0x9a, 0x90, 0x91,
    0x8f, 0x9d, 0x86, 0x62, 0x6f, 0x73, 0x7e, 0xa5, 0xaa, 0x8a, 0x87, 0x97, 0xac, 0xaa, 0x76, 0x55,
    0x5e, 0x78, 0x9c, 0xaa, 0x8d, 0x7e, 0x97, 0xbc, 0xab, 0x81, 0x64, 0x5b, 0x72, 0x8b, 0x89, 0x8b,
    0x9d, 0xa2, 0x94, 0xa5, 0xb7, 0x85, 0x55, 0x4b, 0x71, 0x98, 0x92, 0x84, 0x96, 0xa5, 0xac, 0xb2,
    0xa4, 0x7e, 0x4b, 0x50, 0x76, 0x85, 0x8b, 0x99, 0xac, 0xb8, 0xb4, 0xa1, 0x8a, 0x6e, 0x49, 0x51,
    0x70, 0x83, 0x9c, 0xb7, 0xbd, 0xb0, 0x97, 0x89, 0x91, 0x6e, 0x3e, 0x51, 0x82, 0x8d, 0xaf, 0xc5,
    0xb1, 0x9f, 0x84, 0x8a, 0x98, 0x5f, 0x3d, 0x52, 0x7f, 0xae, 0xc6, 0xc2, 0xa0, 0x7b, 0x82, 0x9d,
    0x78, 0x4f, 0x4b, 0x69, 0x9b, 0xcb, 0xc7, 0xa1, 0x81, 0x76, 0x95, 0x9f, 0x64, 0x3d, 0x62, 0x8f,
    0xb0, 0xc3, 0xb4, 0x90, 0x74, 0x88, 0x9c, 0x72, 0x52, 0x5e, 0x7f, 0x97, 0xac, 0xc2, 0xb4, 0x7b,
    0x6a, 0x95, 0x9d, 0x6e, 0x58, 0x67, 0x7c, 0xa3, 0xbe, 0xb2, 0x8d, 0x7c, 0x8c, 0x9a, 0x79, 0x60,
    0x64, 0x6f, 0x99, 0xab, 0xa1, 0xa0, 0x98, 0x98, 0x9b, 0x80, 0x62, 0x66, 0x6f, 0x72, 0x96, 0xb9,
    0xab, 0x84, 0x91, 0xb2, 0x94, 0x63, 0x5b, 0x71, 0x85, 0x87, 0x82, 0xa0, 0xbd, 0x9d, 0x7d, 0x9b,
    0x95, 0x73, 0x6c, 0x69, 0x72, 0x92, 0xaa, 0x95, 0x7e, 0xab, 0xb8, 0x86, 0x6b, 0x68, 0x83, 0x86,
    0x78, 0x83, 0x96, 0xa7, 0xa1, 0x8a, 0xa1, 0x9c, 0x65, 0x5d, 0x77, 0x93, 0x8d, 0x7b, 0x8f, 0xb0,
    0x9d, 0x88, 0x8e, 0x98, 0x80, 0x66, 0x7f, 0x8c, 0x7a, 0x6f, 0x92, 0xb2, 0xb7, 0x93, 0x7c, 0x8b,
    0x8f, 0x73, 0x5d, 0x6d, 0x86, 0xa9, 0xa7, 0x94, 0x9a, 0x9c, 0x92, 0x82, 0x63, 0x69, 0x7e, 0x81,
    0x8d, 0xa7, 0xb1, 0xa5, 0x69, 0x7c, 0xb5, 0x95, 0x5d, 0x49, 0x6f, 0x90, 0xbe, 0xbd, 0x96, 0x7e,
    0x7d, 0x88, 0x9d, 0x7e, 0x56, 0x65, 0x87, 0xb0, 0xc6, 0xa4, 0x75, 0x6a, 0x93, 0xa7, 0x6f, 0x55,
    0x66, 0x9b, 0xa6, 0xab, 0xac, 0x9d, 0x70, 0x50, 0x88, 0xb4, 0x8d, 0x53, 0x6c, 0x9c, 0xb7, 0xb6,
    0x95, 0x67, 0x5f, 0x8f, 0xad, 0x87, 0x68, 0x6b, 0x8d, 0xad, 0xaa, 0x91, 0x78, 0x74, 0x91, 0xa0,
    0x82, 0x7a, 0x79, 0x87, 0x96, 0x8a, 0x96, 0xa6, 0x76, 0x60, 0x8e, 0xbe, 0xa9, 0x6f, 0x54, 0x6a,
    0xaf, 0xb9, 0x72, 0x5c, 0x95, 0xad, 0xab, 0x8d, 0x73, 0x7f, 0x7d, 0x75, 0x8a, 0x93, 0x88, 0x78,
    0x91, 0xc2, 0xaf, 0x78, 0x60, 0x6b, 0x7e, 0x8d, 0x90, 0x8c, 0x88, 0x8f, 0xa3, 0xb1, 0x94, 0x66,
    0x62, 0x80, 0x88, 0x92, 0x8d, 0x8a, 0x86, 0x94, 0xb5, 0x9c, 0x7d, 0x69, 0x6b, 0x7e, 0x8e, 0x91,
    0x90, 0x8f, 0x9b, 0x9c, 0x91, 0x90, 0x78, 0x67, 0x7a, 0x87, 0x96, 0x8f, 0x83, 0x97, 0xa2, 0x8d,
    0x81, 0x8e, 0x8d, 0x8a, 0x7f, 0x7b, 0x7f, 0x81, 0x8d, 0x95, 0x9d, 0x94, 0x7f, 0x8e, 0xa5, 0x96,
    0x82, 0x78, 0x5f, 0x74, 0x90, 0x8a, 0x9a, 0xa0, 0x92, 0x9b, 0x9d, 0x7f, 0x8e, 0x8b, 0x63, 0x5d,
    0x77, 0x9a, 0xa0, 0xa0, 0xa5, 0x9e, 0x8c, 0x95, 0x87, 0x5a, 0x56, 0x76, 0x8e, 0x8e, 0x92, 0xb3,
    0xbe, 0x97, 0x77, 0x8b, 0x90, 0x64, 0x53, 0x5d, 0x93, 0xb2, 0xaf, 0x9f, 0x93, 0x89, 0x9c, 0x99,
    0x57, 0x52, 0x73, 0x97, 0xa5, 0x9b, 0x97, 0xa2, 0x8b, 0x86, 0x9b, 0x85, 0x55, 0x53, 0x89, 0xb3,
    0xa9, 0x96, 0xa6, 0x8d, 0x6a, 0x89, 0xb0, 0x85, 0x51, 0x3e, 0x7a, 0xcb, 0xc3, 0x93, 0x82, 0x84,
    0x98, 0xa5, 0x80, 0x6d, 0x64, 0x63, 0x84, 0xa5, 0xad, 0xac, 0x86, 0x80, 0xaf, 0x9d, 0x62, 0x4c,
    0x5a, 0x8a, 0xa9, 0xab, 0xad, 0x92, 0x86, 0x9e, 0xb1, 0x7a, 0x3c, 0x3c, 0x75, 0xbe, 0xc6, 0x96,
    0x74, 0x86, 0xb1, 0xc5, 0x94, 0x54, 0x33, 0x47, 0x8d, 0xc6, 0xbd, 0x96, 0x7a, 0x86, 0xb8, 0xc1,
    0x83, 0x3c, 0x2b, 0x5b, 0xa1, 0xc3, 0xc4, 0xa3, 0x80, 0x93, 0xb8, 0x9c, 0x5c, 0x28, 0x41, 0x81,
    0xb5, 0xd3, 0xab, 0x7a, 0x8a, 0xc5, 0xab, 0x79, 0x51, 0x3b, 0x61, 0x88, 0xa7, 0xb8, 0xa8, 0x83,
    0x93, 0xc0, 0xbc, 0x6e, 0x2d, 0x36, 0x6d, 0x95, 0xb3, 0xc2, 0xae, 0x90, 0x91, 0xad, 0x9d, 0x59,
    0x2e, 0x54, 0x87, 0xa1, 0xb6, 0xb5, 0x98, 0x8f, 0xa1, 0xa9, 0x7f, 0x49, 0x4c, 0x60, 0x80, 0xac,
    0xbf, 0xb3, 0x9a, 0x96, 0xa5, 0xa3, 0x60, 0x2d, 0x4a, 0x7c, 0xa5, 0xb5, 0xbd, 0xa8, 0x8a, 0x8f,
    0xaa, 0x90, 0x3a, 0x2a, 0x60, 0xa7, 0xcd, 0xc1, 0xa6, 0x8d, 0x93, 0xa2, 0x80, 0x49, 0x4b, 0x5e,
    0x80, 0xaf, 0xd4, 0xcd, 0x8b, 0x78, 0xa1, 0x9d, 0x4d, 0x2c, 0x49, 0x84, 0xb8, 0xd1, 0xcf, 0x9f,
    0x78, 0x92, 0x9e, 0x5f, 0x38, 0x49, 0x75, 0xa5, 0xb4, 0xbe, 0xc8, 0x9b, 0x69, 0x76, 0xa1, 0x80,
    0x4e, 0x3f, 0x71, 0xc1, 0xd1, 0xae, 0x87, 0x8b, 0x93, 0x8e, 0x6d, 0x55, 0x5a, 0x80, 0xa8, 0xab,
    0xb0, 0xb7, 0x8a, 0x65, 0x82, 0x9f, 0x80, 0x50, 0x3d, 0x77, 0xd5, 0xdc, 0xa1, 0x68, 0x89, 0xba,
    0xa8, 0x65, 0x3e, 0x47, 0x82, 0xb6, 0xac, 0xa0, 0x9a, 0x8d, 0x98, 0xb5, 0x9b, 0x55, 0x2c, 0x41,
    0x8b, 0xca, 0xcb, 0xa2, 0x83, 0xa0, 0xb7, 0xa5, 0x5c, 0x1c, 0x35, 0x8c, 0xce, 0xc4, 0xaf, 0x93,
    0x86, 0x94, 0xa3, 0x87, 0x4d, 0x3c, 0x5d, 0x9f, 0xcc, 0xbb, 0x96, 0x77, 0x8c, 0xaf, 0xac, 0x6f,
    0x2b, 0x3c, 0x85, 0xc9, 0xbb, 0x9d, 0x8e, 0x8d, 0xa3, 0xa7, 0x85, 0x4b, 0x35, 0x55, 0x94, 0xd1,
    0xd5, 0xab, 0x6b, 0x72, 0xb2, 0xb8, 0x6b, 0x2b, 0x45, 0x89, 0xba, 0xbf, 0xb3, 0x8e, 0x83, 0x92,
    0x9c, 0x79, 0x50, 0x56, 0x72, 0x9c, 0xaa, 0xbd, 0xc5, 0x8b, 0x64, 0x87, 0x97, 0x6c, 0x4e, 0x69,
    0x9a, 0xaa, 0xa8, 0xb0, 0x9f, 0x83, 0x70, 0x77, 0x91, 0x85, 0x6c, 0x7a, 0x94, 0x91, 0x93, 0xa8,
    0xa1, 0x79, 0x6c, 0x97, 0xb8, 0x90, 0x59, 0x62, 0x8a, 0x97, 0x96, 0x93, 0x91, 0x93, 0x8f, 0xa6,
    0xa7, 0x83, 0x59, 0x50, 0x6a, 0x88, 0xb0, 0xab, 0xa3, 0x9b, 0x9c, 0x99, 0x8b, 0x75, 0x43, 0x49,
    0x76, 0xb0, 0xc8, 0xae, 0x9c, 0x98, 0xac, 0x92, 0x5a, 0x33, 0x40, 0x83, 0xb6, 0xb9, 0xa4, 0xbb,
    0xbe, 0x92, 0x67, 0x6b, 0x64, 0x4c, 0x5e, 0x91, 0xc9, 0xd1, 0xb2, 0x81, 0x75, 0x8f, 0x97, 0x63,
    0x3d, 0x61, 0x9e, 0xc7, 0xc4, 0xa4, 0x88, 0x6e, 0x76, 0x96, 0x82, 0x56, 0x5d, 0xa7, 0xc4, 0x9e,
    0x8d, 0xa8, 0x91, 0x5a, 0x5d, 0x87, 0x9f, 0x88, 0x7d, 0x8b, 0xaf, 0xa9, 0x83, 0x6a, 0x74, 0x87,
    0x98, 0x9c, 0x82, 0x80, 0x93, 0xa9, 0x94, 0x76, 0x71, 0x77, 0x84, 0xa0, 0xad, 0x9c, 0x7d, 0x6b,
    0x78, 0x8f, 0xa1, 0x96, 0x7c, 0x6d, 0x86, 0xad, 0xb4, 0x8d, 0x62, 0x68, 0x87, 0x9e, 0x9f, 0x85,
    0x7c, 0x7f, 0x91, 0xa2, 0xa6, 0x8f, 0x66, 0x5c, 0x76, 0xa2, 0xb0, 0x9d, 0x80, 0x7e, 0x92, 0xa7,
    0x96, 0x6d, 0x62, 0x73, 0x91, 0xa1, 0x9c, 0x97, 0x92, 0x86, 0x7e, 0x84, 0x91, 0x9a, 0x83, 0x73,
    0x7c, 0x85, 0x8d, 0x99, 0xa7, 0x88, 0x74, 0x84, 0x98, 0xa0, 0x94, 0x84, 0x6d, 0x6d, 0x84, 0x8f,
    0x95, 0x98, 0x9f, 0x89, 0x83, 0x9c, 0xa9, 0x8c, 0x56, 0x56, 0x74, 0x97, 0xab, 0xa4, 0x99, 0x92,
    0x96, 0xaf, 0xaa, 0x60, 0x2d, 0x4e, 0x87, 0xa8, 0xac, 0xaf, 0x9b, 0x95, 0xa5, 0xb6, 0x7c, 0x32,
    0x39, 0x73, 0xae, 0xa9, 0xa5, 0x9d, 0x99, 0x96, 0xb9, 0x9b, 0x37, 0x27, 0x6a, 0xb6, 0xbb, 0xa3,
    0x9a, 0x87, 0x87, 0xaa, 0xaa, 0x68, 0x3c, 0x4d, 0x8f, 0xb2, 0xa7, 0xb1, 0x9a, 0x7f, 0x84, 0xad,
    0x93, 0x55, 0x47, 0x70, 0xaa, 0xbd, 0xbf, 0x93, 0x5f, 0x71, 0x9e, 0x95, 0x7a, 0x77, 0x87, 0x93,
    0x89, 0x8f, 0xa4, 0x83, 0x72, 0x92, 0xb3, 0x9b, 0x75, 0x6c, 0x84, 0x95, 0x8b, 0x8e, 0x75, 0x7a,
    0xa1, 0xc5, 0xac, 0x7d, 0x58, 0x65, 0x95, 0x91, 0x86, 0x7f, 0x83, 0x95, 0xbe, 0xb6, 0x8f, 0x69,
    0x53, 0x6e, 0x7b, 0x96, 0xac, 0x8e, 0x7c, 0xa1, 0xca, 0xb6, 0x6c, 0x40, 0x4f, 0x71, 0x9d, 0xb0,
    0xa1, 0x8c, 0x9b, 0xb0, 0xaf, 0x89, 0x4f, 0x3a, 0x52, 0x8b, 0xb4, 0xc8, 0xb1, 0x8c, 0x8b, 0xad,
    0xa9, 0x5a, 0x24, 0x3a, 0x7c, 0xbc, 0xd5, 0xbf, 0x93, 0x81, 0xa0, 0xab, 0x7f, 0x32, 0x25, 0x66,
    0x99, 0xca, 0xdf, 0xb7, 0x7a, 0x7c, 0xb5, 0xaa, 0x4c, 0x19, 0x43, 0x87, 0xc2, 0xd2, 0xb9, 0xa2,
    0x7b, 0x75, 0xac, 0xa7, 0x4f, 0x20, 0x58, 0xa5, 0xc4, 0xc2, 0xac, 0x8b, 0x6c, 0x88, 0xb1, 0x8f,
    0x4d, 0x36, 0x6c, 0xae, 0xc7, 0xb5, 0x9b, 0x89, 0x7d, 0x8b, 0xa8, 0x93, 0x48, 0x38, 0x71, 0xa4,
    0xcc, 0xba, 0x97, 0x7e, 0x73, 0x9f, 0xb5, 0x8d, 0x30, 0x2e, 0x71, 0xbb, 0xd7, 0xb7, 0x99, 0x84,
    0x8f, 0xa6, 0x9b, 0x42, 0x1a, 0x4a, 0xa5, 0xde, 0xd7, 0xab, 0x71, 0x85, 0xbc, 0xaf, 0x4c, 0x15,
    0x32, 0x7d, 0xc6, 0xcf, 0xd6, 0xaf, 0x70, 0x6e, 0xac, 0xb7, 0x48, 0x08, 0x30, 0xa7, 0xec, 0xeb,
    0xb2, 0x70, 0x7f, 0x9e, 0x97, 0x5b, 0x28, 0x35, 0x90, 0xd0, 0xd9, 0xc7, 0x89, 0x6e, 0x94, 0xa5,
    0x72, 0x3e, 0x3f, 0x81, 0xb4, 0xb2, 0xc9, 0xb6, 0x7d, 0x60, 0x79, 0x9d, 0x8a, 0x50, 0x38, 0x92,
    0xd7, 0xd3, 0x8e, 0x5f, 0x88, 0xb6, 0xa9, 0x58, 0x41, 0x62, 0x99, 0xb5, 0xab, 0xa0, 0x74, 0x7d,
    0xab, 0xc1, 0x8c, 0x4e, 0x49, 0x71, 0x96, 0x91, 0xa9, 0xb0, 0x97, 0x78, 0x9a, 0xb6, 0x86, 0x4d,
    0x42, 0x78, 0xb0, 0xb2, 0x8e, 0x77, 0x95, 0xbf, 0xae, 0x87, 0x5a, 0x4e, 0x65, 0x8e, 0xa2, 0x99,
    0x95, 0x9e, 0xa2, 0xa9, 0xb5, 0x78, 0x33, 0x3d, 0x79, 0xaa, 0xa7, 0xa5, 0xa7, 0xa0, 0x97, 0x97,
    0x9b, 0x63, 0x33, 0x55, 0x8c, 0xaa, 0xc1, 0xaf, 0x88, 0x86, 0xa8, 0xaf, 0x7b, 0x47, 0x40, 0x6e,
    0x8f, 0xb7, 0xc7, 0xa3, 0x90, 0x8e, 0x9e, 0x9d, 0x6b, 0x35, 0x43, 0x7c, 0xae, 0xd1, 0xb2, 0xad,
    0x90, 0x6c, 0x92, 0xa3, 0x65, 0x28, 0x55, 0x88, 0xd3, 0xd9, 0xaa, 0x77, 0x79, 0xab, 0xa5, 0x6b,
    0x2f, 0x4f, 0x72, 0xab, 0xbd, 0xc2, 0xc1, 0x76, 0x6d, 0xa1, 0xae, 0x4f, 0x2a, 0x4c, 0x95, 0xd3,
    0xc0, 0xbc, 0x8a, 0x81, 0x8d, 0x96, 0x6e, 0x42, 0x3e, 0x76, 0xd7, 0xd3, 0xa6, 0x74, 0x86, 0xaa,
    0xb0, 0x64, 0x35, 0x5a, 0x83, 0xab, 0xa3, 0xb5, 0xb4, 0x80, 0x67, 0xa2, 0xa3, 0x5c, 0x4c, 0x51,
    0xb0, 0xde, 0xa6, 0x67, 0x77, 0xbe, 0xa6, 0x69, 0x43, 0x75, 0x90, 0xa1, 0xa8, 0xab, 0x97, 0x62,
    0x60, 0x9f, 0xc8, 0x7b, 0x56, 0x61, 0x8c, 0xb2, 0xbb, 0xab, 0x68, 0x41, 0x85, 0xca, 0xb0, 0x71,
    0x43, 0x5b, 0xc3, 0xe6, 0x96, 0x3b, 0x5c, 0xb5, 0xba, 0x8b, 0x62, 0x75, 0x73, 0x84, 0xaa, 0xc4,
    0xaa, 0x5f, 0x3f, 0x9f, 0xd3, 0x92, 0x5e, 0x49, 0x76, 0xab, 0xc0, 0xb9, 0x80, 0x59, 0x82, 0xae,
    0x9f, 0x75, 0x4a, 0x43, 0x99, 0xea, 0xd1, 0x67, 0x54, 0x9d, 0xc5, 0x97, 0x57, 0x52, 0x53, 0x77,
    0xbc, 0xd9, 0xaf, 0x6d, 0x7f, 0xa7, 0x9d, 0x7a, 0x4d, 0x3c, 0x5d, 0xa8, 0xd9, 0xd7, 0x90, 0x70,
    0x87, 0xab, 0x91, 0x64, 0x3a, 0x39, 0x8f, 0xc5, 0xda, 0x9e, 0x77, 0x8f, 0xc9, 0xad, 0x52, 0x28,
    0x23, 0x79, 0xc4, 0xdb, 0xb6, 0x8a, 0x99, 0xb2, 0xa3, 0x6b, 0x35, 0x1d, 0x5d, 0xaa, 0xd6, 0xdc,
    0xa1, 0x7b, 0x9a, 0xc2, 0x85, 0x33, 0x12, 0x36, 0xb0, 0xed, 0xd2, 0x8d, 0x83, 0xa9, 0xbc, 0x8f,
    0x38, 0x19, 0x40, 0x9c, 0xc6, 0xda, 0xbb, 0x7c, 0x7b, 0xbe, 0xba, 0x4c, 0x0e, 0x2e, 0x8f, 0xbb,
    0xcb, 0xd2, 0xa9, 0x6b, 0x7e, 0xb0, 0x95, 0x40, 0x17, 0x5f, 0xb5, 0xd8, 0xcf, 0x93, 0x67, 0x9b,
    0xc2, 0x82, 0x3a, 0x32, 0x65, 0xaf, 0xbd, 0xae, 0xa5, 0x82, 0x79, 0x9e, 0xba, 0x87, 0x34, 0x3a,
    0x84, 0xab, 0xa1, 0xb2, 0xb2, 0x8c, 0x79, 0x8d, 0xa5, 0x8c, 0x47, 0x3e, 0x7a, 0xa5, 0xc2, 0xaa,
    0x86, 0x7f, 0xb1, 0xb2, 0x86, 0x67, 0x42, 0x53, 0x77, 0xb7, 0xce, 0x9c, 0x7f, 0x89, 0xae, 0xb5,
    0x74, 0x39, 0x4e, 0x6f, 0x84, 0xa9, 0xbf, 0xc9, 0x8e, 0x7c, 0x96, 0xb9, 0x73, 0x1c, 0x36, 0x6e,
    0xc8, 0xd1, 0xbc, 0x89, 0x97, 0x9e, 0x9c, 0x7c, 0x37, 0x33, 0x4b, 0xa6, 0xd8, 0xda, 0xa6, 0x7d,
    0x92, 0xb1, 0x8f, 0x2a, 0x24, 0x4d, 0x98, 0xdf, 0xdf, 0xaf, 0x8d, 0xa3, 0x91, 0x69, 0x3c, 0x3a,
    0x56, 0x8f, 0xcb, 0xcd, 0xca, 0xac, 0x77, 0x64, 0x85, 0x7a, 0x53, 0x4e, 0x5f, 0xa7, 0xef, 0xe5,
    0x84, 0x49, 0x99, 0xbb, 0x71, 0x38, 0x48, 0x6d, 0x9e, 0xc6, 0xcd, 0xbc, 0x7c, 0x5c, 0x89, 0xb1,
    0x70, 0x44, 0x37, 0x73, 0xe1, 0xf4, 0xa2, 0x5a, 0x71, 0x9f, 0xa9, 0x84, 0x67, 0x3d, 0x46, 0xa7,
    0xfb, 0xc7, 0x61, 0x47, 0x9c, 0xdd, 0xa4, 0x59, 0x3a, 0x4f, 0x7e, 0xb0, 0xcd, 0xb2, 0x7b, 0x68,
    0x9e, 0xd5, 0xa3, 0x43, 0x00, 0x4a, 0xb7, 0xe1, 0xc8, 0x8e, 0x77, 0x8f, 0xb3, 0x9c, 0x77, 0x38,
    0x1f, 0x65, 0xd3, 0xed, 0xb4, 0x77, 0x72, 0xa6, 0xc9, 0xa4, 0x22, 0x00, 0x4e, 0xae, 0xde, 0xd8,
    0xb7, 0x82, 0x71, 0x89, 0xbc, 0x8e, 0x15, 0x06, 0x78, 0xdd, 0xe6, 0xb1, 0x88, 0x88, 0x94, 0xa8,
    0xa0, 0x51, 0x08, 0x3b, 0x9b, 0xe2, 0xeb, 0x9f, 0x76, 0x7e, 0xac, 0xc2, 0x73, 0x0d, 0x12, 0x7f,
    0xca, 0xcf, 0xb0, 0xbc, 0xa3, 0x70, 0x7e, 0x9d, 0x6f, 0x1e, 0x38, 0x84, 0xe4, 0xe2, 0xb9, 0x8a,
    0x61, 0x87, 0xb9, 0x89, 0x26, 0x2d, 0x60, 0xc9, 0xed, 0xc1, 0x8c, 0x6c, 0x96, 0xb1, 0x8f, 0x35,
    0x25, 0x64, 0xaf, 0xbc, 0xb0, 0xe3, 0xb6, 0x48, 0x45, 0xae, 0xa9, 0x41, 0x2a, 0x68, 0xe2, 0xe7,
    0xb7, 0x6e, 0x5c, 0x93, 0xa3, 0x8b, 0x57, 0x52, 0x60, 0xb0, 0xcf, 0xbb, 0x91, 0x65, 0x72, 0xa2,
    0xa1, 0x66, 0x54, 0x60, 0x9f, 0xb2, 0xa0, 0xb1, 0x9e, 0x62, 0x68, 0xad, 0x99, 0x61, 0x4d, 0x65,
    0xb8, 0xd0, 0xc0, 0x77, 0x40, 0x8c, 0xb5, 0xa0, 0x65, 0x4d, 0x6e, 0x9b, 0xc0, 0xbd, 0x90, 0x5b,
    0x71, 0xa1, 0xb0, 0x82, 0x5a, 0x53, 0x7e, 0xa6, 0xb0, 0xc3, 0x95, 0x5c, 0x69, 0xab, 0xa9, 0x7c,
    0x41, 0x4a, 0xa2, 0xcc, 0xc8, 0x88, 0x54, 0x6b, 0xb2, 0xbf, 0x80, 0x4c, 0x4e, 0x78, 0xa1, 0xc1,
    0xc0, 0x81, 0x5f, 0x8c, 0xc4, 0xa5, 0x4f, 0x2d, 0x63, 0x98, 0xaa, 0xc3, 0xc6, 0x8c, 0x5b, 0x7e,
    0xb1, 0xb0, 0x42, 0x11, 0x60, 0xbd, 0xe5, 0xca, 0x93, 0x60, 0x7f, 0xa0, 0xa1, 0x63, 0x2b, 0x49,
    0x8c, 0xcf, 0xe4, 0xb4, 0x73, 0x71, 0x99, 0xb3, 0x73, 0x1f, 0x2a, 0x71, 0xbc, 0xeb, 0xde, 0x9a,
    0x66, 0x80, 0x9e, 0x92, 0x41, 0x0e, 0x52, 0xbb, 0xdd, 0xd6, 0xc4, 0x8d, 0x65, 0x69, 0x9b, 0x70,
    0x32, 0x46, 0x81, 0xc0, 0xdb, 0xd9, 0xa0, 0x55, 0x64, 0xa5, 0xa5, 0x44, 0x1d, 0x56, 0xa7, 0xe2,
    0xd7, 0xbf, 0x82, 0x71, 0x77, 0x86, 0x6b, 0x3e, 0x3e, 0x8a, 0xdf, 0xdb, 0xc3, 0x8a, 0x63, 0x69,
    0xa5, 0x83, 0x4d, 0x45, 0x65, 0xb9, 0xbb, 0xd0, 0xc0, 0x67, 0x44, 0x8c, 0xbe, 0x7b, 0x34, 0x3f,
    0x91, 0xcd, 0xda, 0xae, 0x6a, 0x65, 0x96, 0xa0, 0x86, 0x5b, 0x45, 0x6c, 0xa4, 0xc4, 0xc9, 0x9c,
    0x6a, 0x7b, 0x9b, 0x8f, 0x69, 0x5e, 0x5a, 0x81, 0xac, 0xcc, 0xc7, 0x69, 0x4a, 0x96, 0xc5, 0x9c,
    0x54, 0x2e, 0x65, 0xa7, 0xc2, 0xc6, 0x89, 0x5d, 0x86, 0xbe, 0xab, 0x6a, 0x39, 0x45, 0x7c, 0xbd,
    0xe4, 0xb0, 0x5a, 0x60, 0xac, 0xd0, 0x8e, 0x3e, 0x34, 0x58, 0x98, 0xc8, 0xe1, 0xac, 0x4f, 0x61,
    0xbd, 0xd5, 0x72, 0x0e, 0x26, 0x82, 0xd3, 0xe6, 0xac, 0x68, 0x79, 0xb3, 0xb8, 0x7c, 0x32, 0x26,
    0x62, 0xb6, 0xe3, 0xc8, 0x89, 0x7b, 0x8e, 0xaa, 0x95, 0x4f, 0x24, 0x49, 0x96, 0xcb, 0xdc, 0xc4,
    0x7c, 0x63, 0x9b, 0xbd, 0x74, 0x18, 0x1c, 0x73, 0xdc, 0xe9, 0xc6, 0x82, 0x76, 0x96, 0xa1, 0x79,
    0x3c, 0x38, 0x5c, 0x9b, 0xd3, 0xe9, 0xb5, 0x7c, 0x77, 0x91, 0x84, 0x5c, 0x2f, 0x52, 0x90, 0xbb,
    0xdb, 0xdf, 0xa5, 0x50, 0x5d, 0x99, 0x9b, 0x50, 0x2b, 0x56, 0xc2, 0xf1, 0xc8, 0x8a, 0x73, 0x89,
    0x90, 0x80, 0x5a, 0x56, 0x60, 0x87, 0xbb, 0xd7, 0xbf, 0x7e, 0x5f, 0x8a, 0xab, 0x79, 0x47, 0x3e,
    0x72, 0xb4, 0xcd, 0xd1, 0xa7, 0x6d, 0x5e, 0x82, 0xa7, 0x8a, 0x37, 0x36, 0x9b, 0xdf, 0xcf, 0x90,
    0x78, 0x86, 0x96, 0x8b, 0x8a, 0x65, 0x45, 0x58, 0x95, 0xe3, 0xd1, 0x88, 0x57, 0x91, 0xb7, 0x9c,
    0x64, 0x39, 0x46, 0x84, 0xba, 0xc5, 0xc3, 0x9c, 0x6b, 0x6f, 0xb3, 0xa7, 0x50, 0x1a, 0x49, 0xb0,
    0xdf, 0xc9, 0x9e, 0x6e, 0x82, 0xa8, 0xa1, 0x72, 0x35, 0x37, 0x74, 0xcc, 0xec, 0xc0, 0x5e, 0x60,
    0xb5, 0xc9, 0x6f, 0x26, 0x39, 0x6e, 0xa8, 0xc6, 0xdf, 0xc3, 0x69, 0x55, 0xa2, 0xb7, 0x64, 0x0f,
    0x2f, 0xa1, 0xe8, 0xe5, 0xb5, 0x71, 0x69, 0x8f, 0x98, 0x78, 0x52, 0x47, 0x60, 0xbc, 0xef, 0xcc,
    0x71, 0x50, 0x9b, 0xb5, 0x7e, 0x46, 0x4f, 0x6a, 0x83, 0xbb, 0xeb, 0xd1, 0x68, 0x47, 0x91, 0xb5,
    0x79, 0x43, 0x30, 0x7b, 0xda, 0xdc, 0xb5, 0x70, 0x75, 0x86, 0x98, 0x8f, 0x6a, 0x49, 0x4c, 0x9b,
    0xd6, 0xe0, 0x9b, 0x46, 0x70, 0xc6, 0xaf, 0x5c, 0x30, 0x4b, 0x88, 0xc0, 0xce, 0xc5, 0x8f, 0x67,
    0x7b, 0xa7, 0x9c, 0x4f, 0x24, 0x4c, 0xb9, 0xe9, 0xd0, 0x8f, 0x68, 0x7a, 0xa9, 0xa7, 0x64, 0x37,
    0x30, 0x8f, 0xe1, 0xda, 0xa0, 0x67, 0x78, 0xac, 0xb8, 0x79, 0x35, 0x2a, 0x71, 0xa7, 0xbe, 0xe3,
    0xbf, 0x6b, 0x5e, 0xa0, 0xb7, 0x65, 0x0b, 0x33, 0x9d, 0xe0, 0xe8, 0xb5, 0x74, 0x68, 0x88, 0xae,
    0x86, 0x41, 0x2c, 0x66, 0xbd, 0xdd, 0xd5, 0x96, 0x6b, 0x6e, 0xa6, 0xaa, 0x5e, 0x21, 0x32, 0x90,
    0xdc, 0xec, 0xcb, 0x80, 0x5a, 0x87, 0xa7, 0x85, 0x2f, 0x1e, 0x77, 0xd2, 0xe8, 0xce, 0x98, 0x6b,
    0x69, 0x90, 0x96, 0x6a, 0x34, 0x49, 0x98, 0xca, 0xe1, 0xcc, 0x87, 0x50, 0x70, 0xae, 0x99, 0x44,
    0x1f, 0x5d, 0xb1, 0xe9, 0xe6, 0xab, 0x6d, 0x66, 0x85, 0x8f, 0x7c, 0x42, 0x4c, 0x7d, 0xb7, 0xd9,
    0xc9, 0xa8, 0x6a, 0x51, 0x8d, 0xb7, 0x63, 0x32, 0x51, 0x9f, 0xd4, 0xc3, 0xa0, 0x85, 0x88, 0x86,
    0x82, 0x78, 0x69, 0x68, 0x77, 0x8d, 0xa4, 0xb7, 0xaf, 0x8d, 0x7b, 0x7f, 0x8c, 0x80, 0x6c, 0x71,
    0x87, 0x9b, 0x9e, 0x92, 0x7e, 0x87, 0x95, 0xa2, 0x9d, 0x6f, 0x5f, 0x85, 0xb0, 0xa3, 0x6e, 0x66,
    0x7b, 0x9e, 0xa9, 0xa6, 0x8f, 0x69, 0x7b, 0xa3, 0x98, 0x68, 0x6c, 0x7f, 0x8c, 0x8f, 0x9b, 0xb8,
    0xa0, 0x6a, 0x6b, 0xa5, 0xa8, 0x6d, 0x46, 0x57, 0x9f, 0xca, 0xc9, 0x8f, 0x55, 0x74, 0xb1, 0xb0,
    0x69, 0x32, 0x60, 0xb5, 0xb6, 0xa7, 0x93, 0x7d, 0x7b, 0x9d, 0xad, 0x73, 0x4f, 0x62, 0x83, 0xa7,
    0xb6, 0xad, 0x97, 0x69, 0x5d, 0x9f, 0xc6, 0x8d, 0x49, 0x2f, 0x7e, 0xd1, 0xd8, 0x9b, 0x53, 0x5d,
    0x9e, 0xc6, 0xa3, 0x6c, 0x4e, 0x63, 0x93, 0xac, 0xad, 0x8c, 0x5f, 0x83, 0xb9, 0xbd, 0x95, 0x5b,
    0x49, 0x6d, 0x86, 0x97, 0xa8, 0xa4, 0x7f, 0x7c, 0xaf, 0xc8, 0x9f, 0x44, 0x2a, 0x6e, 0xb1, 0xa8,
    0x75, 0x62, 0xb4, 0xe5, 0xc8, 0x87, 0x4a, 0x3f, 0x51, 0x77, 0x9f, 0xa0, 0x93, 0xa3, 0xaf, 0xb8,
    0xba, 0x86, 0x34, 0x2b, 0x53, 0x90, 0xbb, 0xbf, 0xa3, 0x82, 0x84, 0xbf, 0xc8, 0x72, 0x23, 0x2d,
    0x76, 0x9b, 0xae, 0xaf, 0x9f, 0x9a, 0xa0, 0xb0, 0x9e, 0x64, 0x34, 0x3d, 0x79, 0xa9, 0xb1, 0xa5,
    0xac, 0xae, 0x93, 0x7e, 0x82, 0x7f, 0x60, 0x4a, 0x68, 0x97, 0xa8, 0xbc, 0xb3, 0x92, 0x8d, 0x95,
    0x83, 0x75, 0x74, 0x58, 0x68, 0x82, 0x94, 0xba, 0xc2, 0xab, 0x74, 0x73, 0xb0, 0x9b, 0x49, 0x37,
    0x69, 0x9f, 0xad, 0x9e, 0xae, 0xb0, 0x7f, 0x86, 0xae, 0x91, 0x3f, 0x36, 0x57, 0x96, 0xcb, 0xc6,
    0xb6, 0x7c, 0x7b, 0xa4, 0xa4, 0x57, 0x36, 0x43, 0x88, 0xd1, 0xae, 0xa9, 0xa9, 0x95, 0x8a, 0x8b,
    0x7b, 0x4e, 0x45, 0x62, 0x93, 0xc1, 0xe5, 0xb8, 0x69, 0x78, 0x9f, 0x88, 0x46, 0x43, 0x7a, 0xb0,
    0xa2, 0xa0, 0xc3, 0xb9, 0x77, 0x53, 0x75, 0x77, 0x85, 0x71, 0x74, 0xa8, 0xc2, 0xad, 0x7d, 0x83,
    0x99, 0x78, 0x59, 0x69, 0x95, 0xa0, 0x8e, 0x85, 0xae, 0xbc, 0x71, 0x55, 0x80, 0xb0, 0x89, 0x60,
    0x71, 0x9e, 0xaf, 0x93, 0x8b, 0x7c, 0x7c, 0x88, 0x91, 0x96, 0x88, 0x79, 0x7f, 0x99, 0x8d, 0x8f,
    0x92, 0x78, 0x87, 0x9f, 0xa1, 0x81, 0x7b, 0x67, 0x75, 0x8d, 0x98, 0xb4, 0xa2, 0x7c, 0x5f, 0x97,
    0xc2, 0x80, 0x3d, 0x54, 0x9f, 0xc0, 0xa8, 0x8e, 0x8b, 0xa3, 0x8f, 0x71, 0x7a, 0x75, 0x5c, 0x6e,
    0xa0, 0xbc, 0xb9, 0x97, 0x7f, 0x81, 0xa0, 0x90, 0x55, 0x42, 0x59, 0x99, 0xcb, 0xd2, 0xc1, 0x8c,
    0x59, 0x60, 0xa4, 0xa3, 0x48, 0x27, 0x6e, 0xc9, 0xfa, 0xca, 0x7a, 0x5a, 0x6b, 0x9a, 0x91, 0x7d,
    0x53, 0x52, 0x7c, 0xbc, 0xef, 0xc5, 0x80, 0x52, 0x56, 0xa7, 0xbd, 0x5e, 0x32, 0x52, 0xaa, 0xda,
    0xc6, 0xb5, 0x83, 0x43, 0x6d, 0xb9, 0xa8, 0x4d, 0x30, 0x79, 0xb3, 0xc6, 0xc1, 0xae, 0x6b, 0x4e,
    0x8b, 0xc0, 0x97, 0x42, 0x3d, 0x6f, 0xb2, 0xd6, 0xc9, 0x8b, 0x5b, 0x88, 0xb7, 0xa0, 0x4b, 0x2b,
    0x63, 0x9d, 0xb5, 0xc0, 0xd2, 0x8f, 0x4a, 0x7c, 0xbf, 0x9c, 0x40, 0x3b, 0x60, 0x9e, 0xd2, 0xd9,
    0xa6, 0x64, 0x7f, 0xa1, 0x9d, 0x5d, 0x36, 0x4d, 0x95, 0xd6, 0xd2, 0xa4, 0x76, 0x96, 0xa6, 0x7a,
    0x44, 0x45, 0x73, 0x93, 0x98, 0xab, 0xe4, 0xc0, 0x5a, 0x6c, 0xaa, 0x80, 0x46, 0x43, 0x61, 0xac,
    0xd8, 0xd8, 0x92, 0x65, 0x96, 0xa2, 0x82, 0x4c, 0x49, 0x6b, 0x9f, 0xbf, 0xc0, 0xa8, 0x79, 0x6f,
    0xad, 0x9d, 0x55, 0x53, 0x68, 0xa0, 0x9c, 0x92, 0xc8, 0xbc, 0x53, 0x5a, 0xb3, 0xa7, 0x6f, 0x46,
    0x59, 0xab, 0xd1, 0xb3, 0x73, 0x66, 0x9c, 0xa6, 0x87, 0x6f, 0x6a, 0x76, 0x88, 0xa3, 0xc0, 0xa2,
    0x61, 0x5b, 0xa9, 0xc1, 0x87, 0x4b, 0x59, 0x94, 0xad, 0x9e, 0x95, 0x92, 0x8f, 0x83, 0x6f, 0x9e,
    0x9c, 0x70, 0x57, 0x76, 0xad, 0xc8, 0xad, 0x6a, 0x4f, 0x89, 0xb2, 0x98, 0x83, 0x6f, 0x78, 0x80,
    0x96, 0xaf, 0xa3, 0x74, 0x68, 0x8c, 0xb5, 0xaf, 0x6f, 0x51, 0x60, 0x85, 0xb6, 0xaf, 0x94, 0xa2,
    0x91, 0x63, 0x85, 0xa7, 0x7f, 0x5d, 0x62, 0x8d, 0xa5, 0xa6, 0x95, 0xa1, 0x9c, 0x81, 0x77, 0x8c,
    0x94, 0x5c, 0x4c, 0x6b, 0xbe, 0xd9, 0x9e, 0x8b, 0x8a, 0x99, 0x98, 0x63, 0x4a, 0x4d, 0x7a, 0xb3,
    0xb0, 0xa7, 0xc2, 0xa6, 0x6d, 0x65, 0x8b, 0x8c, 0x4e, 0x52, 0x7e, 0xad, 0xd7, 0xd2, 0x84, 0x4f,
    0x81, 0xb5, 0x99, 0x4c, 0x3a, 0x65, 0xab, 0xd5, 0xc8, 0xa8, 0x75, 0x5f, 0x7e, 0x9a, 0x79, 0x50,
    0x6a, 0xa4, 0xb1, 0x9e, 0xb7, 0xb6, 0x78, 0x4e, 0x58, 0x94, 0x96, 0x78, 0x76, 0x9c, 0xbe, 0xa9,
    0x85, 0x5d, 0x77, 0x9f, 0x9d, 0x78, 0x6e, 0x85, 0x98, 0xa8, 0x9f, 0x8c, 0x6b, 0x69, 0xa1, 0xb5,
    0x84, 0x5a, 0x67, 0x93, 0xb8, 0x95, 0x82, 0x8d, 0x7c, 0x7b, 0x8e, 0xa8, 0x91, 0x78, 0x69, 0x7e,
    0x9c, 0xa3, 0xa4, 0x73, 0x4d, 0x94, 0xc9, 0xa5, 0x6f, 0x65, 0x86, 0x94, 0x93, 0x89, 0x84, 0x82,
    0x8d, 0x8f, 0xa0, 0x9a, 0x85, 0x6d, 0x67, 0x82, 0x94, 0x9b, 0x93, 0x98, 0x9c, 0x96, 0x7e, 0x6f,
    0x83, 0x91, 0x90, 0x86, 0x89, 0x81, 0x6e, 0x94, 0xac, 0xa0, 0x76, 0x7f, 0x9c, 0x98, 0x87, 0x76,
    0x76, 0x79, 0x8f, 0x90, 0x93, 0x98, 0x8f, 0x91, 0x88, 0x7f, 0x96, 0x9f, 0x87, 0x64, 0x6d, 0x78,
    0x8f, 0x9f, 0x9a, 0x9f, 0x95, 0xa2, 0xa4, 0x91, 0x58, 0x47, 0x69, 0x74, 0x8a, 0xa2, 0xc5, 0xc7,
    0x8e, 0x86, 0xb0, 0x9b, 0x4d, 0x33, 0x43, 0x79, 0xb1, 0xc9, 0xce, 0x9d, 0x8d, 0xa6, 0x96, 0x5e,
    0x3e, 0x4b, 0x72, 0x8c, 0xa1, 0xcf, 0xd0, 0xa0, 0x89, 0x8f, 0x79, 0x4f, 0x42, 0x4a, 0x7a, 0xc5,
    0xe9, 0xbd, 0x7d, 0x7d, 0xa8, 0xa1, 0x65, 0x2b, 0x3c, 0x8f, 0xb1, 0xb8, 0xbf, 0xa3, 0x7a, 0x7f,
    0xa3, 0x94, 0x6e, 0x4c, 0x51, 0x82, 0xab, 0xcf, 0xc1, 0x89, 0x63, 0x72, 0xa9, 0xb4, 0x77, 0x35,
    0x3c, 0x8b, 0xc9, 0xc5, 0x9d, 0x8c, 0x82, 0x99, 0xa0, 0x7d, 0x64, 0x53, 0x69, 0x89, 0xa9, 0xa4,
    0x9b, 0xa4, 0xb5, 0xad, 0x88, 0x5d, 0x38, 0x46, 0x7c, 0xb3, 0xa9, 0x8e, 0x9a, 0xa0, 0xa4, 0xbd,
    0x97, 0x4a, 0x3c, 0x64, 0x89, 0xac, 0xba, 0xa6, 0x79, 0x87, 0xbd, 0xab, 0x7b, 0x45, 0x43, 0x6f,
    0x9f, 0xc0, 0xaf, 0x87, 0x7e, 0x9a, 0xb3, 0x9d, 0x65, 0x43, 0x56, 0x8b, 0xb2, 0xa5, 0x8f, 0xac,
    0xa0, 0x5d, 0x72, 0xca, 0x94, 0x44, 0x56, 0x89, 0xa0, 0x8c, 0xab, 0xb4, 0x7b, 0x6f, 0x9d, 0xac,
    0xa2, 0x7b, 0x59, 0x59, 0x73, 0xa4, 0xaa, 0x8d, 0x8d, 0x91, 0xa0, 0xb3, 0xa9, 0x86, 0x4d, 0x41,
    0x6d, 0x7d, 0x91, 0xb1, 0xad, 0xa6, 0xac, 0xac, 0x9d, 0x7c, 0x34, 0x26, 0x60, 0xa2, 0xd0, 0xc0,
    0x9b, 0x9c, 0xae, 0xbe, 0x89, 0x31, 0x05, 0x48, 0xb3, 0xbc, 0x9d, 0xac, 0xdf, 0xb4, 0x63, 0x6f,
    0x92, 0x4e, 0x31, 0x53, 0x97, 0xe4, 0xe7, 0xb5, 0x72, 0x73, 0x9f, 0x8a, 0x38, 0x2a, 0x5c, 0xaa,
    0xde, 0xd3, 0xb4, 0x89, 0x7b, 0x87, 0x7e, 0x4f, 0x2e, 0x60, 0xaf, 0xd4, 0xb3, 0xaf, 0xd6, 0x91,
    0x1b, 0x27, 0x97, 0xab, 0x77, 0x63, 0x9a, 0xdb, 0xbf, 0x96, 0x6a, 0x59, 0x71, 0x87, 0x8d, 0x82,
    0x93, 0x9a, 0x97, 0x9b, 0x94, 0x88, 0x6d, 0x6d, 0x95, 0xa0, 0x87, 0x7d, 0x90, 0x94, 0x7e, 0x8d,
    0xb9, 0x8e, 0x47, 0x58, 0xb2, 0xd6, 0x93, 0x5c, 0x6d, 0x94, 0xa4, 0x9b, 0x80, 0x66, 0x6b, 0x98,
    0xba, 0xae, 0x80, 0x67, 0x61, 0x7a, 0xb2, 0xc1, 0x92, 0x60, 0x60, 0x9f, 0xca, 0x89, 0x53, 0x53,
    0x7c, 0xad, 0xc2, 0xbb, 0x92, 0x64, 0x5e, 0x83, 0xa4, 0x88, 0x5b, 0x69, 0x9a, 0xb5, 0xb4, 0xa3,
    0x81, 0x6e, 0x6b, 0x90, 0xa4, 0x7e, 0x5a, 0x5d, 0x99, 0xcf, 0xc0, 0x92, 0x68, 0x6a, 0x99, 0x9c,
    0x80, 0x61, 0x53, 0x7c, 0xb6, 0xcf, 0xb6, 0x82, 0x5b, 0x60, 0x9a, 0xc5, 0x98, 0x42, 0x4c, 0x91,
    0xb3, 0xb2, 0x9e, 0x8b, 0x72, 0x7b, 0xa2, 0xc4, 0x8a, 0x29, 0x3b, 0x87, 0xcb, 0xc7, 0x91, 0x84,
    0x7d, 0x8e, 0xba, 0xaf, 0x54, 0x18, 0x48, 0xa1, 0xe1, 0xc4, 0xa1, 0x72, 0x67, 0xa9, 0xca, 0x88,
    0x10, 0x27, 0x7d, 0xc7, 0xe7, 0xc1, 0x85, 0x66, 0x84, 0xad, 0xab, 0x5d, 0x16, 0x3d, 0x8d, 0xde,
    0xee, 0xbd, 0x7b, 0x59, 0x88, 0xb5, 0x88, 0x2d, 0x2a, 0x6d, 0xbc, 0xdd, 0xe9, 0xb4, 0x52, 0x42,
    0x9b, 0xca, 0x62, 0x20, 0x4c, 0x93, 0xd5, 0xe2, 0xb5, 0x7a, 0x6f, 0x78, 0x91, 0x99, 0x4f, 0x40,
    0x62, 0xa4, 0xe0, 0xdb, 0x98, 0x5f, 0x83, 0x9e, 0x91, 0x58, 0x46, 0x56, 0x94, 0xc4, 0xb7, 0xcf,
    0xa7, 0x54, 0x51, 0xa5, 0xb4, 0x5e, 0x3b, 0x45, 0x95, 0xe5, 0xdb, 0xa5, 0x63, 0x8a, 0x98, 0x85,
    0x66, 0x49, 0x61, 0x6d, 0xaf, 0xe4, 0xc7, 0x83, 0x6d, 0x9e, 0xa6, 0x67, 0x43, 0x4e, 0x70, 0x9d,
    0xb1, 0xb8, 0xdb, 0xa7, 0x5f, 0x69, 0x93, 0x83, 0x4a, 0x40, 0x6f, 0xbe, 0xd1, 0xd0, 0x9a, 0x64,
    0x8a, 0x94, 0x75, 0x64, 0x65, 0x68, 0x6c, 0xa3, 0xd6, 0xc7, 0x90, 0x7b, 0x8a, 0x9f, 0x76, 0x49,
    0x5a, 0x67, 0x86, 0xa8, 0xd3, 0xde, 0x8e, 0x50, 0x78, 0xae, 0x95, 0x43, 0x2f, 0x74, 0xba, 0xc7,
    0xa9, 0x9b, 0x99, 0x86, 0x83, 0x8b, 0x78, 0x62, 0x3a, 0x62, 0xbe, 0xd9, 0xc4, 0x8d, 0x7a, 0x8e,
    0x95, 0x80, 0x58, 0x3c, 0x4f, 0x99, 0xd8, 0xe5, 0xc1, 0x6f, 0x4e, 0x82, 0xb0, 0x7f, 0x3d, 0x42,
    0x82, 0xc6, 0xce, 0xc8, 0xa1, 0x6b, 0x4c, 0x81, 0xa9, 0x79, 0x51, 0x5b, 0x96, 0xb7, 0xc4, 0xc9,
    0xa9, 0x4b, 0x37, 0x8d, 0xb5, 0x90, 0x4d, 0x46, 0x8b, 0xdc, 0xe9, 0x9b, 0x4d, 0x65, 0x94, 0xa7,
    0x8f, 0x51, 0x57, 0x7b, 0xa0, 0xc5, 0xb9, 0x93, 0x6a, 0x71, 0xac, 0xa0, 0x78, 0x57, 0x51, 0x7c,
    0x9f, 0xba, 0xbf, 0x9c, 0x64, 0x6b, 0xb2, 0xbc, 0x6f, 0x3c, 0x43, 0x75, 0xbd, 0xce, 0xa9, 0x86,
    0x82, 0x9f, 0xa4, 0x8d, 0x56, 0x30, 0x3c, 0x96, 0xe7, 0xd0, 0x9d, 0x7d, 0x92, 0x9f, 0x95, 0x62,
    0x3c, 0x3f, 0x71, 0xae, 0xcc, 0xdb, 0xa9, 0x75, 0x7a, 0x95, 0x89, 0x5c, 0x40, 0x57, 0x88, 0xbf,
    0xde, 0xb8, 0x80, 0x7d, 0x83, 0x8e, 0x82, 0x5d, 0x52, 0x62, 0x96, 0xc7, 0xca, 0xb0, 0x78, 0x68,
    0x98, 0x9a, 0x76, 0x47, 0x4c, 0x85, 0xb3, 0xc2, 0xc9, 0x9d, 0x66, 0x62, 0x97, 0x9f, 0x5c, 0x58,
    0x69, 0x97, 0xc0, 0xc9, 0xa7, 0x64, 0x75, 0x8d, 0x8b, 0x83, 0x64, 0x69, 0x79, 0xa3, 0xc3, 0xb7,
    0x94, 0x65, 0x69, 0x97, 0x97, 0x77, 0x6b, 0x68, 0x85, 0xa3, 0xc3, 0xd0, 0x7c, 0x45, 0x7a, 0xa4,
    0x95, 0x64, 0x61, 0x70, 0x99, 0xc7, 0xcd, 0x93, 0x61, 0x6c, 0x77, 0x9e, 0x81, 0x71, 0x6f, 0x73,
    0xb5, 0xc4, 0xb5, 0x92, 0x51, 0x5a, 0x96, 0xa0, 0x7d, 0x69, 0x73, 0x8a, 0xa9, 0xc7, 0xb9, 0x6e,
    0x56, 0x69, 0x9c, 0xa0, 0x77, 0x6e, 0x73, 0x96, 0xb7, 0xc1, 0x97, 0x51, 0x5e, 0xa2, 0xaa, 0x80,
    0x5f, 0x62, 0x8e, 0xbe, 0xb9, 0x9d, 0x7b, 0x68, 0x6d, 0x94, 0xa2, 0x77, 0x6f, 0x85, 0x85, 0x90,
    0xbe, 0xbb, 0x6d, 0x44, 0x82, 0xbc, 0xa6, 0x6e, 0x5e, 0x70, 0x8a, 0xac, 0xbc, 0x99, 0x6f, 0x66,
    0x84, 0xba, 0x9f, 0x61, 0x60, 0x70, 0x94, 0xb1, 0xb8, 0xa0, 0x60, 0x6b, 0x96, 0xa9, 0x8f, 0x5d,
    0x58, 0x7d, 0xa9, 0xc5, 0xb7, 0x7f, 0x54, 0x61, 0xaf, 0xb6, 0x7a, 0x53, 0x5e, 0x86, 0xc1, 0xd1,
    0xa2, 0x58, 0x5a, 0x90, 0x9f, 0x9e, 0x72, 0x60, 0x63, 0x8c, 0xcb, 0xd6, 0x9e, 0x5e, 0x46, 0x82,
    0xb6, 0x91, 0x68, 0x57, 0x6e, 0xa6, 0xdb, 0xd5, 0x82, 0x44, 0x53, 0x97, 0xbb, 0x76, 0x58, 0x6f,
    0x90, 0xa5, 0xbc, 0xc0, 0x82, 0x4d, 0x64, 0x9d, 0xaf, 0x88, 0x59, 0x5f, 0x7e, 0xbd, 0xdb, 0xaa,
    0x57, 0x4d, 0x91, 0xc0, 0xa0, 0x54, 0x43, 0x72, 0xa1, 0xc7, 0xbc, 0x8f, 0x73, 0x61, 0x89, 0xc2,
    0xa1, 0x4c, 0x3d, 0x67, 0xa6, 0xd6, 0xc9, 0x8e, 0x57, 0x69, 0xac, 0xb6, 0x7d, 0x45, 0x40, 0x74,
    0xc5, 0xdd, 0xaa, 0x71, 0x5d, 0x8a, 0xba, 0xb6, 0x64, 0x25, 0x3c, 0x87, 0xe2, 0xeb, 0xa5, 0x5c,
    0x65, 0xa0, 0xb8, 0x8c, 0x3d, 0x2e, 0x66, 0xb1, 0xdb, 0xda, 0xa0, 0x5d, 0x51, 0x8c, 0xc1, 0x8a,
    0x45, 0x3e, 0x68, 0xc6, 0xfc, 0xc8, 0x66, 0x3e, 0x75, 0xa4, 0xb3, 0x79, 0x46, 0x4e, 0x7d, 0xde,
    0xee, 0xa4, 0x56, 0x43, 0x87, 0xb1, 0x93, 0x71, 0x5f, 0x6a, 0x95, 0xc6, 0xcf, 0xa5, 0x4d, 0x26,
    0x87, 0xe3, 0xaf, 0x5f, 0x4d, 0x7b, 0xa3, 0xc4, 0xca, 0x6f, 0x2a, 0x57, 0xb1, 0xd0, 0xb2, 0x69,
    0x4e, 0x6b, 0xa9, 0xbe, 0x9c, 0x77, 0x4a, 0x62, 0xb8, 0xe0, 0xa7, 0x5a, 0x43, 0x6e, 0xb4, 0xae,
    0x89, 0x7b, 0x60, 0x70, 0xb2, 0xe3, 0xad, 0x51, 0x42, 0x76, 0x9f, 0xa1, 0x92, 0x71, 0x6b, 0x8c,
    0xad, 0xdd, 0xc7, 0x51, 0x27, 0x62, 0x94, 0x98, 0x96, 0x81, 0x84, 0xa1, 0xbc, 0xc9, 0xa3, 0x55,
    0x24, 0x58, 0x9b, 0xa4, 0x94, 0x97, 0xa1, 0x8e, 0xa9, 0xc1, 0x88, 0x42, 0x34, 0x72, 0x9e, 0xa6,
    0x9c, 0x97, 0xa3, 0x9f, 0x97, 0x9a, 0x92, 0x58, 0x3f, 0x5e, 0x87, 0xc0, 0xb4, 0x95, 0x90, 0x98,
    0xa6, 0x9a, 0x6f, 0x44, 0x54, 0x80, 0xa4, 0x9a, 0x9a, 0xa8, 0xa4, 0x99, 0xa4, 0x82, 0x4c, 0x5a,
    0x76, 0x9d, 0x99, 0x84, 0xa4, 0xb2, 0x89, 0x76, 0x8a, 0xa0, 0x7e, 0x62, 0x6d, 0x85, 0x9d, 0x99,
    0x8d, 0x95, 0xa6, 0x8e, 0x8e, 0x86, 0x78, 0x84, 0x80, 0x7b, 0x74, 0x79, 0xa6, 0xb4, 0x90, 0x8d,
    0xa6, 0xa2, 0x72, 0x55, 0x5f, 0x73, 0x8e, 0xa7, 0xa4, 0xa5, 0xab, 0x9d, 0x8b, 0x79, 0x6b, 0x5f,
    0x65, 0x7b, 0x90, 0xa9, 0xb4, 0x9c, 0x92, 0x9f, 0xa9, 0x96, 0x5e, 0x38, 0x4c, 0x7a, 0xaa, 0xbd,
    0xb6, 0xa2, 0x90, 0x9c, 0xa0, 0x83, 0x4e, 0x44, 0x55, 0x7a, 0xad, 0xd6, 0xd1, 0x89, 0x64, 0x88,
    0xa6, 0x91, 0x5a, 0x44, 0x74, 0x98, 0xa3, 0xac, 0x9f, 0x92, 0x7b, 0x77, 0xa9, 0xb3, 0x83, 0x5a,
    0x55, 0x83, 0xab, 0xa0, 0x83, 0x7a, 0x80, 0x96, 0xaf, 0xad, 0xa5, 0x7c, 0x55, 0x5e, 0x71, 0x85,
    0x89, 0xa7, 0xb4, 0xaa, 0xaa, 0x98, 0x87, 0x78, 0x5a, 0x41, 0x62, 0x87, 0xab, 0xbe, 0xaa, 0xb0,
    0xac, 0xa1, 0x8c, 0x5d, 0x37, 0x3d, 0x74, 0xa4, 0xaa, 0xa1, 0xb2, 0xc9, 0xa8, 0x7e, 0x7e, 0x7c,
    0x49, 0x38, 0x63, 0x90, 0xd1, 0xda, 0xb2, 0x76, 0x7b, 0xa5, 0xaa, 0x65, 0x15, 0x3c, 0x8b, 0xe3,
    0xe2, 0xa6, 0x83, 0x79, 0x76, 0x8d, 0x9b, 0x66, 0x46, 0x55, 0x90, 0xcc, 0xd8, 0xcf, 0x7b, 0x34,
    0x62, 0xaf, 0xb7, 0x5f, 0x38, 0x6f, 0xb5, 0xc2, 0xa0, 0x8c, 0x8f, 0x78, 0x6d, 0x99, 0xa8, 0x85,
    0x60, 0x54, 0x8b, 0xbe, 0xb5, 0x88, 0x72, 0x8f, 0x96, 0xa0, 0x87, 0x60, 0x64, 0x83, 0xa2, 0x9e,
    0x8a, 0x95, 0xa1, 0x8a, 0x84, 0x8f, 0x83, 0x6a, 0x68, 0x7f, 0x96, 0xb5, 0xb4, 0x7b, 0x5c, 0x91,
    0xbe, 0x9d, 0x6d, 0x4c, 0x6b, 0x9e, 0xb1, 0x94, 0x7c, 0x8a, 0x92, 0x8c, 0x94, 0xad, 0x8f, 0x5a,
    0x4c, 0x78, 0xa5, 0xb3, 0x9d, 0x88, 0x71, 0x81, 0xaf, 0xb8, 0x8f, 0x46, 0x52, 0x7f, 0x9f, 0xab,
    0xa1, 0x8a, 0x78, 0x8b, 0xab, 0xbd, 0x86, 0x45, 0x4d, 0x78, 0xa2, 0xa2, 0x9f, 0x97, 0x7a, 0x7f,
    0xbd, 0xd0, 0x7a, 0x34, 0x3e, 0x73, 0x98, 0xbe, 0xb3, 0x91, 0x78, 0x81, 0xaf, 0xc5, 0x86, 0x36,
    0x46, 0x6c, 0xa5, 0xc1, 0xaa, 0x8e, 0x76, 0x94, 0xc3, 0x9f, 0x59, 0x3a, 0x5a, 0x8d, 0xb5, 0xb9,
    0xb0, 0x8d, 0x65, 0x7f, 0xb3, 0xa9, 0x52, 0x49, 0x68, 0x9c, 0xbd, 0xb8, 0xa5, 0x6c, 0x61, 0x85,
    0xb5, 0x9f, 0x5c, 0x58, 0x72, 0xaa, 0xc3, 0xb4, 0x87, 0x52, 0x7f, 0xa9, 0x98, 0x6a, 0x68, 0x81,
    0xa2, 0xa2, 0x97, 0xad, 0x98, 0x53, 0x52, 0xb4, 0xaf, 0x69, 0x66, 0x86, 0xb1, 0xbb, 0x9a, 0x6d,
    0x51, 0x8b, 0xa4, 0x95, 0x83, 0x72, 0x82, 0x96, 0xa8, 0x9e, 0x95, 0x7e, 0x52, 0x64, 0xbc, 0xb1,
    0x7f, 0x73, 0x71, 0x95, 0x9e, 0x9c, 0xa5, 0x72, 0x54, 0x79, 0xb4, 0xc0, 0x74, 0x56, 0x79, 0x99,
    0xa6, 0xa8, 0x9b, 0x64, 0x63, 0x94, 0xa6, 0xa7, 0x79, 0x65, 0x6c, 0x98, 0xba, 0xab, 0x86, 0x5d,
    0x72, 0xa8, 0xb3, 0x6f, 0x5e, 0x73, 0x93, 0xa8, 0xb6, 0xc2, 0x80, 0x39, 0x5a, 0xa9, 0xb1, 0x84,
    0x55, 0x7a, 0xa9, 0xae, 0xb6, 0xa1, 0x6b, 0x49, 0x6e, 0xa9, 0xa3, 0x7a, 0x62, 0x7e, 0xb7, 0xc6,
    0xb1, 0x82, 0x5c, 0x53, 0x70, 0xa0, 0xab, 0x7d, 0x62, 0x8a, 0xbb, 0xce, 0xb2, 0x6a, 0x3b, 0x62,
    0x98, 0xad, 0x88, 0x5c, 0x76, 0xab, 0xc3, 0xbb, 0xa4, 0x68, 0x3a, 0x56, 0xab, 0xc8, 0x8f, 0x5b,
    0x69, 0xa0, 0xbb, 0xb4, 0x94, 0x60, 0x46, 0x75, 0xc0, 0xd9, 0x84, 0x31, 0x5a, 0x9f, 0xc7, 0xb0,
    0x86, 0x70, 0x65, 0x8f, 0xc8, 0xbb, 0x5a, 0x2f, 0x57, 0xa5, 0xd3, 0xb2, 0x8e, 0x74, 0x6f, 0x9b,
    0xce, 0xa8, 0x38, 0x21, 0x63, 0xb4, 0xd8, 0xbc, 0x8e, 0x6e, 0x76, 0xa5, 0xc8, 0x8e, 0x29, 0x1e,
    0x7b, 0xce, 0xd6, 0xad, 0x8e, 0x6e, 0x79, 0xaf, 0xb1, 0x6a, 0x2a, 0x4e, 0x96, 0xbe, 0xbb, 0xbd,
    0xa4, 0x68, 0x63, 0x94, 0xb6, 0x74, 0x34, 0x54, 0x96, 0xcd, 0xce, 0xa4, 0x85, 0x67, 0x6b, 0x9e,
    0xab, 0x71, 0x44, 0x67, 0xa2, 0xcd, 0xbf, 0x96, 0x6e, 0x6b, 0x96, 0xa0, 0x8d, 0x58, 0x5e, 0x80,
    0xa7, 0xbf, 0xad, 0x9a, 0x76, 0x65, 0x85, 0xba, 0x8c, 0x53, 0x50, 0x7f, 0xb8, 0xc4, 0xb4, 0x91,
    0x65, 0x6f, 0x95, 0x9f, 0x88, 0x54, 0x61, 0x8d, 0xab, 0xbe, 0xba, 0x84, 0x57, 0x7d, 0xa2, 0x99,
    0x78, 0x50, 0x6a, 0x9c, 0xc2, 0xae, 0x8f, 0x94, 0x82, 0x63, 0x77, 0xb2, 0x85, 0x5d, 0x6c, 0x93,
    0xb3, 0xb3, 0xac, 0x78, 0x5b, 0x87, 0x9d, 0x95, 0x87, 0x5e, 0x76, 0x92, 0xa9, 0xad, 0x91, 0x88,
    0x71, 0x7b, 0xa1, 0xb2, 0x7f, 0x55, 0x6b, 0x9a, 0xa0, 0x89, 0x9f, 0x99, 0x89, 0x76, 0x8e, 0xba,
    0x92, 0x56, 0x5c, 0x7b, 0x82, 0xa6, 0xb4, 0xa0, 0x87, 0x8b, 0x9d, 0xa6, 0x82, 0x4c, 0x58, 0x6d,
    0x92, 0xbb, 0xaf, 0xa1, 0x8c, 0x90, 0xb8, 0x93, 0x4c, 0x40, 0x69, 0x88, 0x96, 0xa2, 0xbc, 0xc8,
    0x91, 0x6b, 0x91, 0xa5, 0x5e, 0x42, 0x59, 0x78, 0xba, 0xc8, 0xb7, 0x91, 0x82, 0x93, 0x97, 0x79,
    0x53, 0x53, 0x6b, 0xa0, 0xad, 0xba, 0xb8, 0x88, 0x6e, 0x91, 0xa8, 0x6f, 0x42, 0x64, 0x7f, 0xa5,
    0xb5, 0xb4, 0xab, 0x7d, 0x71, 0x81, 0x9d, 0x79, 0x59, 0x6e, 0x9b, 0xa0, 0x9b, 0xa4, 0x9c, 0x73,
    0x7a, 0x8b, 0x9c, 0x9f, 0x62, 0x66, 0x80, 0xa1, 0x9f, 0x9d, 0x96, 0x81, 0x6d, 0x90, 0xb5, 0x8e,
    0x67, 0x5e, 0x77, 0x9e, 0xa3, 0x9c, 0x99, 0x82, 0x8a, 0x86, 0xa2, 0x97, 0x61, 0x66, 0x77, 0x8c,
    0xa9, 0xad, 0x97, 0x87, 0x82, 0x95, 0xa5, 0x89, 0x5d, 0x58, 0x6e, 0x8f, 0xa9, 0xbc, 0xa7, 0x83,
    0x6f, 0x83, 0xb1, 0x87, 0x60, 0x5c, 0x6e, 0x9c, 0xb2, 0xb8, 0xa2, 0x88, 0x63, 0x75, 0xa3, 0x97,
    0x6f, 0x58, 0x6e, 0x99, 0xb4, 0xb9, 0xa6, 0x7d, 0x53, 0x75, 0xaf, 0xa1, 0x80, 0x58, 0x6f, 0x97,
    0xa5, 0xa2, 0x90, 0x8b, 0x7d, 0x83, 0x92, 0x9a, 0x93, 0x79, 0x69, 0x7d, 0x8d, 0x92, 0x93, 0x97,
    0x95, 0x8d, 0x8a, 0x8d, 0x92, 0x83, 0x7a, 0x7f, 0x81, 0x80, 0x81, 0x87, 0x9b, 0xb6, 0xa1, 0x85,
    0x81, 0x82, 0x91, 0x88, 0x73, 0x5e, 0x6a, 0x8a, 0xa9, 0xb3, 0xac, 0xae, 0x8b, 0x6d, 0x76, 0x9e,
    0x82, 0x4d, 0x54, 0x84, 0xb6, 0xb4, 0xa6, 0xa2, 0x89, 0x87, 0x88, 0x80, 0x79, 0x50, 0x66, 0x89,
    0xa8, 0xa8, 0xa8, 0xb4, 0x90, 0x6d, 0x86, 0xaf, 0x6d, 0x38, 0x49, 0x91, 0xcc, 0xad, 0xad, 0xad,
    0x84, 0x6c, 0x8f, 0xb2, 0x68, 0x28, 0x38, 0x9d, 0xe3, 0xc4, 0x9f, 0x7e, 0x82, 0x95, 0xa9, 0x8a,
    0x47, 0x27, 0x61, 0xbf, 0xc8, 0xaf, 0xa4, 0x91, 0x6c, 0x72, 0xaa, 0xad, 0x5f, 0x35, 0x46, 0x95,
    0xd2, 0xcf, 0xa4, 0x6f, 0x70, 0x8d, 0xc1, 0xa9, 0x52, 0x2e, 0x58, 0x90, 0xc1, 0xc4, 0x9f, 0x7b,
    0x83, 0xab, 0xa5, 0x7c, 0x4f, 0x4e, 0x67, 0x84, 0x9b, 0xc1, 0xc2, 0x99, 0x75, 0x93, 0xbd, 0x7b,
    0x3a, 0x3e, 0x6f, 0x9d, 0xb4, 0xb2, 0xa0, 0x9d, 0x96, 0x8f, 0x9d, 0x84, 0x44, 0x3a, 0x6b, 0xa9,
    0xb6, 0xac, 0xa2, 0xa0, 0xa2, 0x91, 0x88, 0x64, 0x4a, 0x53, 0x77, 0x99, 0xb8, 0xce, 0xb5, 0x8e,
    0x75, 0x8e, 0xa1, 0x71, 0x4a, 0x4c, 0x62, 0x9b, 0xd1, 0xbe, 0x8f, 0x87, 0x98, 0xa9, 0xa2, 0x6a,
    0x43, 0x51, 0x6a, 0x7f, 0xa9, 0xcb, 0xc5, 0x92, 0x7e, 0xbf, 0xae, 0x5d, 0x2b, 0x42, 0x72, 0x84,
    0xa6, 0xcc, 0xc7, 0x98, 0x8e, 0xaf, 0xaa, 0x62, 0x36, 0x42, 0x63, 0x82, 0x9c, 0xc6, 0xc8, 0x8d,
    0x89, 0xc0, 0xbb, 0x6b, 0x28, 0x3f, 0x72, 0x92, 0xa2, 0xaa, 0xb4, 0x9c, 0x9b, 0xaa, 0xa1, 0x6e,
    0x3e, 0x44, 0x6e, 0x92, 0xb9, 0xc3, 0xa9, 0x82, 0x90, 0xb0, 0x97, 0x7a, 0x48, 0x48, 0x54, 0x92,
    0xce, 0xc5, 0x9b, 0x75, 0x9d, 0xb9, 0xaa, 0x6c, 0x4e, 0x52, 0x54, 0x87, 0xb7, 0xd2, 0xa4, 0x6e,
    0x91, 0xba, 0xb0, 0x5f, 0x3c, 0x57, 0x7b, 0x9d, 0x9a, 0xbc, 0xa9, 0x8a, 0x94, 0xac, 0xb9, 0x5b,
    0x25, 0x34, 0x90, 0xcf, 0xaf, 0x97, 0x84, 0xb0, 0xb6, 0x94, 0x6b, 0x4e, 0x55, 0x5f, 0x99, 0xb7,
    0xc0, 0xa2, 0x70, 0x8c, 0xb8, 0xbe, 0x6a, 0x2b, 0x4b, 0x7d, 0xa5, 0xa5, 0xba, 0xb0, 0x79, 0x75,
    0x9b, 0xc6, 0x88, 0x2f, 0x2a, 0x7f, 0xc8, 0xb9, 0xa6, 0x7e, 0x83, 0xa0, 0xb3, 0xa3, 0x71, 0x4b,
    0x3e, 0x8a, 0xaf, 0xaf, 0xaa, 0x7e, 0x68, 0x94, 0xd9, 0xbc, 0x6b, 0x34, 0x49, 0x85, 0x9f, 0xab,
    0x9d, 0x7c, 0x78, 0x90, 0xd3, 0xe1, 0x77, 0x2a, 0x3f, 0x80, 0xae, 0xa5, 0x81, 0x68, 0x8d, 0xbf,
    0xc6, 0xb3, 0x75, 0x42, 0x4a, 0x80, 0x9b, 0xa0, 0x9a, 0x80, 0x7e, 0xa4, 0xcc, 0xb0, 0x70, 0x43,
    0x4c, 0x7a, 0xa1, 0xaa, 0x9b, 0x83, 0x91, 0xaa, 0xb6, 0xa0, 0x6b, 0x51, 0x56, 0x73, 0x91, 0xa5,
    0xa0, 0xa0, 0x9a, 0x93, 0xaf, 0xa8, 0x6e, 0x4b, 0x47, 0x6c, 0x95, 0xab, 0xb2, 0xa5, 0x97, 0x8b,
    0x96, 0x95, 0x87, 0x63, 0x54, 0x70, 0x80, 0x94, 0xb2, 0xc6, 0xa7, 0x74, 0x77, 0x91, 0x98, 0x7a,
    0x53, 0x61, 0x79, 0x8e, 0xa2, 0xc5, 0xc8, 0xa1, 0x75, 0x6e, 0x8b, 0x80, 0x61, 0x55, 0x67, 0x83,
    0xaa, 0xc7, 0xc0, 0xad, 0x99, 0x76, 0x6a, 0x79, 0x7b, 0x70, 0x63, 0x67, 0x87, 0xb5, 0xcb, 0xb5,
    0x90, 0x8e, 0x82, 0x77, 0x76, 0x6f, 0x76, 0x6e, 0x7d, 0x8e, 0xaf, 0xb3, 0xa1, 0xb3, 0x86, 0x6f,
    0x70, 0x78, 0x77, 0x58, 0x6c, 0x8b, 0xbe, 0xc3, 0xa7, 0xa5, 0x91, 0x82, 0x69, 0x6c, 0x6a, 0x53,
    0x61, 0x93, 0xc6, 0xc0, 0xb7, 0xad, 0x8f, 0x75, 0x5a, 0x6f, 0x77, 0x57, 0x58, 0x88, 0xd5, 0xd1,
    0xb9, 0x94, 0x71, 0x81, 0x86, 0x81, 0x5b, 0x49, 0x58, 0x8f, 0xd0, 0xc9, 0xb5, 0xaa, 0x75, 0x62,
    0x7b, 0xab, 0x8b, 0x3b, 0x2f, 0x6c, 0xcc, 0xdd, 0xc0, 0x95, 0x7f, 0x85, 0x8d, 0x9f, 0x72, 0x3c,
    0x43, 0x70, 0xb2, 0xb9, 0xbc, 0xa8, 0x8d, 0x83, 0x88, 0xad, 0x81, 0x40, 0x3c, 0x62, 0xa6, 0xc4,
    0xc7, 0xb5, 0x7f, 0x74, 0x84, 0xa6, 0x86, 0x49, 0x42, 0x66, 0xa5, 0xb2, 0xc1, 0xc1, 0x93, 0x69,
    0x7e, 0xa9, 0x8a, 0x51, 0x46, 0x64, 0x95, 0xb8, 0xb5, 0xb5, 0xa2, 0x87, 0x80, 0x8c, 0x7d, 0x5a,
    0x59, 0x5d, 0x88, 0xae, 0xc8, 0xc5, 0x98, 0x72, 0x7e, 0x9d, 0x83, 0x59, 0x4d, 0x67, 0x82, 0xa6,
    0xbc, 0xc6, 0xa6, 0x7b, 0x84, 0x93, 0x8e, 0x5e, 0x3d, 0x55, 0x7d, 0xa7, 0xc7, 0xcc, 0xa6, 0x7d,
    0x8d, 0x9b, 0x83, 0x5a, 0x45, 0x4b, 0x6e, 0x9c, 0xd0, 0xdf, 0xb5, 0x77, 0x7c, 0xac, 0x9b, 0x63,
    0x38, 0x3c, 0x5a, 0x8c, 0xc3, 0xe9, 0xc2, 0x83, 0x7e, 0xa6, 0xa1, 0x66, 0x38, 0x40, 0x64, 0x98,
    0xca, 0xd3, 0xb1, 0x74, 0x87, 0xb1, 0xa4, 0x62, 0x34, 0x43, 0x6c, 0x9c, 0xcc, 0xcb, 0xa5, 0x73,
    0x85, 0xc0, 0xa6, 0x5a, 0x2d, 0x48, 0x77, 0xac, 0xb8, 0xba, 0x9e, 0x7d, 0x87, 0xbb, 0xb8, 0x64,
    0x29, 0x38, 0x7a, 0xba, 0xca, 0xb1, 0x8b, 0x6d, 0x98, 0xb8, 0xb0, 0x64, 0x37, 0x40, 0x6b, 0xb8,
    0xc7, 0xbb, 0x84, 0x6d, 0x9e, 0xbf, 0xad, 0x53, 0x3b, 0x54, 0x80, 0xa0, 0xa4, 0xca, 0xa8, 0x6d,
    0x76, 0xbb, 0xbd, 0x60, 0x30, 0x4a, 0x7c, 0xb4, 0xad, 0xb2, 0x96, 0x85, 0x9c, 0x9e, 0xa2, 0x61,
    0x45, 0x49, 0x82, 0xb1, 0xac, 0xae, 0x9a, 0x85, 0x9b, 0xb1, 0x96, 0x52, 0x42, 0x59, 0x6b, 0xa0,
    0xbd, 0xc5, 0x98, 0x7f, 0x9f, 0xb4, 0x9f, 0x55, 0x36, 0x4a, 0x6c, 0x9f, 0xb5, 0xcc, 0xad, 0x85,
    0x88, 0xac, 0xb2, 0x5e, 0x2f, 0x3f, 0x71, 0x94, 0xae, 0xc4, 0xc6, 0x9f, 0x8d, 0x94, 0x92, 0x74,
    0x3d, 0x3e, 0x64, 0xa0, 0xc1, 0xc1, 0xac, 0x88, 0x90, 0xb8, 0x99, 0x58, 0x45, 0x53, 0x69, 0x8b,
    0xb2, 0xb4, 0xae, 0x9f, 0x89, 0xa7, 0xa7, 0x78, 0x4c, 0x43, 0x52, 0x85, 0xb6, 0xbe, 0xba, 0x91,
    0x87, 0xa6, 0xb3, 0x80, 0x47, 0x38, 0x55, 0x77, 0xab, 0xc6, 0xbb, 0xa9, 0x88, 0x98, 0x99, 0x95,
    0x67, 0x39, 0x3d, 0x76, 0xb6, 0xc1, 0xc1, 0xa0, 0x7d, 0x91, 0xb0, 0x8f, 0x5d, 0x40, 0x50, 0x70,
    0xa5, 0xc0, 0xbb, 0xad, 0x7e, 0x87, 0x96, 0x99, 0x7e, 0x51, 0x49, 0x66, 0xa5, 0xc0, 0xc1, 0xa5,
    0x7a, 0x81, 0x95, 0x99, 0x73, 0x50, 0x5c, 0x6e, 0xa1, 0xb8, 0xb4, 0xaf, 0x77, 0x7f, 0x92, 0x92,
    0x81, 0x66, 0x59, 0x66, 0x9d, 0xae, 0xb9, 0xb4, 0x79, 0x73, 0x94, 0x97, 0x82, 0x62, 0x59, 0x64,
    0x9b, 0xb2, 0xb0, 0xab, 0x86, 0x7c, 0x8e, 0x9e, 0x91, 0x63, 0x50, 0x69, 0x8e, 0xb1, 0xb3, 0xa7,
    0x77, 0x7e, 0xa2, 0xa3, 0x88, 0x60, 0x54, 0x5e, 0x90, 0xb3, 0xb2, 0xa7, 0x7b, 0x73, 0xa4, 0xa4,
    0x8d, 0x6a, 0x58, 0x62, 0x7f, 0xaa, 0xb8, 0xb1, 0x82, 0x66, 0x95, 0xb7, 0x99, 0x5f, 0x4d, 0x66,
    0x7f, 0xac, 0xbc, 0xa2, 0x88, 0x75, 0x95, 0xa4, 0x9a, 0x78, 0x4c, 0x5c, 0x7b, 0xa1, 0xbb, 0xb9,
    0x8d, 0x6f, 0x86, 0xa5, 0x9d, 0x79, 0x54, 0x55, 0x70, 0x9f, 0xc1, 0xab, 0x9c, 0x77, 0x92, 0xa5,
    0x93, 0x81, 0x55, 0x53, 0x6b, 0x97, 0xb4, 0xbb, 0xa0, 0x75, 0x82, 0xb5, 0xac, 0x71, 0x43, 0x55,
    0x68, 0x9d, 0xb8, 0xa9, 0xa4, 0x7e, 0x98, 0xa6, 0xa9, 0x7d, 0x44, 0x46, 0x64, 0xa5, 0xb7, 0xb4,
    0x9a, 0x6c, 0x93, 0xbb, 0xb1, 0x6e, 0x43, 0x4e, 0x63, 0xa4, 0xab, 0xb2, 0x99, 0x7e, 0x94, 0xa9,
    0xb9, 0x79, 0x48, 0x3e, 0x66, 0xa9, 0xb8, 0xb5, 0x86, 0x6d, 0x9a, 0xc5, 0xb3, 0x5f, 0x3f, 0x4e,
    0x7a, 0xa2, 0xa7, 0xb1, 0x8a, 0x87, 0x95, 0xaa, 0xb9, 0x70, 0x46, 0x3f, 0x7e, 0xb3, 0xa6, 0xa7,
    0x7c, 0x7f, 0xad, 0xb4, 0x9f, 0x6c, 0x4c, 0x4b, 0x86, 0xa7, 0x9e, 0xa6, 0x7a, 0x8b, 0xa6, 0xac,
    0xa9, 0x75, 0x4f, 0x4d, 0x78, 0x9b, 0xab, 0xac, 0x8b, 0x7c, 0x9a, 0xb9, 0xa2, 0x6a, 0x59, 0x51,
    0x6b, 0x9c, 0xac, 0xa7, 0x94, 0x88, 0x91, 0xa6, 0xa1, 0x86, 0x5e, 0x52, 0x6d, 0x85, 0x9f, 0xb4,
    0xad, 0x86, 0x7a, 0xa6, 0xac, 0x86, 0x65, 0x4b, 0x58, 0x84, 0xae, 0xbb, 0xa5, 0x8a, 0x7f, 0x98,
    0xa7, 0x96, 0x71, 0x4f, 0x51, 0x7a, 0xa6, 0xb4, 0xb6, 0x8b, 0x72, 0x9c, 0xb9, 0x9a, 0x71, 0x48,
    0x42, 0x7b, 0xa2, 0xb9, 0xb6, 0x8a, 0x79, 0x95, 0xb7, 0xac, 0x78, 0x43, 0x31, 0x73, 0xaa, 0xc4,
    0xbe, 0x74, 0x70, 0x9e, 0xcb, 0xb0, 0x67, 0x3a, 0x34, 0x7a, 0xaf, 0xbc, 0xb1, 0x7a, 0x72, 0xa6,
    0xd0, 0xb5, 0x66, 0x30, 0x33, 0x7c, 0xa4, 0xc3, 0xb9, 0x7a, 0x6e, 0x9e, 0xd7, 0xb2, 0x5d, 0x32,
    0x38, 0x83, 0xb8, 0xbb, 0xa8, 0x6b, 0x76, 0xae, 0xd4, 0xae, 0x5a, 0x2a, 0x46, 0x91, 0xab, 0xbe,
    0xa1, 0x64, 0x73, 0xb1, 0xe2, 0xad, 0x48, 0x32, 0x4e, 0x8e, 0xaf, 0xc0, 0x9c, 0x5b, 0x76, 0xb9,
    0xdf, 0xa5, 0x4f, 0x34, 0x58, 0x8e, 0xa5, 0xaf, 0x99, 0x78, 0x7c, 0xad, 0xd9, 0xa3, 0x4c, 0x35,
    0x59, 0x95, 0xb0, 0xb3, 0x86, 0x62, 0x92, 0xc7, 0xcd, 0x88, 0x4d, 0x47, 0x5b, 0x86, 0xa9, 0xb8,
    0x9d, 0x6d, 0x7c, 0xba, 0xd6, 0x8f, 0x40, 0x46, 0x62, 0x90, 0xae, 0xb5, 0x8e, 0x64, 0x8c, 0xc4,
    0xc6, 0x86, 0x48, 0x46, 0x66, 0x91, 0xaf, 0xb1, 0x91, 0x6b, 0x89, 0xc1, 0xc1, 0x84, 0x47, 0x48,
    0x6b, 0x99, 0xb2, 0xb1, 0x80, 0x5f, 0x95, 0xd0, 0xc1, 0x73, 0x45, 0x51, 0x74, 0x94, 0xa3, 0xa6,
    0x92, 0x6e, 0x94, 0xc1, 0xbd, 0x83, 0x42, 0x4d, 0x72, 0x99, 0x9e, 0xa6, 0x8b, 0x77, 0xaa, 0xb8,
    0xaa, 0x7e, 0x49, 0x52, 0x72, 0x95, 0xa2, 0x9a, 0x8f, 0x82, 0xb2, 0xc2, 0x9a, 0x6a, 0x4b, 0x60,
    0x80, 0x8f, 0x95, 0x9d, 0x8d, 0x90, 0xb0, 0xb5, 0x96, 0x74, 0x4b, 0x5b, 0x78, 0x89, 0x9b, 0x9d,
    0x9e, 0x96, 0xb0, 0xae, 0x86, 0x67, 0x5c, 0x6d, 0x78, 0x79, 0x8d, 0xa8, 0xb9, 0xab, 0x98, 0x8a,
    0x7f, 0x7f, 0x65, 0x6c, 0x71, 0x76, 0x8e, 0xa4, 0xb9, 0xba, 0x9e, 0x7c, 0x72, 0x76, 0x80, 0x79,
    0x6c, 0x6e, 0x86, 0x98, 0xbf, 0xca, 0xa0, 0x6b, 0x60, 0x8b, 0x93, 0x7e, 0x6b, 0x65, 0x72, 0x8c,
    0xb3, 0xd5, 0xbd, 0x7d, 0x58, 0x6e, 0x93, 0x96, 0x70, 0x64, 0x78, 0x85, 0xa0, 0xb7, 0xbe, 0x9d,
    0x7e, 0x69, 0x6b, 0x8a, 0x8a, 0x76, 0x77, 0x7e, 0x89, 0xa3, 0xbb, 0xab, 0x90, 0x80, 0x65, 0x7d,
    0x8a, 0x7e, 0x78, 0x7a, 0x8c, 0x8c, 0x97, 0xaa, 0xbe, 0xaf, 0x66, 0x4e, 0x74, 0x8e, 0x97, 0x77,
    0x66, 0x83, 0xad, 0xac, 0xb1, 0xbb, 0x6f, 0x54, 0x6c, 0x85, 0xa6, 0x81, 0x54, 0x70, 0xa8, 0xc1,
    0xc5, 0xac, 0x64, 0x4e, 0x77, 0x97, 0x9d, 0x77, 0x54, 0x76, 0xa9, 0xaf, 0xb8, 0xb1, 0x74, 0x5d,
    0x78, 0x92, 0x9d, 0x79, 0x52, 0x69, 0xa9, 0xb7, 0xb1, 0xab, 0x6c, 0x68, 0x8b, 0x9c, 0xa2, 0x72,
    0x42, 0x65, 0xab, 0xb3, 0xa0, 0x99, 0x7d, 0x80, 0x9d, 0x9d, 0x98, 0x76, 0x4f, 0x5d, 0x91, 0xa2,
    0xa9, 0xaa, 0x7d, 0x77, 0x9f, 0xb1, 0x9f, 0x6c, 0x45, 0x5f, 0x8b, 0x9e, 0x9e, 0xa6, 0x97, 0x80,
    0x98, 0xa6, 0x94, 0x74, 0x59, 0x60, 0x84, 0x8a, 0x9a, 0xb9, 0xa3, 0x89, 0x88, 0x8e, 0x90, 0x83,
    0x6b, 0x69, 0x79, 0x7f, 0xa2, 0xbe, 0xa1, 0x88, 0x77, 0x88, 0x95, 0x7e, 0x7e, 0x82, 0x7c, 0x70,
    0x80, 0xb2, 0xbf, 0xa1, 0x71, 0x5d, 0x8b, 0xa4, 0x8e, 0x7a, 0x77, 0x68, 0x7b, 0xb5, 0xbc, 0xa4,
    0x7b, 0x60, 0x84, 0xa1, 0x96, 0x80, 0x72, 0x67, 0x72, 0x9c, 0xbd, 0xc2, 0x98, 0x5d, 0x61, 0x98,
    0xab, 0x8a, 0x6e, 0x60, 0x60, 0x92, 0xc0, 0xc3, 0xab, 0x70, 0x5c, 0x8e, 0xa6, 0x94, 0x77, 0x5d,
    0x5a, 0x78, 0xae, 0xd1, 0xbf, 0x90, 0x5c, 0x69, 0xa2, 0xa0, 0x80, 0x61, 0x56, 0x6a, 0x9e, 0xcb,
    0xcc, 0xa0, 0x62, 0x6c, 0x96, 0x97, 0x93, 0x6d, 0x47, 0x5f, 0x90, 0xca, 0xd4, 0xab, 0x75, 0x5b,
    0x82, 0xa4, 0x9e, 0x75, 0x48, 0x51, 0x89, 0xbc, 0xcf, 0xb9, 0x84, 0x67, 0x80, 0x90, 0x9b, 0x87,
    0x4d, 0x46, 0x81, 0xc7, 0xcc, 0xa9, 0x80, 0x6a, 0x8d, 0xa1, 0x94, 0x7e, 0x55, 0x4b, 0x84, 0xb4,
    0xb6, 0xaf, 0x91, 0x75, 0x87, 0x94, 0x9d, 0x8c, 0x52, 0x4c, 0x84, 0xab, 0xb2, 0xae, 0x8f, 0x76,
    0x89, 0x96, 0x9d, 0x92, 0x5f, 0x53, 0x71, 0xa1, 0xae, 0xa3, 0x99, 0x81, 0x8a, 0x9d, 0x97, 0x8d,
    0x71, 0x57, 0x6d, 0x81, 0x9c, 0xb6, 0xa9, 0x95, 0x88, 0x81, 0x95, 0x96, 0x74, 0x6c, 0x65, 0x66,
    0x86, 0xba, 0xcc, 0xad, 0x85, 0x72, 0x7e, 0x8e, 0x82, 0x71, 0x71, 0x6e, 0x71, 0x94, 0xd2, 0xe1,
    0xa5, 0x64, 0x54, 0x79, 0x8e, 0x7f, 0x78, 0x73, 0x76, 0x8a, 0xbb, 0xe1, 0xc1, 0x82, 0x46, 0x43,
    0x84, 0x9d, 0x94, 0x80, 0x6b, 0x82, 0x9d, 0xbd, 0xd0, 0xa9, 0x6c, 0x46, 0x56, 0x8a, 0xa5, 0x92,
    0x6d, 0x78, 0x91, 0xa8, 0xc3, 0xbd, 0x94, 0x68, 0x44, 0x58, 0x97, 0xa7, 0x87, 0x72, 0x80, 0x90,
    0xba, 0xc9, 0xaf, 0x8b, 0x51, 0x37, 0x73, 0x9e, 0xa1, 0x8c, 0x6f, 0x7b, 0xac, 0xd0, 0xb8, 0xa0,
    0x68, 0x2f, 0x57, 0x95, 0xa8, 0x9f, 0x74, 0x66, 0x87, 0xc7, 0xd2, 0xab, 0x87, 0x47, 0x45, 0x88,
    0x98, 0x90, 0x89, 0x66, 0x73, 0xb4, 0xe1, 0xc4, 0x91, 0x58, 0x3d, 0x71, 0x9d, 0x8b, 0x7e, 0x73,
    0x6d, 0x9f, 0xd0, 0xc9, 0xa8, 0x81, 0x4b, 0x62, 0x82, 0x80, 0x8c, 0x79, 0x64, 0x8d, 0xc6, 0xd7,
    0xb9, 0x8c, 0x54, 0x51, 0x7c, 0x7c, 0x8a, 0x8a, 0x72, 0x7b, 0xa9, 0xc4, 0xbb, 0xa7, 0x77, 0x54,
    0x70, 0x6b, 0x82, 0x99, 0x7e, 0x79, 0x8e, 0xb9, 0xc3, 0xaf, 0x8e, 0x57, 0x55, 0x75, 0x76, 0xa0,
    0x9f, 0x74, 0x72, 0x9b, 0xbb, 0xba, 0xa6, 0x76, 0x46, 0x64, 0x83, 0x90, 0xab, 0x8c, 0x6c, 0x7d,
    0xa2, 0xb9, 0xbb, 0x93, 0x59, 0x40, 0x6e, 0x97, 0xb2, 0x98, 0x76, 0x71, 0x8f, 0xb6, 0xb0, 0xa8,
    0x75, 0x38, 0x58, 0x96, 0xac, 0xb0, 0x86, 0x71, 0x79, 0x9b, 0xb0, 0xad, 0x90, 0x50, 0x3c, 0x78,
    0xb5, 0xb9, 0x95, 0x79, 0x73, 0x88, 0x9f, 0xa9, 0xa6, 0x6c, 0x3d, 0x5f, 0xa2, 0xc7, 0xb3, 0x7b,
    0x63, 0x6d, 0x98, 0xa9, 0xb0, 0x96, 0x4c, 0x4a, 0x90, 0xb4, 0xb7, 0x94, 0x6b, 0x5c, 0x75, 0xb5,
    0xc1, 0xaa, 0x6a, 0x34, 0x6b, 0xb3, 0xb7, 0xa7, 0x7b, 0x5a, 0x5e, 0x96, 0xc9, 0xc3, 0x8c, 0x42,
    0x48, 0x97, 0xbc, 0xaa, 0x8d, 0x60, 0x54, 0x7d, 0xbd, 0xd4, 0xac, 0x5e, 0x34, 0x6f, 0xb4, 0xb9,
    0x9b, 0x6d, 0x4b, 0x66, 0xae, 0xd4, 0xc1, 0x85, 0x3d, 0x4b, 0xa5, 0xb8, 0xa7, 0x7c, 0x4c, 0x51,
    0x94, 0xd3, 0xcc, 0xa9, 0x61, 0x32, 0x7d, 0xb4, 0xa8, 0x98, 0x60, 0x45, 0x6c, 0xc3, 0xdf, 0xc0,
    0x8b, 0x3c, 0x44, 0x92, 0xaf, 0xb2, 0x82, 0x4d, 0x4e, 0x94, 0xd9, 0xd2, 0xb0, 0x61, 0x31, 0x71,
    0xa0, 0xad, 0xa8, 0x69, 0x48, 0x65, 0xb8, 0xda, 0xcd, 0x8f, 0x35, 0x3f, 0x99, 0xb0, 0xb1, 0x8b,
    0x50, 0x4c, 0x8b, 0xce, 0xd1, 0xbb, 0x61, 0x2d, 0x6a, 0xac, 0xb0, 0xab, 0x6d, 0x4a, 0x60, 0xac,
    0xd6, 0xc8, 0x95, 0x44, 0x40, 0x8f, 0xb4, 0xa8, 0x98, 0x56, 0x4c, 0x84, 0xca, 0xc8, 0xb0, 0x76,
    0x3d, 0x61, 0xab, 0xad, 0xa4, 0x81, 0x4e, 0x5c, 0xa1, 0xc5, 0xb5, 0xa4, 0x70, 0x46, 0x76, 0xa8,
    0xa4, 0x9f, 0x73, 0x54, 0x6e, 0xb5, 0xb7, 0xa8, 0xa0, 0x67, 0x49, 0x89, 0xa4, 0xa7, 0x9a, 0x6b,
    0x5c, 0x7f, 0xb0, 0xa9, 0xb2, 0x97, 0x57, 0x55, 0x99, 0xa4, 0xa7, 0x8a, 0x65, 0x61, 0x88, 0xae,
    0xb5, 0xb6, 0x84, 0x49, 0x66, 0xa0, 0x9b, 0xa4, 0x86, 0x6e, 0x69, 0x89, 0xac, 0xb9, 0xaa, 0x71,
    0x48, 0x7b, 0xa6, 0x98, 0x9e, 0x85, 0x6b, 0x69, 0x97, 0xb7, 0xb6, 0x92, 0x63, 0x58, 0x8d, 0xa6,
    0x99, 0x98, 0x7e, 0x61, 0x73, 0xab, 0xbd, 0xa8, 0x7c, 0x58, 0x67, 0xa0, 0xa4, 0x95, 0x96, 0x71,
    0x5f, 0x89, 0xb7, 0xb3, 0x95, 0x7a, 0x5a, 0x7a, 0xac, 0x9c, 0x94, 0x8c, 0x65, 0x63, 0x94, 0xbe,
    0xa7, 0x8f, 0x7d, 0x5a, 0x88, 0xb2, 0x97, 0x8f, 0x81, 0x5b, 0x65, 0xa0, 0xbd, 0x9d, 0x95, 0x7b,
    0x63, 0x98, 0xab, 0x90, 0x91, 0x78, 0x52, 0x6b, 0xa7, 0xb8, 0xa1, 0x9d, 0x76, 0x64, 0x9a, 0xa6,
    0x8c, 0x93, 0x6d, 0x48, 0x78, 0xb4, 0xb7, 0xa4, 0x9a, 0x70, 0x67, 0x9e, 0x9e, 0x8e, 0x89, 0x5e,
    0x50, 0x8a, 0xbf, 0xb7, 0xa8, 0x92, 0x6b, 0x6d, 0x9d, 0x94, 0x8f, 0x7c, 0x56, 0x58, 0x97, 0xc6,
    0xbc, 0xb6, 0x8f, 0x64, 0x69, 0x93, 0x8d, 0x8c, 0x79, 0x55, 0x67, 0x9f, 0xc2, 0xc3, 0xb7, 0x87,
    0x5c, 0x6f, 0x8d, 0x87, 0x92, 0x75, 0x51, 0x71, 0xaa, 0xc6, 0xc5, 0xb6, 0x7c, 0x50, 0x75, 0x87,
    0x88, 0x97, 0x6d, 0x5c, 0x7a, 0xb2, 0xc5, 0xbe, 0xb1, 0x75, 0x55, 0x75, 0x81, 0x83, 0x96, 0x6e,
    0x67, 0x7c, 0xb6, 0xc7, 0xbb, 0xb7, 0x73, 0x4f, 0x6c, 0x7f, 0x83, 0x96, 0x69, 0x6b, 0x8b, 0xbf,
    0xbf, 0xbb, 0xab, 0x68, 0x55, 0x7a, 0x7e, 0x7a, 0x93, 0x67, 0x6d, 0x8e, 0xcb, 0xc0, 0xba, 0xa5,
    0x64, 0x4e, 0x79, 0x7a, 0x79, 0x96, 0x64, 0x77, 0x91, 0xd4, 0xbf, 0xb4, 0x9a, 0x65, 0x52, 0x73,
    0x76, 0x72, 0x99, 0x71, 0x88, 0x8d, 0xce, 0xc2, 0xaa, 0x9c, 0x6d, 0x4b, 0x66, 0x72, 0x72, 0xa0,
    0x7e, 0x8c, 0x87, 0xc9, 0xc5, 0xa5, 0x9b, 0x72, 0x52, 0x5a, 0x6e, 0x6c, 0x91, 0x8d, 0x9a, 0x92,
    0xc2, 0xc9, 0xab, 0x94, 0x6e, 0x4e, 0x4c, 0x66, 0x6f, 0x9d, 0x9c, 0x97, 0xa1, 0xc6, 0xbb, 0x97,
    0x97, 0x6d, 0x47, 0x51, 0x63, 0x6a, 0x9e, 0xa8, 0xa0, 0xa3, 0xc9, 0xbb, 0x8b, 0x97, 0x6e, 0x3b,
    0x41, 0x6b, 0x70, 0xa2, 0xba, 0xab, 0xa6, 0xbc, 0xae, 0x7a, 0x94, 0x70, 0x44, 0x46, 0x74, 0x74,
    0x9a, 0xbc, 0xb4, 0xa7, 0xa6, 0xb1, 0x82, 0x88, 0x6d, 0x4f, 0x47, 0x71, 0x7b, 0x99, 0xc7, 0xb6,
    0xa5, 0x9d, 0xab, 0x7a, 0x7a, 0x7e, 0x5b, 0x4d, 0x72, 0x7f, 0x90, 0xca, 0xb7, 0x9a, 0x90, 0xa2,
    0x84, 0x6e, 0x95, 0x73, 0x51, 0x5e, 0x7c, 0x86, 0xbd, 0xc6, 0x94, 0x92, 0xa1, 0x93, 0x67, 0x8f,
    0x81, 0x54, 0x4c, 0x83, 0x8e, 0xad, 0xce, 0x99, 0x99, 0x8b, 0x94, 0x6b, 0x83, 0x89, 0x5f, 0x57,
    0x7a, 0x99, 0x9c, 0xc9, 0xa6, 0x8d, 0x89, 0x9a, 0x77, 0x77, 0x8b, 0x68, 0x53, 0x70, 0xa2, 0x99,
    0xc5, 0xac, 0x88, 0x85, 0x8e, 0x84, 0x63, 0x91, 0x89, 0x65, 0x6f, 0x9d, 0x8e, 0xa3, 0xb7, 0x88,
    0x80, 0x89, 0x92, 0x66, 0x85, 0x9f, 0x77, 0x60, 0x8c, 0x94, 0x87, 0xb9, 0x9a, 0x83, 0x89, 0x91,
    0x70, 0x70, 0xa9, 0x93, 0x69, 0x7a, 0x92, 0x7c, 0x97, 0xa4, 0x88, 0x87, 0x88, 0x8d, 0x72, 0x9c,
    0xb2, 0x79, 0x5f, 0x75, 0x81, 0x7b, 0xac, 0x98, 0x8c, 0x95, 0x8d, 0x7e, 0x7d, 0xa9, 0x9d, 0x6f,
    0x68, 0x7e, 0x72, 0x85, 0xa4, 0x98, 0x99, 0x96, 0x91, 0x78, 0x8f, 0xb5, 0x7c, 0x5e, 0x6b, 0x6d,
    0x6a, 0xa2, 0xb5, 0x9d, 0xa0, 0x9a, 0x7a, 0x6b, 0xb8, 0xa0, 0x5e, 0x63, 0x67, 0x5c, 0x8a, 0xc9,
    0xb0, 0xa3, 0x9f, 0x80, 0x67, 0x9a, 0xb0, 0x72, 0x5d, 0x5e, 0x60, 0x79, 0xb9, 0xbd, 0xad, 0xb2,
    0x81, 0x6e, 0x80, 0xa2, 0x8e, 0x5f, 0x57, 0x5a, 0x7c, 0x9e, 0xc0, 0xc6, 0xb7, 0x8c, 0x73, 0x7d,
    0x84, 0x90, 0x6e, 0x57, 0x53, 0x74, 0x91, 0xb1, 0xd4, 0xbb, 0xa4, 0x7f, 0x79, 0x6b, 0x79, 0x8a,
    0x6b, 0x64, 0x6a, 0x93, 0x90, 0xc3, 0xc3, 0xa5, 0x95, 0x73, 0x73, 0x57, 0x83, 0x83, 0x7e, 0x70,
    0x80, 0x9a, 0x99, 0xc1, 0xbb, 0xae, 0x7a, 0x6a, 0x5f, 0x5a, 0x88, 0x89, 0x7e, 0x7f, 0x96, 0xa0,
    0xa0, 0xcb, 0xb3, 0x83, 0x6a, 0x5c, 0x59, 0x68, 0x97, 0x93, 0x8b, 0x8e, 0x9e, 0x99, 0xa1, 0xb5,
    0x93, 0x7a, 0x6d, 0x69, 0x64, 0x80, 0x96, 0x8e, 0x8e, 0x97, 0xa5, 0x94, 0x96, 0xa1, 0x8b, 0x82,
    0x70, 0x65, 0x67, 0x7e, 0x9e, 0x9d, 0x9d, 0xa0, 0x9a, 0x78, 0x80, 0x9f, 0x99, 0x85, 0x6f, 0x6d,
    0x70, 0x83, 0xa7, 0xad, 0xa0, 0x84, 0x78, 0x6b, 0x80, 0xb1, 0xa0, 0x8a, 0x73, 0x6c, 0x71, 0x89,
    0xb0, 0xac, 0x90, 0x7a, 0x76, 0x73, 0x8f, 0xac, 0xa0, 0x7e, 0x67, 0x78, 0x80, 0x8c, 0xaf, 0xac,
    0x88, 0x70, 0x75, 0x76, 0x88, 0xad, 0xa2, 0x83, 0x71, 0x81, 0x82, 0x8b, 0xa7, 0xa0, 0x80, 0x71,
    0x84, 0x7f, 0x8f, 0xa2, 0x94, 0x87, 0x7b, 0x84, 0x7c, 0x88, 0xa2, 0xa0, 0x91, 0x7c, 0x7e, 0x6f,
    0x79, 0xa1, 0xa3, 0x92, 0x82, 0x82, 0x7a, 0x7e, 0xa0, 0xaa, 0x88, 0x71, 0x7c, 0x72, 0x7e, 0xaf,
    0xa8, 0x8e, 0x86, 0x79, 0x78, 0x83, 0x97, 0xa0, 0x8f, 0x79, 0x78, 0x7d, 0x80, 0x9e, 0xa4, 0x92,
    0x8d, 0x7c, 0x7e, 0x8a, 0x91, 0x8e, 0x8b, 0x80, 0x71, 0x85, 0x8b, 0x94, 0x9f, 0x99, 0x90, 0x7b,
    0x86, 0x89, 0x78, 0x7f, 0x8b, 0x81, 0x83, 0x9b, 0x90, 0x84, 0x98, 0x97, 0x8b, 0x8d, 0x92, 0x7f,
    0x63, 0x6f, 0x8c, 0x92, 0x9b, 0x9e, 0x90, 0x80, 0x86, 0x91, 0x96, 0x9c, 0x8d, 0x77, 0x5d, 0x67,
    0x8a, 0x9e, 0xa4, 0x9f, 0x9b, 0x81, 0x75, 0x90, 0x9e, 0x9a, 0x82, 0x67, 0x5e, 0x63, 0x8d, 0xb0,
    0xad, 0x9d, 0x95, 0x82, 0x6c, 0x88, 0xa6, 0x9b, 0x7e, 0x67, 0x5e, 0x68, 0x8a, 0xa7, 0xb0, 0xa7,
    0x94, 0x8b, 0x79, 0x7e, 0x97, 0x91, 0x7e, 0x6b, 0x64, 0x6d, 0x80, 0x9f, 0xb1, 0xb2, 0x9f, 0x94,
    0x82, 0x70, 0x80, 0x8c, 0x88, 0x72, 0x67, 0x73, 0x82, 0x90, 0xaf, 0xb9, 0xa2, 0x92, 0x84, 0x6b,
    0x68, 0x8a, 0x90, 0x7b, 0x71, 0x7e, 0x81, 0x7d, 0x9e, 0xbb, 0xae, 0x9f, 0x97, 0x73, 0x59, 0x6f,
    0x7d, 0x76, 0x7b, 0x84, 0x8f, 0x91, 0x99, 0xa4, 0xad, 0xa9, 0x99, 0x81, 0x5d, 0x55, 0x65, 0x76,
    0x87, 0x98, 0xa1, 0x9b, 0x89, 0x8f, 0xaa, 0xae, 0x9d, 0x8f, 0x72, 0x49, 0x4d, 0x77, 0x8e, 0x95,
    0xa0, 0x9f, 0x95, 0x8e, 0x9c, 0xab, 0xa1, 0x94, 0x79, 0x53, 0x59, 0x72, 0x82, 0x8b, 0x9a, 0x9f,
    0x95, 0x8f, 0x91, 0x96, 0xa4, 0xa4, 0x8a, 0x78, 0x6a, 0x59, 0x61, 0x82, 0x9a, 0x9e, 0xa5, 0xab,
    0x95, 0x86, 0x91, 0x97, 0x8a, 0x87, 0x7b, 0x5e, 0x56, 0x71, 0x85, 0x9e, 0xbb, 0xb8, 0xa2, 0x7e,
    0x7d, 0x87, 0x9a, 0x98, 0x89, 0x74, 0x5e, 0x51, 0x68, 0xa8, 0xbf, 0xaa

};

const uint32_t audio_samples_len = 21468;
const uint32_t audio_sample_rate = 11025;
