// Audio samples - auto-generated from WAV
// Source: C:\Users\COMPUMAX\Documents\led_pwm.worktrees\agents-mp3-pwm-sending-lm386n\src\wav\sfx-animal-sheep.wav
// Original rate: 22050 Hz -> Resampled: 22050 Hz
// Duration: 0.975 seconds

#include <stdint.h>

const uint8_t audio_samples[] = {
    0x95, 0x95, 0x95, 0x95, 0x95, 0x95, 0x95, 0x95, 0x95, 0x95, 0x95, 0x95, 0x95, 0x95, 0x95, 0x95,
    0x95, 0x95, 0x95, 0x95, 0x95, 0x95, 0x95, 0x95, 0x95, 0x95, 0x95, 0x95, 0x95, 0x95, 0x95, 0x95,
    0x95, 0x95, 0x95, 0x95, 0x95, 0x95, 0x95, 0x95, 0x95, 0x95, 0x95, 0x95, 0x95, 0x95, 0x95, 0x95,
    0x95, 0x95, 0x95, 0x95, 0x95, 0x95, 0x95, 0x95, 0x95, 0x95, 0x95, 0x95, 0x95, 0x95, 0x95, 0x95,
    0x95, 0x95, 0x95, 0x95, 0x95, 0x95, 0x95, 0x95, 0x95, 0x95, 0x95, 0x95, 0x95, 0x95, 0x95, 0x95,
    0x95, 0x95, 0x95, 0x95, 0x95, 0x95, 0x95, 0x95, 0x95, 0x95, 0x95, 0x95, 0x95, 0x95, 0x95, 0x95,
    0x95, 0x95, 0x95, 0x95, 0x95, 0x95, 0x95, 0x95, 0x95, 0x95, 0x95, 0x95, 0x95, 0x95, 0x95, 0x95,
    0x95, 0x95, 0x95, 0x95, 0x95, 0x95, 0x95, 0x95, 0x95, 0x95, 0x95, 0x95, 0x95, 0x95, 0x95, 0x95,
    0x95, 0x95, 0x95, 0x95, 0x95, 0x95, 0x95, 0x95, 0x95, 0x95, 0x95, 0x95, 0x95, 0x95, 0x95, 0x95,
    0x95, 0x95, 0x95, 0x95, 0x95, 0x95, 0x95, 0x95, 0x95, 0x95, 0x95, 0x95, 0x95, 0x95, 0x95, 0x95,
    0x95, 0x95, 0x95, 0x95, 0x95, 0x95, 0x95, 0x95, 0x95, 0x95, 0x95, 0x95, 0x95, 0x95, 0x95, 0x95,
    0x95, 0x95, 0x95, 0x95, 0x95, 0x95, 0x95, 0x95, 0x95, 0x95, 0x95, 0x95, 0x95, 0x95, 0x95, 0x95,
    0x95, 0x95, 0x95, 0x95, 0x95, 0x95, 0x95, 0x95, 0x95, 0x95, 0x95, 0x95, 0x95, 0x95, 0x95, 0x95,
    0x95, 0x95, 0x95, 0x95, 0x95, 0x95, 0x95, 0x95, 0x95, 0x95, 0x95, 0x95, 0x95, 0x95, 0x95, 0x95,
    0x95, 0x95, 0x95, 0x95, 0x95, 0x95, 0x95, 0x95, 0x95, 0x95, 0x95, 0x95, 0x95, 0x95, 0x95, 0x95,
    0x95, 0x95, 0x95, 0x95, 0x95, 0x95, 0x95, 0x95, 0x95, 0x95, 0x95, 0x95, 0x95, 0x95, 0x95, 0x95,
    0x95, 0x95, 0x95, 0x95, 0x95, 0x95, 0x95, 0x95, 0x95, 0x95, 0x95, 0x95, 0x95, 0x95, 0x95, 0x95,
    0x95, 0x95, 0x95, 0x95, 0x95, 0x95, 0x95, 0x95, 0x95, 0x95, 0x95, 0x95, 0x95, 0x95, 0x95, 0x95,
    0x95, 0x95, 0x95, 0x95, 0x95, 0x95, 0x95, 0x95, 0x95, 0x95, 0x95, 0x95, 0x95, 0x95, 0x95, 0x95,
    0x95, 0x95, 0x95, 0x95, 0x95, 0x95, 0x95, 0x95, 0x95, 0x95, 0x95, 0x95, 0x95, 0x95, 0x95, 0x95,
    0x95, 0x95, 0x95, 0x95, 0x95, 0x95, 0x95, 0x95, 0x95, 0x95, 0x95, 0x95, 0x95, 0x95, 0x95, 0x95,
    0x95, 0x95, 0x95, 0x95, 0x95, 0x95, 0x95, 0x95, 0x95, 0x95, 0x95, 0x95, 0x95, 0x95, 0x95, 0x95,
    0x95, 0x95, 0x95, 0x95, 0x95, 0x95, 0x95, 0x95, 0x95, 0x95, 0x95, 0x95, 0x95, 0x95, 0x95, 0x95,
    0x95, 0x95, 0x95, 0x95, 0x95, 0x95, 0x95, 0x95, 0x95, 0x95, 0x95, 0x95, 0x95, 0x95, 0x95, 0x95,
    0x95, 0x95, 0x95, 0x95, 0x95, 0x95, 0x95, 0x95, 0x95, 0x95, 0x95, 0x95, 0x95, 0x95, 0x95, 0x95,
    0x95, 0x95, 0x95, 0x95, 0x95, 0x95, 0x95, 0x95, 0x95, 0x95, 0x95, 0x95, 0x95, 0x95, 0x95, 0x95,
    0x95, 0x95, 0x95, 0x95, 0x95, 0x95, 0x95, 0x95, 0x95, 0x95, 0x95, 0x95, 0x95, 0x95, 0x95, 0x95,
    0x95, 0x95, 0x95, 0x95, 0x95, 0x95, 0x95, 0x95, 0x95, 0x95, 0x95, 0x95, 0x95, 0x95, 0x95, 0x95,
    0x95, 0x95, 0x95, 0x95, 0x95, 0x95, 0x95, 0x95, 0x95, 0x95, 0x95, 0x95, 0x95, 0x95, 0x95, 0x95,
    0x95, 0x95, 0x95, 0x95, 0x95, 0x95, 0x95, 0x95, 0x95, 0x95, 0x95, 0x95, 0x95, 0x95, 0x95, 0x95,
    0x95, 0x95, 0x95, 0x95, 0x95, 0x95, 0x95, 0x95, 0x95, 0x95, 0x95, 0x95, 0x95, 0x95, 0x95, 0x95,
    0x95, 0x95, 0x95, 0x95, 0x95, 0x95, 0x95, 0x95, 0x95, 0x95, 0x95, 0x95, 0x95, 0x95, 0x95, 0x95,
    0x95, 0x95, 0x95, 0x95, 0x95, 0x95, 0x95, 0x95, 0x95, 0x95, 0x95, 0x95, 0x95, 0x95, 0x95, 0x95,
    0x95, 0x95, 0x95, 0x95, 0x95, 0x95, 0x95, 0x95, 0x95, 0x95, 0x95, 0x95, 0x95, 0x95, 0x95, 0x95,
    0x95, 0x95, 0x95, 0x95, 0x95, 0x95, 0x95, 0x95, 0x95, 0x94, 0x94, 0x95, 0x95, 0x95, 0x95, 0x94,
    0x95, 0x94, 0x94, 0x94, 0x94, 0x94, 0x94, 0x94, 0x94, 0x94, 0x94, 0x94, 0x94, 0x95, 0x94, 0x95,
    0x95, 0x95, 0x94, 0x95, 0x95, 0x95, 0x94, 0x95, 0x95, 0x94, 0x94, 0x94, 0x94, 0x94, 0x94, 0x94,
    0x95, 0x94, 0x94, 0x94, 0x95, 0x94, 0x94, 0x94, 0x94, 0x94, 0x94, 0x94, 0x94, 0x94, 0x94, 0x94,
    0x94, 0x94, 0x94, 0x94, 0x94, 0x94, 0x94, 0x94, 0x94, 0x94, 0x94, 0x94, 0x94, 0x94, 0x94, 0x94,
    0x94, 0x94, 0x94, 0x94, 0x94, 0x94, 0x94, 0x94, 0x94, 0x94, 0x94, 0x94, 0x94, 0x94, 0x94, 0x94,
    0x94, 0x95, 0x95, 0x95, 0x95, 0x95, 0x95, 0x95, 0x95, 0x95, 0x95, 0x95, 0x94, 0x94, 0x95, 0x95,
    0x95, 0x95, 0x95, 0x95, 0x95, 0x95, 0x95, 0x95, 0x95, 0x95, 0x95, 0x95, 0x95, 0x95, 0x95, 0x95,
    0x95, 0x95, 0x95, 0x95, 0x95, 0x95, 0x95, 0x95, 0x95, 0x95, 0x95, 0x95, 0x95, 0x95, 0x95, 0x95,
    0x95, 0x95, 0x95, 0x95, 0x95, 0x95, 0x95, 0x95, 0x95, 0x95, 0x95, 0x95, 0x95, 0x95, 0x95, 0x95,
    0x95, 0x95, 0x95, 0x95, 0x95, 0x95, 0x95, 0x95, 0x95, 0x95, 0x95, 0x95, 0x95, 0x95, 0x95, 0x95,
    0x95, 0x95, 0x95, 0x95, 0x95, 0x95, 0x95, 0x95, 0x95, 0x95, 0x95, 0x95, 0x95, 0x95, 0x95, 0x95,
    0x95, 0x96, 0x95, 0x96, 0x96, 0x96, 0x96, 0x96, 0x96, 0x96, 0x96, 0x95, 0x96, 0x96, 0x95, 0x95,
    0x95, 0x95, 0x95, 0x95, 0x95, 0x95, 0x95, 0x95, 0x95, 0x95, 0x95, 0x95, 0x95, 0x95, 0x95, 0x95,
    0x95, 0x95, 0x95, 0x95, 0x95, 0x95, 0x95, 0x95, 0x95, 0x95, 0x95, 0x95, 0x95, 0x95, 0x95, 0x95,
    0x95, 0x95, 0x95, 0x95, 0x95, 0x95, 0x95, 0x95, 0x95, 0x95, 0x95, 0x95, 0x95, 0x95, 0x95, 0x95,
    0x95, 0x95, 0x95, 0x95, 0x95, 0x95, 0x95, 0x95, 0x95, 0x95, 0x95, 0x95, 0x95, 0x95, 0x95, 0x95,
    0x95, 0x95, 0x95, 0x95, 0x95, 0x95, 0x95, 0x95, 0x95, 0x95, 0x95, 0x95, 0x95, 0x95, 0x95, 0x95,
    0x95, 0x95, 0x95, 0x95, 0x95, 0x95, 0x95, 0x95, 0x95, 0x95, 0x95, 0x95, 0x95, 0x95, 0x95, 0x95,
    0x95, 0x95, 0x95, 0x95, 0x95, 0x95, 0x95, 0x95, 0x95, 0x95, 0x95, 0x95, 0x95, 0x95, 0x95, 0x95,
    0x95, 0x95, 0x95, 0x95, 0x95, 0x95, 0x95, 0x95, 0x95, 0x95, 0x95, 0x95, 0x95, 0x95, 0x95, 0x95,
    0x95, 0x95, 0x95, 0x95, 0x95, 0x95, 0x95, 0x95, 0x95, 0x95, 0x95, 0x95, 0x95, 0x95, 0x95, 0x95,
    0x95, 0x95, 0x95, 0x95, 0x95, 0x95, 0x95, 0x95, 0x95, 0x95, 0x95, 0x95, 0x95, 0x95, 0x95, 0x95,
    0x95, 0x95, 0x95, 0x95, 0x95, 0x95, 0x95, 0x95, 0x95, 0x95, 0x95, 0x95, 0x95, 0x95, 0x95, 0x95,
    0x95, 0x95, 0x95, 0x95, 0x95, 0x95, 0x95, 0x95, 0x95, 0x95, 0x95, 0x95, 0x95, 0x95, 0x95, 0x95,
    0x95, 0x95, 0x95, 0x95, 0x95, 0x95, 0x95, 0x95, 0x95, 0x95, 0x95, 0x95, 0x95, 0x95, 0x95, 0x95,
    0x95, 0x95, 0x95, 0x95, 0x95, 0x95, 0x95, 0x95, 0x95, 0x95, 0x95, 0x95, 0x95, 0x95, 0x95, 0x95,
    0x95, 0x95, 0x95, 0x95, 0x95, 0x95, 0x95, 0x95, 0x95, 0x95, 0x95, 0x95, 0x95, 0x95, 0x95, 0x95,
    0x95, 0x95, 0x95, 0x95, 0x95, 0x95, 0x95, 0x95, 0x95, 0x95, 0x95, 0x95, 0x95, 0x95, 0x95, 0x95,
    0x95, 0x95, 0x95, 0x95, 0x95, 0x95, 0x95, 0x95, 0x95, 0x95, 0x95, 0x95, 0x95, 0x95, 0x96, 0x95,
    0x95, 0x95, 0x96, 0x96, 0x95, 0x95, 0x95, 0x95, 0x96, 0x95, 0x95, 0x96, 0x96, 0x95, 0x95, 0x96,
    0x96, 0x95, 0x96, 0x96, 0x96, 0x96, 0x96, 0x96, 0x96, 0x95, 0x96, 0x96, 0x96, 0x96, 0x96, 0x96,
    0x96, 0x96, 0x96, 0x96, 0x96, 0x96, 0x96, 0x96, 0x96, 0x96, 0x96, 0x95, 0x96, 0x96, 0x96, 0x96,
    0x95, 0x96, 0x96, 0x95, 0x95, 0x95, 0x95, 0x95, 0x95, 0x95, 0x95, 0x95, 0x95, 0x95, 0x95, 0x95,
    0x95, 0x95, 0x94, 0x94, 0x94, 0x94, 0x94, 0x94, 0x94, 0x94, 0x94, 0x94, 0x94, 0x94, 0x94, 0x94,
    0x94, 0x94, 0x94, 0x94, 0x94, 0x94, 0x94, 0x94, 0x94, 0x94, 0x94, 0x94, 0x95, 0x95, 0x95, 0x95,
    0x95, 0x96, 0x96, 0x95, 0x93, 0x94, 0x96, 0x96, 0x95, 0x95, 0x95, 0x96, 0x96, 0x96, 0x96, 0x96,
    0x96, 0x97, 0x97, 0x96, 0x96, 0x96, 0x96, 0x96, 0x96, 0x96, 0x96, 0x97, 0x96, 0x96, 0x97, 0x97,
    0x97, 0x96, 0x97, 0x97, 0x96, 0x96, 0x96, 0x96, 0x96, 0x96, 0x96, 0x96, 0x96, 0x96, 0x96, 0x96,
    0x96, 0x95, 0x95, 0x95, 0x95, 0x94, 0x94, 0x94, 0x94, 0x94, 0x94, 0x94, 0x94, 0x94, 0x94, 0x93,
    0x93, 0x93, 0x93, 0x93, 0x93, 0x93, 0x92, 0x92, 0x92, 0x92, 0x92, 0x93, 0x93, 0x92, 0x92, 0x93,
    0x93, 0x93, 0x93, 0x93, 0x93, 0x93, 0x93, 0x94, 0x94, 0x94, 0x94, 0x94, 0x94, 0x94, 0x94, 0x94,
    0x95, 0x95, 0x95, 0x95, 0x96, 0x96, 0x96, 0x97, 0x97, 0x96, 0x96, 0x98, 0x97, 0x94, 0x92, 0x95,
    0x97, 0x96, 0x95, 0x96, 0x96, 0x98, 0x98, 0x97, 0x97, 0x98, 0x98, 0x98, 0x97, 0x97, 0x96, 0x95,
    0x96, 0x96, 0x96, 0x96, 0x97, 0x98, 0x97, 0x98, 0x98, 0x98, 0x97, 0x97, 0x97, 0x96, 0x97, 0x96,
    0x95, 0x95, 0x95, 0x95, 0x95, 0x95, 0x96, 0x95, 0x95, 0x95, 0x95, 0x94, 0x94, 0x93, 0x93, 0x93,
    0x93, 0x92, 0x92, 0x92, 0x92, 0x91, 0x91, 0x91, 0x91, 0x91, 0x91, 0x91, 0x91, 0x91, 0x91, 0x91,
    0x91, 0x91, 0x91, 0x91, 0x92, 0x92, 0x92, 0x92, 0x92, 0x92, 0x92, 0x92, 0x93, 0x93, 0x93, 0x93,
    0x94, 0x94, 0x95, 0x96, 0x96, 0x96, 0x97, 0x96, 0x96, 0x97, 0x99, 0x97, 0x91, 0x91, 0x98, 0x99,
    0x95, 0x94, 0x97, 0x98, 0x99, 0x99, 0x98, 0x98, 0x99, 0x99, 0x98, 0x97, 0x96, 0x96, 0x96, 0x96,
    0x96, 0x97, 0x98, 0x98, 0x98, 0x98, 0x99, 0x9a, 0x99, 0x98, 0x97, 0x97, 0x97, 0x96, 0x95, 0x95,
    0x95, 0x95, 0x95, 0x95, 0x96, 0x96, 0x95, 0x95, 0x95, 0x94, 0x93, 0x94, 0x93, 0x92, 0x91, 0x91,
    0x91, 0x90, 0x90, 0x91, 0x91, 0x90, 0x90, 0x91, 0x91, 0x90, 0x90, 0x91, 0x91, 0x90, 0x90, 0x90,
    0x90, 0x90, 0x8f, 0x90, 0x90, 0x90, 0x90, 0x91, 0x91, 0x91, 0x92, 0x94, 0x94, 0x95, 0x94, 0x93,
    0x95, 0x98, 0x97, 0x90, 0x8e, 0x94, 0x98, 0x95, 0x92, 0x95, 0x97, 0x98, 0x98, 0x97, 0x97, 0x99,
    0x9a, 0x99, 0x98, 0x97, 0x97, 0x97, 0x97, 0x97, 0x97, 0x98, 0x99, 0x99, 0x98, 0x99, 0x9b, 0x9b,
    0x99, 0x99, 0x99, 0x98, 0x98, 0x97, 0x97, 0x97, 0x97, 0x96, 0x96, 0x97, 0x97, 0x97, 0x97, 0x97,
    0x97, 0x96, 0x95, 0x95, 0x94, 0x93, 0x93, 0x93, 0x92, 0x92, 0x92, 0x93, 0x92, 0x92, 0x92, 0x93,
    0x93, 0x92, 0x92, 0x91, 0x91, 0x90, 0x90, 0x90, 0x8f, 0x8f, 0x91, 0x91, 0x90, 0x91, 0x93, 0x93,
    0x92, 0x93, 0x94, 0x94, 0x95, 0x95, 0x90, 0x8c, 0x91, 0x97, 0x93, 0x90, 0x92, 0x95, 0x96, 0x96,
    0x95, 0x96, 0x97, 0x98, 0x98, 0x98, 0x97, 0x96, 0x97, 0x97, 0x97, 0x97, 0x97, 0x98, 0x99, 0x98,
    0x98, 0x9a, 0x9b, 0x99, 0x99, 0x9a, 0x9a, 0x99, 0x98, 0x99, 0x99, 0x98, 0x97, 0x97, 0x99, 0x99,
    0x98, 0x97, 0x98, 0x98, 0x97, 0x97, 0x96, 0x95, 0x95, 0x96, 0x96, 0x95, 0x94, 0x95, 0x95, 0x95,
    0x94, 0x94, 0x95, 0x94, 0x93, 0x92, 0x92, 0x92, 0x92, 0x91, 0x90, 0x91, 0x91, 0x92, 0x93, 0x93,
    0x93, 0x95, 0x94, 0x92, 0x95, 0x96, 0x8e, 0x89, 0x90, 0x96, 0x91, 0x8c, 0x90, 0x94, 0x93, 0x92,
    0x94, 0x96, 0x96, 0x97, 0x97, 0x95, 0x95, 0x95, 0x95, 0x94, 0x93, 0x94, 0x95, 0x96, 0x96, 0x95,
    0x96, 0x9a, 0x9b, 0x99, 0x98, 0x9a, 0x9a, 0x99, 0x98, 0x97, 0x97, 0x98, 0x97, 0x96, 0x97, 0x98,
    0x97, 0x97, 0x98, 0x99, 0x98, 0x97, 0x98, 0x98, 0x98, 0x98, 0x97, 0x96, 0x96, 0x96, 0x95, 0x94,
    0x95, 0x95, 0x95, 0x93, 0x94, 0x94, 0x94, 0x94, 0x94, 0x94, 0x94, 0x95, 0x95, 0x95, 0x96, 0x95,
    0x95, 0x96, 0x96, 0x8f, 0x89, 0x8f, 0x96, 0x93, 0x8d, 0x8e, 0x94, 0x95, 0x93, 0x92, 0x93, 0x96,
    0x96, 0x95, 0x93, 0x93, 0x93, 0x93, 0x91, 0x90, 0x91, 0x92, 0x93, 0x94, 0x95, 0x96, 0x97, 0x98,
    0x97, 0x97, 0x97, 0x97, 0x98, 0x97, 0x94, 0x94, 0x96, 0x96, 0x94, 0x95, 0x97, 0x99, 0x98, 0x97,
    0x98, 0x99, 0x98, 0x98, 0x99, 0x99, 0x98, 0x97, 0x96, 0x97, 0x97, 0x95, 0x93, 0x95, 0x96, 0x96,
    0x96, 0x95, 0x94, 0x95, 0x98, 0x97, 0x96, 0x96, 0x98, 0x99, 0x9a, 0x98, 0x90, 0x89, 0x8f, 0x98,
    0x95, 0x8d, 0x8e, 0x94, 0x97, 0x96, 0x94, 0x94, 0x95, 0x97, 0x97, 0x93, 0x91, 0x92, 0x92, 0x90,
    0x90, 0x90, 0x91, 0x94, 0x96, 0x94, 0x94, 0x98, 0x99, 0x96, 0x94, 0x95, 0x94, 0x93, 0x93, 0x94,
    0x93, 0x92, 0x93, 0x95, 0x96, 0x96, 0x96, 0x97, 0x97, 0x97, 0x96, 0x97, 0x98, 0x97, 0x96, 0x96,
    0x97, 0x95, 0x93, 0x95, 0x97, 0x95, 0x94, 0x96, 0x97, 0x96, 0x96, 0x97, 0x97, 0x98, 0x99, 0x9a,
    0x9c, 0x9c, 0x97, 0x8e, 0x8b, 0x94, 0x9a, 0x94, 0x8f, 0x93, 0x99, 0x9a, 0x98, 0x96, 0x96, 0x98,
    0x99, 0x97, 0x94, 0x93, 0x93, 0x92, 0x91, 0x91, 0x93, 0x94, 0x96, 0x97, 0x96, 0x98, 0x9a, 0x97,
    0x94, 0x93, 0x94, 0x93, 0x92, 0x92, 0x94, 0x94, 0x93, 0x92, 0x94, 0x96, 0x96, 0x96, 0x95, 0x94,
    0x96, 0x97, 0x95, 0x92, 0x91, 0x94, 0x97, 0x94, 0x91, 0x93, 0x97, 0x95, 0x92, 0x94, 0x96, 0x93,
    0x92, 0x95, 0x96, 0x96, 0x97, 0x9b, 0x9d, 0x96, 0x89, 0x8a, 0x98, 0x9c, 0x92, 0x8e, 0x94, 0x99,
    0x99, 0x98, 0x96, 0x94, 0x96, 0x99, 0x98, 0x94, 0x91, 0x94, 0x96, 0x94, 0x93, 0x94, 0x95, 0x97,
    0x99, 0x98, 0x98, 0x98, 0x98, 0x94, 0x91, 0x91, 0x93, 0x95, 0x96, 0x94, 0x94, 0x95, 0x95, 0x96,
    0x97, 0x96, 0x94, 0x94, 0x96, 0x96, 0x92, 0x91, 0x94, 0x94, 0x93, 0x95, 0x97, 0x95, 0x93, 0x96,
    0x97, 0x93, 0x91, 0x93, 0x95, 0x93, 0x91, 0x94, 0x99, 0x9b, 0x9a, 0x94, 0x8c, 0x8b, 0x94, 0x9a,
    0x95, 0x90, 0x91, 0x96, 0x98, 0x97, 0x93, 0x92, 0x96, 0x97, 0x94, 0x93, 0x94, 0x94, 0x92, 0x93,
    0x94, 0x94, 0x95, 0x97, 0x98, 0x98, 0x97, 0x98, 0x97, 0x93, 0x91, 0x93, 0x95, 0x95, 0x94, 0x95,
    0x97, 0x97, 0x96, 0x96, 0x97, 0x98, 0x97, 0x96, 0x95, 0x94, 0x93, 0x94, 0x94, 0x94, 0x95, 0x96,
    0x96, 0x97, 0x96, 0x95, 0x94, 0x95, 0x95, 0x93, 0x92, 0x93, 0x94, 0x95, 0x97, 0x98, 0x99, 0x96,
    0x8f, 0x8d, 0x95, 0x99, 0x94, 0x91, 0x94, 0x96, 0x95, 0x96, 0x96, 0x93, 0x92, 0x94, 0x94, 0x92,
    0x94, 0x95, 0x93, 0x91, 0x91, 0x94, 0x97, 0x97, 0x96, 0x96, 0x98, 0x97, 0x94, 0x92, 0x92, 0x92,
    0x93, 0x95, 0x96, 0x93, 0x93, 0x97, 0x98, 0x95, 0x94, 0x97, 0x97, 0x95, 0x94, 0x95, 0x94, 0x93,
    0x93, 0x94, 0x96, 0x96, 0x96, 0x95, 0x95, 0x96, 0x94, 0x93, 0x94, 0x96, 0x95, 0x93, 0x95, 0x97,
    0x98, 0x9a, 0x9a, 0x94, 0x8d, 0x90, 0x98, 0x97, 0x92, 0x92, 0x95, 0x97, 0x99, 0x98, 0x94, 0x94,
    0x97, 0x95, 0x91, 0x92, 0x95, 0x94, 0x93, 0x93, 0x92, 0x93, 0x97, 0x99, 0x96, 0x95, 0x97, 0x97,
    0x95, 0x93, 0x92, 0x91, 0x95, 0x97, 0x93, 0x92, 0x96, 0x97, 0x95, 0x95, 0x97, 0x96, 0x93, 0x95,
    0x96, 0x94, 0x92, 0x95, 0x96, 0x95, 0x94, 0x96, 0x97, 0x95, 0x93, 0x94, 0x95, 0x94, 0x92, 0x93,
    0x95, 0x95, 0x96, 0x9a, 0x9a, 0x94, 0x8f, 0x91, 0x97, 0x97, 0x93, 0x92, 0x93, 0x95, 0x97, 0x99,
    0x97, 0x94, 0x93, 0x95, 0x96, 0x94, 0x93, 0x94, 0x95, 0x95, 0x94, 0x94, 0x95, 0x95, 0x96, 0x97,
    0x97, 0x96, 0x96, 0x95, 0x93, 0x94, 0x96, 0x96, 0x94, 0x95, 0x97, 0x96, 0x94, 0x95, 0x96, 0x95,
    0x94, 0x94, 0x95, 0x94, 0x95, 0x96, 0x96, 0x95, 0x94, 0x95, 0x96, 0x95, 0x94, 0x94, 0x95, 0x94,
    0x93, 0x94, 0x96, 0x96, 0x96, 0x98, 0x99, 0x95, 0x90, 0x90, 0x95, 0x97, 0x93, 0x93, 0x96, 0x95,
    0x94, 0x98, 0x98, 0x95, 0x93, 0x93, 0x93, 0x93, 0x94, 0x94, 0x94, 0x95, 0x93, 0x94, 0x98, 0x98,
    0x95, 0x94, 0x97, 0x96, 0x93, 0x93, 0x94, 0x93, 0x94, 0x97, 0x97, 0x95, 0x95, 0x96, 0x96, 0x96,
    0x95, 0x95, 0x94, 0x93, 0x94, 0x94, 0x95, 0x96, 0x96, 0x95, 0x95, 0x95, 0x95, 0x95, 0x94, 0x94,
    0x94, 0x93, 0x94, 0x94, 0x95, 0x96, 0x98, 0x99, 0x96, 0x92, 0x90, 0x94, 0x97, 0x94, 0x92, 0x94,
    0x96, 0x97, 0x98, 0x98, 0x97, 0x96, 0x95, 0x93, 0x93, 0x94, 0x94, 0x93, 0x96, 0x96, 0x94, 0x96,
    0x98, 0x98, 0x95, 0x95, 0x96, 0x96, 0x93, 0x92, 0x94, 0x95, 0x94, 0x95, 0x97, 0x97, 0x95, 0x96,
    0x97, 0x96, 0x94, 0x94, 0x95, 0x94, 0x94, 0x94, 0x96, 0x97, 0x96, 0x95, 0x95, 0x95, 0x94, 0x95,
    0x95, 0x93, 0x92, 0x93, 0x95, 0x97, 0x97, 0x98, 0x99, 0x96, 0x92, 0x91, 0x94, 0x95, 0x93, 0x93,
    0x94, 0x95, 0x96, 0x97, 0x96, 0x95, 0x96, 0x96, 0x93, 0x93, 0x94, 0x94, 0x95, 0x94, 0x94, 0x95,
    0x96, 0x96, 0x97, 0x98, 0x96, 0x94, 0x95, 0x95, 0x92, 0x93, 0x96, 0x95, 0x94, 0x95, 0x97, 0x96,
    0x95, 0x96, 0x97, 0x95, 0x93, 0x93, 0x95, 0x96, 0x95, 0x95, 0x96, 0x96, 0x95, 0x94, 0x95, 0x96,
    0x94, 0x94, 0x95, 0x95, 0x94, 0x95, 0x97, 0x98, 0x98, 0x96, 0x94, 0x92, 0x93, 0x95, 0x95, 0x94,
    0x94, 0x93, 0x96, 0x98, 0x97, 0x95, 0x96, 0x97, 0x94, 0x92, 0x93, 0x94, 0x95, 0x94, 0x94, 0x93,
    0x95, 0x96, 0x96, 0x96, 0x95, 0x95, 0x96, 0x96, 0x94, 0x92, 0x93, 0x95, 0x96, 0x95, 0x95, 0x95,
    0x96, 0x96, 0x95, 0x95, 0x95, 0x94, 0x95, 0x95, 0x95, 0x96, 0x97, 0x96, 0x95, 0x95, 0x95, 0x95,
    0x95, 0x94, 0x93, 0x93, 0x95, 0x96, 0x96, 0x97, 0x98, 0x97, 0x93, 0x90, 0x94, 0x97, 0x94, 0x92,
    0x94, 0x95, 0x95, 0x96, 0x95, 0x94, 0x94, 0x95, 0x95, 0x94, 0x92, 0x91, 0x95, 0x97, 0x94, 0x91,
    0x95, 0x97, 0x95, 0x94, 0x95, 0x95, 0x94, 0x94, 0x94, 0x92, 0x92, 0x94, 0x96, 0x96, 0x94, 0x94,
    0x96, 0x97, 0x95, 0x94, 0x94, 0x95, 0x94, 0x94, 0x95, 0x96, 0x96, 0x95, 0x95, 0x96, 0x95, 0x94,
    0x94, 0x94, 0x94, 0x94, 0x95, 0x96, 0x96, 0x97, 0x98, 0x96, 0x92, 0x91, 0x95, 0x96, 0x94, 0x94,
    0x95, 0x94, 0x96, 0x99, 0x96, 0x92, 0x95, 0x97, 0x94, 0x92, 0x93, 0x94, 0x94, 0x95, 0x94, 0x95,
    0x96, 0x96, 0x95, 0x95, 0x95, 0x94, 0x94, 0x95, 0x93, 0x91, 0x93, 0x96, 0x96, 0x95, 0x95, 0x96,
    0x95, 0x94, 0x95, 0x95, 0x94, 0x93, 0x94, 0x95, 0x95, 0x94, 0x95, 0x96, 0x94, 0x93, 0x95, 0x95,
    0x94, 0x92, 0x93, 0x94, 0x95, 0x96, 0x97, 0x98, 0x97, 0x93, 0x91, 0x93, 0x95, 0x94, 0x93, 0x95,
    0x95, 0x94, 0x96, 0x98, 0x97, 0x95, 0x95, 0x95, 0x94, 0x93, 0x93, 0x94, 0x94, 0x95, 0x95, 0x95,
    0x96, 0x96, 0x96, 0x96, 0x96, 0x95, 0x94, 0x93, 0x93, 0x93, 0x94, 0x95, 0x96, 0x96, 0x96, 0x95,
    0x96, 0x96, 0x95, 0x94, 0x94, 0x95, 0x94, 0x93, 0x95, 0x95, 0x95, 0x94, 0x96, 0x96, 0x94, 0x94,
    0x94, 0x95, 0x94, 0x94, 0x97, 0x99, 0x98, 0x96, 0x93, 0x92, 0x93, 0x95, 0x96, 0x95, 0x94, 0x93,
    0x95, 0x98, 0x99, 0x96, 0x94, 0x95, 0x95, 0x93, 0x93, 0x94, 0x94, 0x94, 0x94, 0x95, 0x95, 0x95,
    0x95, 0x96, 0x96, 0x95, 0x94, 0x95, 0x94, 0x92, 0x93, 0x95, 0x95, 0x95, 0x96, 0x95, 0x95, 0x95,
    0x96, 0x96, 0x95, 0x94, 0x94, 0x94, 0x95, 0x96, 0x97, 0x95, 0x93, 0x95, 0x96, 0x95, 0x94, 0x95,
    0x95, 0x94, 0x96, 0x97, 0x98, 0x98, 0x97, 0x94, 0x92, 0x92, 0x95, 0x97, 0x96, 0x94, 0x94, 0x95,
    0x97, 0x97, 0x96, 0x95, 0x95, 0x94, 0x93, 0x93, 0x93, 0x93, 0x94, 0x96, 0x94, 0x93, 0x95, 0x96,
    0x96, 0x94, 0x94, 0x95, 0x94, 0x93, 0x93, 0x94, 0x94, 0x93, 0x94, 0x95, 0x94, 0x93, 0x95, 0x96,
    0x95, 0x94, 0x94, 0x95, 0x95, 0x94, 0x95, 0x96, 0x95, 0x94, 0x94, 0x96, 0x95, 0x94, 0x94, 0x94,
    0x94, 0x95, 0x97, 0x99, 0x98, 0x95, 0x92, 0x90, 0x94, 0x96, 0x95, 0x95, 0x95, 0x95, 0x95, 0x98,
    0x98, 0x95, 0x94, 0x95, 0x94, 0x93, 0x93, 0x94, 0x95, 0x96, 0x96, 0x94, 0x94, 0x96, 0x96, 0x95,
    0x95, 0x94, 0x94, 0x94, 0x94, 0x94, 0x95, 0x95, 0x95, 0x95, 0x95, 0x93, 0x93, 0x95, 0x96, 0x94,
    0x94, 0x95, 0x95, 0x93, 0x94, 0x96, 0x96, 0x95, 0x94, 0x95, 0x95, 0x93, 0x94, 0x95, 0x95, 0x94,
    0x95, 0x9a, 0x99, 0x94, 0x91, 0x92, 0x94, 0x95, 0x94, 0x94, 0x95, 0x94, 0x96, 0x99, 0x98, 0x94,
    0x93, 0x96, 0x96, 0x92, 0x91, 0x95, 0x96, 0x94, 0x95, 0x96, 0x95, 0x94, 0x96, 0x96, 0x95, 0x94,
    0x93, 0x94, 0x94, 0x93, 0x92, 0x94, 0x96, 0x95, 0x95, 0x95, 0x94, 0x94, 0x95, 0x95, 0x93, 0x93,
    0x95, 0x95, 0x94, 0x94, 0x95, 0x94, 0x94, 0x95, 0x95, 0x94, 0x93, 0x95, 0x96, 0x96, 0x98, 0x99,
    0x98, 0x93, 0x8f, 0x91, 0x97, 0x97, 0x93, 0x93, 0x95, 0x95, 0x96, 0x99, 0x97, 0x93, 0x93, 0x97,
    0x95, 0x91, 0x91, 0x95, 0x96, 0x96, 0x95, 0x95, 0x95, 0x96, 0x96, 0x97, 0x96, 0x94, 0x94, 0x95,
    0x95, 0x93, 0x93, 0x95, 0x97, 0x96, 0x94, 0x94, 0x96, 0x95, 0x94, 0x96, 0x95, 0x92, 0x92, 0x95,
    0x96, 0x95, 0x95, 0x95, 0x95, 0x94, 0x94, 0x94, 0x94, 0x95, 0x97, 0x99, 0x9a, 0x98, 0x93, 0x90,
    0x91, 0x95, 0x98, 0x96, 0x94, 0x93, 0x94, 0x97, 0x99, 0x97, 0x94, 0x93, 0x96, 0x95, 0x92, 0x91,
    0x93, 0x95, 0x96, 0x96, 0x94, 0x93, 0x95, 0x97, 0x97, 0x96, 0x94, 0x94, 0x94, 0x95, 0x94, 0x93,
    0x94, 0x96, 0x97, 0x97, 0x95, 0x94, 0x95, 0x95, 0x95, 0x94, 0x94, 0x94, 0x94, 0x96, 0x96, 0x95,
    0x94, 0x96, 0x97, 0x94, 0x93, 0x95, 0x98, 0x99, 0x9a, 0x9b, 0x9a, 0x94, 0x90, 0x91, 0x96, 0x98,
    0x96, 0x95, 0x95, 0x96, 0x96, 0x99, 0x9a, 0x95, 0x93, 0x95, 0x97, 0x92, 0x90, 0x92, 0x96, 0x97,
    0x97, 0x96, 0x94, 0x93, 0x95, 0x97, 0x97, 0x95, 0x94, 0x94, 0x95, 0x94, 0x93, 0x94, 0x96, 0x97,
    0x97, 0x96, 0x95, 0x95, 0x96, 0x96, 0x94, 0x93, 0x93, 0x94, 0x94, 0x95, 0x95, 0x95, 0x95, 0x94,
    0x94, 0x93, 0x92, 0x94, 0x98, 0x9b, 0x9b, 0x9b, 0x98, 0x92, 0x8d, 0x91, 0x99, 0x99, 0x94, 0x93,
    0x95, 0x97, 0x98, 0x9a, 0x98, 0x93, 0x92, 0x96, 0x96, 0x90, 0x8e, 0x93, 0x97, 0x97, 0x95, 0x93,
    0x93, 0x95, 0x97, 0x98, 0x96, 0x92, 0x91, 0x93, 0x94, 0x93, 0x93, 0x95, 0x98, 0x98, 0x96, 0x95,
    0x94, 0x93, 0x95, 0x96, 0x95, 0x91, 0x91, 0x94, 0x96, 0x96, 0x94, 0x94, 0x94, 0x94, 0x93, 0x93,
    0x93, 0x95, 0x98, 0x9d, 0xa0, 0x9d, 0x95, 0x8f, 0x8e, 0x93, 0x99, 0x99, 0x94, 0x92, 0x95, 0x99,
    0x9c, 0x9b, 0x97, 0x93, 0x93, 0x94, 0x92, 0x8e, 0x8f, 0x94, 0x97, 0x97, 0x95, 0x92, 0x93, 0x97,
    0x98, 0x95, 0x93, 0x92, 0x92, 0x93, 0x94, 0x94, 0x93, 0x95, 0x98, 0x97, 0x95, 0x94, 0x94, 0x95,
    0x95, 0x95, 0x93, 0x91, 0x91, 0x94, 0x96, 0x96, 0x94, 0x94, 0x94, 0x94, 0x92, 0x91, 0x92, 0x96,
    0x9a, 0x9f, 0xa2, 0x9e, 0x96, 0x8f, 0x8f, 0x94, 0x99, 0x98, 0x94, 0x92, 0x94, 0x98, 0x9d, 0x9c,
    0x96, 0x92, 0x92, 0x92, 0x90, 0x8e, 0x8f, 0x93, 0x96, 0x97, 0x95, 0x92, 0x92, 0x96, 0x99, 0x97,
    0x92, 0x90, 0x91, 0x93, 0x92, 0x92, 0x93, 0x95, 0x99, 0x99, 0x96, 0x94, 0x94, 0x96, 0x97, 0x94,
    0x90, 0x8f, 0x92, 0x97, 0x98, 0x95, 0x93, 0x94, 0x96, 0x96, 0x93, 0x91, 0x95, 0x9b, 0xa0, 0xa2,
    0xa1, 0x98, 0x8d, 0x8b, 0x94, 0x9d, 0x9a, 0x92, 0x91, 0x94, 0x98, 0x9c, 0x9d, 0x96, 0x8e, 0x8e,
    0x92, 0x92, 0x8c, 0x8a, 0x90, 0x96, 0x98, 0x96, 0x91, 0x90, 0x94, 0x98, 0x98, 0x94, 0x8f, 0x8e,
    0x92, 0x95, 0x95, 0x95, 0x95, 0x99, 0x9c, 0x9b, 0x96, 0x93, 0x92, 0x93, 0x94, 0x91, 0x8f, 0x8f,
    0x93, 0x97, 0x98, 0x96, 0x93, 0x93, 0x93, 0x95, 0x99, 0x9f, 0xa5, 0xa6, 0x9f, 0x91, 0x87, 0x8c,
    0x9a, 0xa1, 0x9a, 0x8f, 0x8f, 0x96, 0x9c, 0x9d, 0x99, 0x90, 0x8a, 0x8e, 0x93, 0x90, 0x8c, 0x8c,
    0x91, 0x97, 0x9a, 0x97, 0x93, 0x91, 0x94, 0x97, 0x97, 0x93, 0x90, 0x8e, 0x90, 0x96, 0x9b, 0x9b,
    0x98, 0x98, 0x99, 0x98, 0x94, 0x90, 0x91, 0x91, 0x8f, 0x8d, 0x8f, 0x92, 0x94, 0x95, 0x96, 0x96,
    0x94, 0x97, 0x9e, 0xa4, 0xa7, 0xa6, 0x9d, 0x8c, 0x81, 0x8c, 0x9f, 0xa3, 0x96, 0x8e, 0x92, 0x99,
    0x9c, 0x9b, 0x95, 0x8a, 0x87, 0x8f, 0x93, 0x8c, 0x86, 0x8b, 0x95, 0x9c, 0x9a, 0x94, 0x90, 0x91,
    0x96, 0x98, 0x95, 0x8f, 0x8c, 0x8f, 0x95, 0x9b, 0x9b, 0x99, 0x9a, 0x9b, 0x98, 0x93, 0x8d, 0x8a,
    0x8d, 0x91, 0x92, 0x90, 0x90, 0x95, 0x98, 0x99, 0x98, 0x97, 0x96, 0x9b, 0xa5, 0xac, 0xaa, 0x9b,
    0x87, 0x81, 0x91, 0xa4, 0xa3, 0x96, 0x8d, 0x8f, 0x96, 0x9b, 0x9b, 0x91, 0x84, 0x85, 0x91, 0x95,
    0x8e, 0x89, 0x8d, 0x96, 0x9e, 0x9d, 0x93, 0x8b, 0x8c, 0x95, 0x9a, 0x99, 0x94, 0x90, 0x8f, 0x94,
    0x9b, 0x9c, 0x99, 0x96, 0x96, 0x94, 0x8e, 0x8b, 0x8c, 0x90, 0x92, 0x93, 0x92, 0x92, 0x95, 0x99,
    0x9d, 0x9c, 0x9c, 0xa2, 0xac, 0xb1, 0xa6, 0x8b, 0x76, 0x81, 0x9f, 0xac, 0x9d, 0x8d, 0x8d, 0x96,
    0x9d, 0xa1, 0x9b, 0x85, 0x78, 0x84, 0x94, 0x92, 0x88, 0x8b, 0x99, 0xa3, 0xa1, 0x9a, 0x91, 0x8c,
    0x90, 0x96, 0x96, 0x8f, 0x8a, 0x8f, 0x9a, 0xa0, 0x9c, 0x95, 0x95, 0x99, 0x99, 0x90, 0x87, 0x88,
    0x8d, 0x91, 0x92, 0x91, 0x92, 0x96, 0xa0, 0xa6, 0xa2, 0x9c, 0x9e, 0xa9, 0xb0, 0xa7, 0x89, 0x75,
    0x80, 0x9f, 0xad, 0x9e, 0x8c, 0x88, 0x92, 0x9d, 0xa1, 0x98, 0x82, 0x76, 0x83, 0x98, 0x97, 0x8a,
    0x87, 0x93, 0xa1, 0xa6, 0xa0, 0x94, 0x8c, 0x8f, 0x98, 0x9a, 0x90, 0x87, 0x8a, 0x97, 0xa2, 0x9f,
    0x98, 0x93, 0x93, 0x93, 0x90, 0x89, 0x85, 0x8a, 0x95, 0x98, 0x96, 0x93, 0x94, 0x9b, 0xa5, 0xab,
    0xaa, 0xaa, 0xae, 0xab, 0x95, 0x7a, 0x79, 0x90, 0xa5, 0xa3, 0x94, 0x89, 0x89, 0x96, 0xa1, 0xa1,
    0x8d, 0x75, 0x75, 0x8a, 0x9a, 0x98, 0x90, 0x90, 0x9b, 0xa6, 0xa5, 0x9b, 0x90, 0x8e, 0x93, 0x97,
    0x94, 0x8d, 0x8a, 0x8e, 0x98, 0xa0, 0xa1, 0x9a, 0x8f, 0x8b, 0x8c, 0x8a, 0x87, 0x8b, 0x91, 0x93,
    0x94, 0x99, 0x9e, 0x9f, 0xa3, 0xad, 0xb5, 0xb5, 0xaf, 0x9f, 0x80, 0x6f, 0x81, 0xa1, 0xa8, 0x96,
    0x88, 0x8b, 0x92, 0x96, 0x9a, 0x93, 0x7e, 0x74, 0x83, 0x94, 0x93, 0x90, 0x97, 0xa0, 0xa2, 0xa0,
    0x9d, 0x96, 0x8f, 0x90, 0x94, 0x96, 0x93, 0x8f, 0x8d, 0x92, 0x99, 0x9d, 0x9b, 0x95, 0x8d, 0x89,
    0x87, 0x89, 0x8d, 0x91, 0x95, 0x97, 0x99, 0x9c, 0xa2, 0xa7, 0xac, 0xb0, 0xb7, 0xb8, 0xa0, 0x78,
    0x6d, 0x88, 0xa7, 0xa8, 0x95, 0x86, 0x86, 0x91, 0x9b, 0x9b, 0x8a, 0x75, 0x73, 0x87, 0x99, 0x9a,
    0x93, 0x94, 0xa1, 0xaa, 0xa6, 0x9a, 0x90, 0x8d, 0x90, 0x92, 0x92, 0x91, 0x90, 0x94, 0x99, 0x9a,
    0x97, 0x94, 0x90, 0x8d, 0x8a, 0x86, 0x83, 0x8a, 0x97, 0x9c, 0x99, 0x98, 0x9c, 0xa4, 0xae, 0xb7,
    0xba, 0xb6, 0xa9, 0x88, 0x6d, 0x77, 0x9b, 0xae, 0xa0, 0x8b, 0x81, 0x89, 0x93, 0x99, 0x96, 0x82,
    0x6e, 0x76, 0x91, 0x9e, 0x96, 0x93, 0xa0, 0xaa, 0xa8, 0xa1, 0x97, 0x89, 0x82, 0x8a, 0x98, 0x9c,
    0x97, 0x93, 0x96, 0x98, 0x97, 0x94, 0x8f, 0x8a, 0x86, 0x83, 0x81, 0x85, 0x91, 0xa0, 0xa7, 0xa3,
    0x9b, 0x99, 0xa4, 0xb4, 0xbd, 0xbd, 0xae, 0x86, 0x66, 0x76, 0xa2, 0xb6, 0xa1, 0x89, 0x83, 0x8a,
    0x90, 0x93, 0x91, 0x7e, 0x6d, 0x76, 0x94, 0xa2, 0x97, 0x93, 0xa1, 0xaf, 0xab, 0xa2, 0x96, 0x88,
    0x82, 0x87, 0x93, 0x98, 0x96, 0x98, 0x9c, 0x9b, 0x97, 0x92, 0x8a, 0x82, 0x82, 0x87, 0x88, 0x86,
    0x8c, 0x9b, 0xa6, 0xa9, 0xa6, 0x9f, 0xa1, 0xab, 0xb7, 0xbf, 0xb9, 0x94, 0x64, 0x63, 0x94, 0xbb,
    0xad, 0x8c, 0x7d, 0x82, 0x8d, 0x96, 0x99, 0x86, 0x6c, 0x6d, 0x8c, 0xa5, 0x9f, 0x95, 0x9e, 0xaf,
    0xb3, 0xa8, 0x9b, 0x8a, 0x82, 0x89, 0x95, 0x96, 0x8a, 0x86, 0x92, 0xa1, 0xa3, 0x98, 0x8a, 0x82,
    0x82, 0x85, 0x86, 0x87, 0x8b, 0x96, 0xa3, 0xa9, 0xa6, 0xa0, 0xa3, 0xaf, 0xbb, 0xc0, 0xbb, 0xa2,
    0x74, 0x5e, 0x7d, 0xa9, 0xb0, 0x96, 0x81, 0x7e, 0x89, 0x95, 0x9a, 0x8f, 0x77, 0x6d, 0x7e, 0x99,
    0xa2, 0x9b, 0x9f, 0xaf, 0xb5, 0xab, 0xa0, 0x96, 0x8c, 0x8a, 0x8f, 0x91, 0x8b, 0x86, 0x8d, 0x96,
    0x96, 0x93, 0x92, 0x8e, 0x88, 0x84, 0x86, 0x89, 0x88, 0x8e, 0x9f, 0xa9, 0xa6, 0x9f, 0x9f, 0xa5,
    0xac, 0xb0, 0xb6, 0xbd, 0xb5, 0x96, 0x6f, 0x6a, 0x8a, 0xa3, 0x9c, 0x87, 0x7c, 0x7f, 0x8c, 0x98,
    0x9a, 0x8a, 0x76, 0x7a, 0x95, 0xa8, 0xa3, 0x9c, 0xa4, 0xb1, 0xb2, 0xa8, 0x9c, 0x8f, 0x89, 0x8a,
    0x8d, 0x8c, 0x8a, 0x88, 0x8c, 0x91, 0x91, 0x8f, 0x8e, 0x90, 0x92, 0x8d, 0x83, 0x7f, 0x8c, 0xa1,
    0xad, 0xa9, 0x9e, 0x9a, 0x9d, 0xa1, 0xa0, 0x9b, 0x98, 0xa6, 0xc2, 0xce, 0xae, 0x6c, 0x4f, 0x70,
    0xa0, 0xaa, 0x91, 0x75, 0x6e, 0x82, 0x9c, 0xac, 0x9f, 0x84, 0x80, 0x98, 0xaf, 0xa8, 0x97, 0x98,
    0xa8, 0xaf, 0xa7, 0x98, 0x88, 0x82, 0x8f, 0x9d, 0x95, 0x7f, 0x76, 0x7f, 0x8e, 0x97, 0x98, 0x96,
    0x93, 0x93, 0x95, 0x94, 0x8f, 0x92, 0xa0, 0xa8, 0xa3, 0x9b, 0x97, 0x99, 0x9d, 0x9c, 0x95, 0x89,
    0x89, 0x99, 0xb3, 0xc8, 0xc1, 0x8c, 0x53, 0x5c, 0x90, 0xab, 0x98, 0x7f, 0x7a, 0x89, 0xa0, 0xb4,
    0xb3, 0x93, 0x7e, 0x8f, 0xa9, 0xa5, 0x89, 0x7f, 0x93, 0xaa, 0xac, 0xa3, 0x93, 0x84, 0x88, 0x95,
    0x94, 0x81, 0x75, 0x80, 0x96, 0xa1, 0x9f, 0x98, 0x94, 0x9c, 0xa7, 0xa4, 0x92, 0x82, 0x86, 0x99,
    0xa5, 0xa1, 0x94, 0x8b, 0x92, 0x9f, 0xa0, 0x90, 0x7e, 0x80, 0x94, 0xb1, 0xc9, 0xc1, 0x89, 0x59,
    0x6e, 0xa1, 0xb0, 0x9a, 0x86, 0x84, 0x8f, 0xa1, 0xaf, 0xa8, 0x8c, 0x81, 0x8e, 0x9b, 0x93, 0x83,
    0x86, 0x9a, 0xa7, 0xa3, 0x9a, 0x91, 0x8c, 0x92, 0x97, 0x94, 0x8d, 0x8c, 0x90, 0x94, 0x96, 0x9c,
    0x9f, 0x9c, 0x9b, 0x9a, 0x93, 0x8a, 0x88, 0x8f, 0x97, 0x92, 0x8e, 0x93, 0x96, 0x97, 0x9a, 0x9a,
    0x91, 0x8a, 0x8d, 0x9c, 0xb5, 0xc6, 0xb3, 0x7d, 0x65, 0x83, 0xa7, 0xa8, 0x94, 0x88, 0x87, 0x91,
    0x9d, 0xa5, 0x9b, 0x83, 0x7f, 0x91, 0x9c, 0x90, 0x88, 0x92, 0xa2, 0xa6, 0xa1, 0x9b, 0x95, 0x97,
    0x9a, 0x91, 0x89, 0x8c, 0x95, 0x9a, 0x9a, 0x93, 0x8e, 0x92, 0x9a, 0x9d, 0x97, 0x8c, 0x86, 0x8c,
    0x97, 0x96, 0x8c, 0x8e, 0x99, 0xa1, 0xa4, 0xa0, 0x92, 0x84, 0x87, 0x96, 0xa8, 0xbb, 0xc4, 0xa3,
    0x6a, 0x61, 0x8a, 0xaa, 0xa8, 0x96, 0x87, 0x83, 0x8c, 0x9c, 0xa6, 0x97, 0x83, 0x88, 0x99, 0x9b,
    0x90, 0x8e, 0x9b, 0xa8, 0xa9, 0x9e, 0x90, 0x8a, 0x95, 0x9a, 0x92, 0x8c, 0x90, 0x93, 0x95, 0x94,
    0x8e, 0x8e, 0x95, 0x9d, 0x9d, 0x93, 0x86, 0x86, 0x95, 0xa6, 0xa3, 0x94, 0x8f, 0x93, 0x99, 0xa1,
    0x9f, 0x8f, 0x83, 0x85, 0x92, 0xa6, 0xb6, 0xb8, 0xa0, 0x75, 0x6a, 0x88, 0xa3, 0xa3, 0x93, 0x86,
    0x88, 0x94, 0xa0, 0xa7, 0x9d, 0x8c, 0x8d, 0x99, 0x9a, 0x8f, 0x89, 0x90, 0x9d, 0xa5, 0xa1, 0x95,
    0x8e, 0x93, 0x98, 0x92, 0x8c, 0x8d, 0x8e, 0x91, 0x94, 0x95, 0x96, 0x97, 0x98, 0x98, 0x9a, 0x98,
    0x95, 0x96, 0x9a, 0x95, 0x8e, 0x92, 0x99, 0x9a, 0x98, 0x91, 0x89, 0x89, 0x8c, 0x90, 0x9a, 0xa9,
    0xb3, 0xad, 0x8d, 0x6e, 0x7a, 0x9d, 0xac, 0x9e, 0x8f, 0x8b, 0x8e, 0x99, 0xa7, 0xa7, 0x91, 0x85,
    0x8d, 0x93, 0x93, 0x93, 0x94, 0x97, 0x9d, 0x9b, 0x94, 0x93, 0x96, 0x98, 0x95, 0x92, 0x8e, 0x8e,
    0x91, 0x93, 0x93, 0x98, 0x9d, 0x9b, 0x99, 0x9b, 0x99, 0x91, 0x8e, 0x93, 0x95, 0x90, 0x8d, 0x92,
    0x9a, 0x9b, 0x93, 0x8b, 0x8a, 0x8c, 0x90, 0x9a, 0xa6, 0xae, 0xb0, 0x9d, 0x7a, 0x76, 0x97, 0xac,
    0xa2, 0x93, 0x8d, 0x8d, 0x92, 0x9d, 0xa1, 0x92, 0x86, 0x8f, 0x9b, 0x96, 0x8b, 0x8b, 0x95, 0xa1,
    0xa1, 0x99, 0x92, 0x8f, 0x93, 0x9e, 0x9c, 0x90, 0x8b, 0x91, 0x93, 0x96, 0x9c, 0x9d, 0x94, 0x90,
    0x97, 0x9e, 0x98, 0x90, 0x8e, 0x90, 0x92, 0x91, 0x93, 0x97, 0x95, 0x91, 0x93, 0x97, 0x94, 0x90,
    0x92, 0x98, 0xa5, 0xb3, 0xb1, 0x90, 0x71, 0x7f, 0xa1, 0xaa, 0x9f, 0x94, 0x8b, 0x8a, 0x94, 0x9c,
    0x97, 0x8b, 0x8b, 0x98, 0x9c, 0x91, 0x89, 0x8e, 0x9a, 0xa2, 0xa0, 0x99, 0x91, 0x90, 0x9a, 0x9f,
    0x97, 0x8f, 0x8e, 0x8d, 0x91, 0x99, 0x9a, 0x93, 0x92, 0x99, 0x9c, 0x98, 0x90, 0x8b, 0x8d, 0x94,
    0x96, 0x96, 0x97, 0x96, 0x92, 0x92, 0x98, 0x9a, 0x91, 0x8c, 0x92, 0x9e, 0xac, 0xb3, 0xa3, 0x80,
    0x75, 0x91, 0xab, 0xa5, 0x92, 0x88, 0x87, 0x8f, 0x9a, 0x9f, 0x97, 0x89, 0x8b, 0x9b, 0x9b, 0x8f,
    0x8c, 0x95, 0x9d, 0xa0, 0x9e, 0x96, 0x91, 0x94, 0x9d, 0x9c, 0x92, 0x8d, 0x8b, 0x8d, 0x96, 0x9b,
    0x94, 0x8f, 0x94, 0x9d, 0x9e, 0x97, 0x8f, 0x8c, 0x8f, 0x95, 0x98, 0x96, 0x94, 0x92, 0x94, 0x9a,
    0x9a, 0x92, 0x8a, 0x8b, 0x94, 0xa3, 0xaf, 0xb1, 0x9d, 0x7c, 0x77, 0x97, 0xae, 0xa1, 0x8d, 0x85,
    0x88, 0x8f, 0x99, 0x9e, 0x95, 0x8a, 0x90, 0x9f, 0x9c, 0x93, 0x90, 0x90, 0x95, 0x9e, 0xa2, 0x9a,
    0x91, 0x95, 0x9e, 0x9b, 0x8e, 0x89, 0x8c, 0x8e, 0x91, 0x94, 0x94, 0x96, 0x9c, 0xa1, 0x9d, 0x92,
    0x8a, 0x8b, 0x90, 0x96, 0x97, 0x96, 0x96, 0x97, 0x98, 0x98, 0x94, 0x8c, 0x89, 0x90, 0x9b, 0xa6,
    0xaf, 0xad, 0x90, 0x72, 0x82, 0xa8, 0xad, 0x97, 0x86, 0x82, 0x88, 0x96, 0xa2, 0xa1, 0x90, 0x89,
    0x99, 0xa4, 0x98, 0x8a, 0x88, 0x94, 0xa5, 0xa9, 0x9d, 0x8d, 0x8a, 0x99, 0xa1, 0x96, 0x8a, 0x87,
    0x89, 0x90, 0x9b, 0x9d, 0x96, 0x95, 0x9c, 0x9f, 0x99, 0x8f, 0x89, 0x8d, 0x98, 0x9d, 0x97, 0x92,
    0x93, 0x95, 0x95, 0x94, 0x92, 0x8c, 0x89, 0x8e, 0x99, 0xa6, 0xb1, 0xb0, 0x92, 0x76, 0x83, 0xa5,
    0xa9, 0x94, 0x87, 0x89, 0x91, 0x96, 0x9e, 0x9e, 0x8d, 0x8a, 0x9d, 0xa3, 0x91, 0x85, 0x8a, 0x97,
    0xa2, 0xa5, 0x99, 0x89, 0x88, 0x98, 0x9f, 0x97, 0x8f, 0x8b, 0x8c, 0x93, 0x9b, 0x9b, 0x96, 0x97,
    0x9b, 0x9e, 0x99, 0x8f, 0x8a, 0x8f, 0x95, 0x95, 0x94, 0x95, 0x93, 0x8e, 0x8e, 0x92, 0x8f, 0x8b,
    0x8e, 0x98, 0xa1, 0xaa, 0xb2, 0xab, 0x8c, 0x76, 0x8b, 0xaa, 0xa5, 0x8d, 0x84, 0x89, 0x92, 0x9b,
    0xa1, 0x9a, 0x88, 0x88, 0x98, 0x9b, 0x8e, 0x87, 0x8c, 0x99, 0xa6, 0xa5, 0x95, 0x87, 0x8d, 0x9d,
    0xa1, 0x98, 0x8f, 0x8a, 0x8b, 0x96, 0xa2, 0xa0, 0x95, 0x92, 0x99, 0x9a, 0x93, 0x8c, 0x8a, 0x8c,
    0x90, 0x97, 0x99, 0x92, 0x8d, 0x8f, 0x94, 0x95, 0x92, 0x8e, 0x91, 0x98, 0x9e, 0xa9, 0xb5, 0xb7,
    0x9d, 0x7a, 0x7d, 0x9c, 0xa5, 0x93, 0x87, 0x8a, 0x8c, 0x8e, 0x97, 0x9e, 0x92, 0x87, 0x90, 0x98,
    0x91, 0x8a, 0x8f, 0x9b, 0xa3, 0xa3, 0x99, 0x90, 0x90, 0x9d, 0xa5, 0x9f, 0x91, 0x86, 0x86, 0x92,
    0x9e, 0x9d, 0x94, 0x90, 0x92, 0x96, 0x96, 0x91, 0x88, 0x89, 0x93, 0x9c, 0x97, 0x8f, 0x8c, 0x90,
    0x96, 0x9b, 0x9a, 0x94, 0x92, 0x99, 0xa2, 0xac, 0xb6, 0xb2, 0x91, 0x6f, 0x7d, 0xa0, 0xa6, 0x90,
    0x87, 0x8a, 0x8a, 0x8e, 0x9a, 0x9b, 0x8a, 0x86, 0x97, 0x9f, 0x94, 0x8d, 0x95, 0x9f, 0xa7, 0xa5,
    0x97, 0x88, 0x8c, 0x9d, 0xa4, 0x9b, 0x8e, 0x84, 0x82, 0x90, 0x9e, 0x9d, 0x93, 0x8e, 0x92, 0x97,
    0x96, 0x8f, 0x8a, 0x8e, 0x99, 0x9d, 0x97, 0x8e, 0x8c, 0x90, 0x9a, 0x9f, 0x99, 0x8f, 0x8b, 0x92,
    0x9d, 0xa6, 0xb3, 0xbb, 0xa6, 0x79, 0x6b, 0x8b, 0xa8, 0x9e, 0x89, 0x86, 0x88, 0x8b, 0x95, 0xa0,
    0x9b, 0x8d, 0x8e, 0x9a, 0x9b, 0x92, 0x8e, 0x94, 0xa0, 0xa2, 0x98, 0x90, 0x8f, 0x96, 0xa0, 0xa2,
    0x94, 0x82, 0x7e, 0x8c, 0x99, 0x9a, 0x96, 0x94, 0x95, 0x97, 0x98, 0x97, 0x92, 0x8b, 0x8f, 0x98,
    0x98, 0x92, 0x8b, 0x8d, 0x98, 0xa0, 0x9b, 0x92, 0x8e, 0x93, 0x98, 0x9c, 0xad, 0xc0, 0xb5, 0x87,
    0x68, 0x7d, 0xa3, 0xa6, 0x93, 0x8b, 0x87, 0x82, 0x8c, 0xa0, 0xa3, 0x90, 0x86, 0x95, 0xa1, 0x9a,
    0x90, 0x91, 0x98, 0x9f, 0x9e, 0x95, 0x8e, 0x92, 0xa0, 0xa4, 0x97, 0x84, 0x7b, 0x85, 0x96, 0xa0,
    0x9b, 0x92, 0x91, 0x97, 0x9d, 0x9b, 0x8b, 0x7f, 0x89, 0x9a, 0x9e, 0x95, 0x8e, 0x92, 0x9a, 0x9e,
    0x9c, 0x92, 0x8a, 0x8e, 0x9a, 0xa8, 0xb8, 0xc1, 0xad, 0x7d, 0x63, 0x84, 0xaa, 0xa4, 0x8a, 0x81,
    0x83, 0x85, 0x8f, 0xa4, 0xa6, 0x8e, 0x87, 0x9a, 0xa5, 0x99, 0x8c, 0x90, 0x9c, 0xa3, 0x9f, 0x96,
    0x8f, 0x93, 0x9f, 0xa2, 0x95, 0x80, 0x78, 0x85, 0x98, 0x9f, 0x98, 0x90, 0x93, 0x9b, 0x9e, 0x9a,
    0x8c, 0x82, 0x8a, 0x99, 0x9d, 0x93, 0x8b, 0x8f, 0x9b, 0xa1, 0x9e, 0x94, 0x90, 0x99, 0xa8, 0xb5,
    0xbb, 0xb1, 0x81, 0x57, 0x72, 0xaa, 0xb2, 0x8e, 0x7b, 0x84, 0x8e, 0x90, 0x9e, 0xa5, 0x8c, 0x7d,
    0x92, 0xa7, 0xa0, 0x91, 0x91, 0x9e, 0xa5, 0xa2, 0x9a, 0x8e, 0x89, 0x93, 0x9c, 0x98, 0x87, 0x7a,
    0x80, 0x93, 0x9f, 0x9f, 0x9a, 0x97, 0x98, 0x95, 0x92, 0x8e, 0x86, 0x89, 0x95, 0x9d, 0x9e, 0x97,
    0x90, 0x92, 0x98, 0x9a, 0x98, 0x98, 0xa2, 0xb5, 0xc2, 0xbd, 0x93, 0x58, 0x57, 0x94, 0xbe, 0xa8,
    0x7c, 0x70, 0x82, 0x98, 0xa7, 0xae, 0x96, 0x78, 0x80, 0x9f, 0xa9, 0x98, 0x8f, 0x99, 0xa9, 0xa9,
    0x9d, 0x8f, 0x88, 0x8f, 0x98, 0x96, 0x88, 0x7c, 0x81, 0x91, 0x9e, 0xa0, 0x9e, 0x9c, 0x96, 0x92,
    0x94, 0x91, 0x86, 0x85, 0x8e, 0x95, 0x98, 0x9b, 0xa1, 0xa4, 0x9d, 0x95, 0x94, 0x9c, 0xaa, 0xba,
    0xc7, 0xb4, 0x6e, 0x40, 0x67, 0xae, 0xc0, 0x9d, 0x7e, 0x79, 0x80, 0x90, 0xad, 0xb0, 0x8e, 0x79,
    0x8c, 0xa3, 0xa0, 0x91, 0x92, 0xa3, 0xad, 0xa7, 0x98, 0x86, 0x83, 0x90, 0x95, 0x8d, 0x7f, 0x7d,
    0x8a, 0x9e, 0xa6, 0x9e, 0x91, 0x8f, 0x95, 0x99, 0x94, 0x8d, 0x8a, 0x8b, 0x94, 0x9d, 0x9a, 0x91,
    0x93, 0xa1, 0xaa, 0xa7, 0xa1, 0xa8, 0xbb, 0xc0, 0x96, 0x53, 0x4a, 0x82, 0xaf, 0xa8, 0x8e, 0x83,
    0x88, 0x93, 0xa4, 0xb2, 0x9c, 0x7a, 0x7e, 0x9c, 0xa8, 0x97, 0x88, 0x90, 0xa5, 0xb1, 0xa8, 0x91,
    0x81, 0x86, 0x90, 0x90, 0x8a, 0x7c, 0x72, 0x84, 0xa7, 0xb6, 0xa6, 0x92, 0x8e, 0x95, 0x9a, 0x9a,
    0x91, 0x87, 0x8b, 0x95, 0x9a, 0x9e, 0x9a, 0x95, 0x9b, 0xab, 0xaf, 0xb2, 0xbf, 0xbb, 0x86, 0x40,
    0x49, 0x92, 0xb7, 0xa4, 0x8d, 0x87, 0x83, 0x8d, 0xac, 0xc3, 0xa3, 0x75, 0x78, 0x97, 0xa7, 0x9d,
    0x93, 0x96, 0xa1, 0xa5, 0xa0, 0x90, 0x7e, 0x7e, 0x87, 0x8f, 0x90, 0x88, 0x81, 0x88, 0x9b, 0xaa,
    0xaa, 0x9d, 0x95, 0x95, 0x96, 0x97, 0x94, 0x93, 0x92, 0x91, 0x93, 0x9a, 0x9a, 0x95, 0x96, 0xa3,
    0xb6, 0xc3, 0xc8, 0xa8, 0x58, 0x33, 0x6c, 0xb5, 0xb8, 0x8d, 0x7a, 0x89, 0x91, 0x98, 0xb4, 0xb0,
    0x82, 0x73, 0x96, 0xb2, 0xa3, 0x88, 0x8b, 0xa2, 0xab, 0xa3, 0x94, 0x81, 0x7a, 0x80, 0x87, 0x8d,
    0x89, 0x80, 0x87, 0x9b, 0xa7, 0xa5, 0x9e, 0x9c, 0x9a, 0x97, 0x96, 0x93, 0x90, 0x93, 0x98, 0x99,
    0x96, 0x93, 0x97, 0x9c, 0xa1, 0xab, 0xb9, 0xc2, 0xb8, 0x7c, 0x40, 0x54, 0x9b, 0xba, 0x9d, 0x7f,
    0x81, 0x93, 0x98, 0xa4, 0xad, 0x93, 0x77, 0x84, 0xa8, 0xb1, 0x9a, 0x8a, 0x99, 0xaf, 0xac, 0x95,
    0x7d, 0x76, 0x7b, 0x84, 0x90, 0x94, 0x88, 0x7f, 0x88, 0x9a, 0xa3, 0x9e, 0x9a, 0x9d, 0x9e, 0x9a,
    0x91, 0x8f, 0x97, 0x9b, 0x97, 0x97, 0x98, 0x94, 0x94, 0x9e, 0xa6, 0xab, 0xbb, 0xce, 0xa9, 0x50,
    0x37, 0x76, 0xb3, 0xad, 0x89, 0x79, 0x80, 0x8b, 0xa3, 0xc0, 0xad, 0x7d, 0x73, 0x98, 0xb0, 0xa4,
    0x92, 0x94, 0xa4, 0xa9, 0xa1, 0x8d, 0x7b, 0x7b, 0x83, 0x8c, 0x8e, 0x85, 0x7f, 0x88, 0x9a, 0xa1,
    0x9b, 0x96, 0x99, 0x9c, 0x9b, 0x93, 0x8e, 0x9a, 0xa8, 0xa0, 0x90, 0x8d, 0x96, 0x9a, 0xa2, 0xad,
    0xb2, 0xb5, 0xbe, 0x9e, 0x55, 0x44, 0x7d, 0xb7, 0xb1, 0x84, 0x6e, 0x7e, 0x91, 0xa1, 0xb2, 0x9f,
    0x7c, 0x7b, 0xa0, 0xbb, 0xae, 0x93, 0x93, 0xa4, 0xa9, 0xa0, 0x89, 0x73, 0x70, 0x7d, 0x91, 0x9a,
    0x90, 0x84, 0x8a, 0x99, 0x99, 0x90, 0x94, 0x9c, 0x99, 0x96, 0x94, 0x8d, 0x94, 0xa7, 0xac, 0x9f,
    0x90, 0x93, 0x9b, 0x9f, 0xa3, 0xad, 0xbb, 0xbd, 0x8b, 0x4b, 0x58, 0x91, 0xb1, 0xa6, 0x8c, 0x7a,
    0x7b, 0x88, 0xa6, 0xb5, 0x92, 0x72, 0x7d, 0xa1, 0xb2, 0xa8, 0x9f, 0xa5, 0xa9, 0xa8, 0xa0, 0x84,
    0x6b, 0x6b, 0x7f, 0x90, 0x92, 0x8e, 0x91, 0x97, 0x9c, 0x9b, 0x94, 0x93, 0x93, 0x94, 0x99, 0x94,
    0x88, 0x91, 0xa6, 0xac, 0xa0, 0x97, 0x96, 0x9b, 0xa2, 0xb2, 0xc5, 0xc9, 0x98, 0x48, 0x3e, 0x7d,
    0xb2, 0xb2, 0x9d, 0x87, 0x7b, 0x80, 0x9b, 0xb8, 0xa7, 0x7d, 0x6f, 0x8f, 0xad, 0xac, 0x9b, 0x99,
    0xaa, 0xb3, 0xab, 0x93, 0x79, 0x69, 0x6a, 0x7e, 0x8e, 0x90, 0x8c, 0x92, 0xa2, 0xab, 0xa2, 0x95,
    0x93, 0x95, 0x97, 0x90, 0x8a, 0x8e, 0x9a, 0xa7, 0xa9, 0x9b, 0x8b, 0x90, 0xa5, 0xb5, 0xbc, 0xbf,
    0xb1, 0x67, 0x32, 0x60, 0xae, 0xbe, 0x9c, 0x89, 0x89, 0x8b, 0x88, 0xa4, 0xb5, 0x8f, 0x6b, 0x7f,
    0xab, 0xaf, 0xa0, 0x9e, 0xab, 0xaa, 0xa2, 0x9a, 0x88, 0x74, 0x6e, 0x7a, 0x85, 0x83, 0x82, 0x8f,
    0xa3, 0xac, 0xa5, 0x99, 0x95, 0x95, 0x99, 0x9e, 0x95, 0x87, 0x8b, 0xa2, 0xb5, 0xab, 0x93, 0x8b,
    0x99, 0xa9, 0xb7, 0xcb, 0xbf, 0x6b, 0x25, 0x4f, 0xa4, 0xc0, 0xa3, 0x88, 0x85, 0x90, 0x9c, 0xae,
    0xaf, 0x89, 0x6d, 0x7f, 0xa7, 0xb0, 0x9d, 0x94, 0xa2, 0xb3, 0xb6, 0xa1, 0x7b, 0x65, 0x6e, 0x83,
    0x8d, 0x82, 0x79, 0x84, 0x9b, 0xb2, 0xb0, 0x98, 0x89, 0x8f, 0x9f, 0xa6, 0x9a, 0x8a, 0x8a, 0x94,
    0xa7, 0xb3, 0xa1, 0x8a, 0x91, 0xaf, 0xca, 0xd3, 0xb5, 0x57, 0x16, 0x4d, 0xaf, 0xd1, 0xaa, 0x7a,
    0x6d, 0x8a, 0xac, 0xc4, 0xb3, 0x7c, 0x63, 0x7e, 0xab, 0xba, 0xa3, 0x89, 0x91, 0xaf, 0xc0, 0xae,
    0x7e, 0x69, 0x75, 0x84, 0x89, 0x83, 0x78, 0x7e, 0x99, 0xb4, 0xb3, 0x97, 0x82, 0x86, 0x9c, 0xab,
    0x9f, 0x8c, 0x89, 0x90, 0xa2, 0xb2, 0xa8, 0x92, 0x93, 0xad, 0xd2, 0xe0, 0xae, 0x3c, 0x0a, 0x57,
    0xbe, 0xd4, 0xa4, 0x77, 0x71, 0x8f, 0xae, 0xc8, 0xad, 0x6f, 0x61, 0x8e, 0xb5, 0xaf, 0x96, 0x8f,
    0xa0, 0xab, 0xb0, 0xa2, 0x7b, 0x66, 0x72, 0x8a, 0x92, 0x85, 0x78, 0x8a, 0xa7, 0xb2, 0xa7, 0x96,
    0x8f, 0x8d, 0x93, 0xa2, 0x9f, 0x8f, 0x87, 0x8f, 0x9e, 0x9f, 0x91, 0x8c, 0x9c, 0xaa, 0xb8, 0xd1,
    0xd9, 0x84, 0x1a, 0x37, 0xa4, 0xd2, 0xab, 0x85, 0x7a, 0x83, 0x98, 0xbf, 0xc7, 0x89, 0x5a, 0x73,
    0xaa, 0xb3, 0x98, 0x8b, 0x9a, 0xa5, 0xa6, 0xa6, 0x8f, 0x73, 0x75, 0x8f, 0x9b, 0x85, 0x74, 0x85,
    0xa5, 0xaf, 0xa7, 0x98, 0x8d, 0x8a, 0x96, 0xac, 0xa8, 0x8c, 0x7b, 0x85, 0x96, 0xa2, 0x98, 0x8a,
    0x89, 0x94, 0xa6, 0xbb, 0xcd, 0xca, 0x95, 0x48, 0x4a, 0x8f, 0xbe, 0xad, 0x89, 0x77, 0x84, 0xa0,
    0xb0, 0xb2, 0x96, 0x75, 0x72, 0x97, 0xad, 0x9f, 0x8e, 0x93, 0xa6, 0xac, 0xa0, 0x8e, 0x7f, 0x7b,
    0x7f, 0x85, 0x87, 0x8c, 0x94, 0xa2, 0xac, 0xa4, 0x93, 0x8e, 0x9c, 0xa7, 0xa3, 0x8f, 0x7e, 0x81,
    0x91, 0xa0, 0xa4, 0x96, 0x82, 0x7d, 0x8d, 0x96, 0x94, 0x9b, 0xb9, 0xd9, 0xd4, 0x8f, 0x49, 0x5d,
    0x99, 0xb5, 0xa8, 0x91, 0x79, 0x78, 0x92, 0xb0, 0xb0, 0x89, 0x78, 0x8d, 0xa9, 0xa5, 0x96, 0x93,
    0x97, 0x9e, 0x9f, 0x97, 0x7f, 0x73, 0x85, 0xa0, 0xa3, 0x93, 0x8a, 0x88, 0x8d, 0x99, 0xa1, 0x9b,
    0x97, 0x9e, 0xa6, 0x9e, 0x90, 0x8b, 0x90, 0x93, 0x93, 0x97, 0x96, 0x8e, 0x8d, 0x8f, 0x80, 0x7b,
    0x88, 0x9e, 0xb0, 0xc8, 0xdd, 0xc2, 0x6c, 0x41, 0x77, 0xad, 0xb0, 0x99, 0x86, 0x7f, 0x85, 0x98,
    0xb7, 0xaf, 0x84, 0x7e, 0x99, 0xa0, 0x8a, 0x7a, 0x84, 0x98, 0xa0, 0xa5, 0x9f, 0x8f, 0x92, 0xa0,
    0x9f, 0x8b, 0x79, 0x7d, 0x96, 0xa7, 0xa9, 0xa0, 0x93, 0x96, 0xa1, 0xa0, 0x90, 0x7e, 0x7a, 0x89,
    0x9a, 0x9d, 0x91, 0x81, 0x8c, 0xa2, 0xa7, 0x99, 0x8c, 0x8d, 0x9e, 0xbf, 0xd2, 0xac, 0x5d, 0x54,
    0x90, 0xb8, 0xa9, 0x87, 0x76, 0x82, 0x99, 0xab, 0xb0, 0x92, 0x77, 0x82, 0x9a, 0x9d, 0x90, 0x8c,
    0x91, 0x9b, 0xa6, 0xa8, 0x92, 0x86, 0x97, 0xa0, 0x94, 0x88, 0x88, 0x8e, 0x95, 0x99, 0x97, 0x90,
    0x91, 0x9e, 0xa6, 0xa2, 0x94, 0x83, 0x82, 0x8d, 0x92, 0x8f, 0x8f, 0x95, 0xa1, 0xa3, 0x99, 0x8e,
    0x8d, 0x90, 0x9a, 0xb6, 0xc9, 0xa6, 0x63, 0x5e, 0x8f, 0xa9, 0xa4, 0x9a, 0x8c, 0x84, 0x8f, 0xa1,
    0xa6, 0x8d, 0x7d, 0x90, 0x9f, 0x94, 0x8a, 0x94, 0x9c, 0xa0, 0xa6, 0xa6, 0x8e, 0x80, 0x97, 0xab,
    0x97, 0x78, 0x75, 0x8a, 0xa2, 0xab, 0xa1, 0x8c, 0x84, 0x95, 0xa7, 0xa2, 0x8b, 0x7d, 0x88, 0x9d,
    0xa9, 0x9e, 0x86, 0x7c, 0x93, 0xaa, 0xa9, 0x96, 0x81, 0x7f, 0x90, 0xb1, 0xd0, 0xbd, 0x6f, 0x54,
    0x85, 0xa9, 0xa1, 0x90, 0x8d, 0x90, 0x93, 0x99, 0xa2, 0x95, 0x83, 0x90, 0xa6, 0xa1, 0x8b, 0x87,
    0x94, 0xa6, 0xad, 0xa5, 0x91, 0x83, 0x8a, 0x97, 0x97, 0x87, 0x7b, 0x85, 0x9d, 0xaf, 0xa9, 0x8f,
    0x81, 0x8f, 0xa0, 0xa4, 0x9e, 0x92, 0x87, 0x88, 0x96, 0xa0, 0x99, 0x91, 0x97, 0x9f, 0x96, 0x8c,
    0x89, 0x88, 0x88, 0x99, 0xb6, 0xc7, 0xa4, 0x65, 0x64, 0x95, 0xaf, 0xa4, 0x93, 0x87, 0x88, 0x93,
    0x9e, 0xa5, 0x98, 0x8b, 0x91, 0x9c, 0x9b, 0x93, 0x8f, 0x94, 0x9a, 0x9b, 0x97, 0x89, 0x86, 0x98,
    0xa1, 0x94, 0x89, 0x8b, 0x8f, 0x93, 0x9b, 0x9e, 0x94, 0x91, 0x9b, 0x9c, 0x94, 0x90, 0x8f, 0x91,
    0x9d, 0xa0, 0x96, 0x8c, 0x8c, 0x98, 0x9e, 0x95, 0x86, 0x7d, 0x80, 0x93, 0xaa, 0xb8, 0xbf, 0xa4,
    0x6f, 0x63, 0x8b, 0xad, 0xa9, 0x94, 0x8a, 0x90, 0x90, 0x92, 0xa0, 0xa1, 0x94, 0x90, 0x95, 0x91,
    0x8b, 0x89, 0x91, 0xa1, 0xa7, 0x99, 0x88, 0x8d, 0x9c, 0x99, 0x8d, 0x8e, 0x93, 0x92, 0x95, 0x96,
    0x93, 0x91, 0x97, 0x9d, 0x9d, 0x99, 0x94, 0x91, 0x95, 0x9f, 0x99, 0x8b, 0x8a, 0x91, 0x96, 0x93,
    0x8f, 0x91, 0x90, 0x8a, 0x90, 0xa2, 0xb2, 0xbd, 0xa8, 0x74, 0x66, 0x8b, 0xab, 0xa7, 0x95, 0x8a,
    0x8b, 0x94, 0x9f, 0xa6, 0x98, 0x87, 0x88, 0x93, 0x98, 0x98, 0x95, 0x92, 0x94, 0x99, 0x9a, 0x95,
    0x94, 0x99, 0x99, 0x8f, 0x88, 0x8c, 0x95, 0x96, 0x94, 0x9a, 0x9b, 0x94, 0x95, 0xa0, 0xa0, 0x94,
    0x8b, 0x92, 0x99, 0x8c, 0x86, 0x92, 0x9c, 0x9c, 0x94, 0x89, 0x86, 0x89, 0x92, 0xa1, 0xb0, 0xb8,
    0xb5, 0x98, 0x6f, 0x6e, 0x95, 0xad, 0xa2, 0x8f, 0x86, 0x88, 0x95, 0xa5, 0xab, 0x99, 0x85, 0x86,
    0x93, 0x95, 0x93, 0x95, 0x96, 0x97, 0x9b, 0x9a, 0x92, 0x8f, 0x96, 0x9a, 0x95, 0x91, 0x91, 0x90,
    0x8f, 0x94, 0x9d, 0x9f, 0x98, 0x95, 0x98, 0x95, 0x90, 0x8f, 0x95, 0x99, 0x91, 0x88, 0x8d, 0x98,
    0x9d, 0x97, 0x8d, 0x8c, 0x8e, 0x90, 0x9d, 0xb6, 0xbf, 0xb2, 0x91, 0x6a, 0x6f, 0x98, 0xae, 0xa1,
    0x90, 0x87, 0x8b, 0x98, 0xa2, 0x9f, 0x88, 0x7f, 0x95, 0xa6, 0x9e, 0x91, 0x8c, 0x8e, 0x9a, 0xa4,
    0xa2, 0x93, 0x8d, 0x98, 0x9e, 0x95, 0x8d, 0x8e, 0x93, 0x98, 0x98, 0x99, 0x96, 0x91, 0x95, 0x9b,
    0x98, 0x91, 0x8c, 0x91, 0x98, 0x93, 0x8e, 0x94, 0x9a, 0x99, 0x94, 0x8f, 0x93, 0x93, 0x93, 0x9f,
    0xb0, 0xba, 0xb4, 0x8a, 0x60, 0x70, 0x9f, 0xb0, 0x9e, 0x8b, 0x85, 0x89, 0x95, 0xa4, 0xa4, 0x8c,
    0x81, 0x95, 0xa6, 0x9b, 0x8a, 0x8a, 0x95, 0xa2, 0xa7, 0xa0, 0x93, 0x8d, 0x90, 0x97, 0x99, 0x91,
    0x89, 0x8d, 0x98, 0x9d, 0x97, 0x91, 0x91, 0x95, 0x98, 0x99, 0x95, 0x90, 0x90, 0x96, 0x98, 0x96,
    0x96, 0x98, 0x96, 0x8e, 0x8a, 0x93, 0x9c, 0x9e, 0x9f, 0xaa, 0xb9, 0xb0, 0x7f, 0x59, 0x74, 0xa0,
    0xab, 0x9b, 0x90, 0x89, 0x88, 0x94, 0xa8, 0xaa, 0x8f, 0x82, 0x95, 0x9f, 0x92, 0x8a, 0x93, 0x9f,
    0xa6, 0xa5, 0x99, 0x8b, 0x88, 0x93, 0x9d, 0x99, 0x8d, 0x83, 0x86, 0x94, 0x9d, 0x9d, 0x96, 0x92,
    0x94, 0x9a, 0x9c, 0x99, 0x95, 0x92, 0x91, 0x93, 0x97, 0x98, 0x95, 0x96, 0x97, 0x90, 0x8e, 0x93,
    0x95, 0x96, 0xa3, 0xb8, 0xbb, 0x92, 0x5d, 0x69, 0x9e, 0xb4, 0xa1, 0x90, 0x8a, 0x88, 0x90, 0xa5,
    0xad, 0x91, 0x81, 0x93, 0xa3, 0x9b, 0x8c, 0x89, 0x94, 0xa2, 0xa4, 0x9c, 0x91, 0x8d, 0x91, 0x95,
    0x95, 0x8e, 0x87, 0x89, 0x93, 0x9a, 0x9b, 0x98, 0x96, 0x99, 0x99, 0x99, 0x9c, 0x97, 0x8d, 0x8c,
    0x92, 0x96, 0x98, 0x99, 0x99, 0x92, 0x87, 0x8a, 0x93, 0x95, 0x99, 0xac, 0xbf, 0xb6, 0x88, 0x5f,
    0x72, 0xa2, 0xb3, 0xa3, 0x93, 0x87, 0x83, 0x92, 0xa5, 0xa8, 0x95, 0x87, 0x8c, 0x97, 0x98, 0x93,
    0x91, 0x97, 0xa2, 0x9f, 0x94, 0x8e, 0x91, 0x95, 0x95, 0x93, 0x8d, 0x88, 0x8a, 0x93, 0x97, 0x98,
    0x9a, 0x9b, 0xa0, 0x9e, 0x98, 0x93, 0x91, 0x91, 0x91, 0x8f, 0x93, 0x98, 0x98, 0x94, 0x8f, 0x8a,
    0x8b, 0x8f, 0x92, 0x99, 0xa4, 0xb4, 0xbf, 0xac, 0x7c, 0x62, 0x86, 0xb3, 0xb2, 0x94, 0x84, 0x83,
    0x89, 0x97, 0xa7, 0xa3, 0x87, 0x80, 0x95, 0xa3, 0x97, 0x89, 0x89, 0x94, 0xa1, 0xa6, 0xa1, 0x91,
    0x89, 0x92, 0x9c, 0x96, 0x87, 0x80, 0x86, 0x95, 0xa3, 0xa5, 0x9c, 0x97, 0x9c, 0x9d, 0x94, 0x89,
    0x85, 0x8b, 0x91, 0x98, 0x9e, 0x9c, 0x95, 0x8f, 0x8f, 0x94, 0x93, 0x8d, 0x96, 0xa6, 0xb2, 0xbf,
    0xb4, 0x7d, 0x5c, 0x84, 0xb5, 0xb3, 0x90, 0x7f, 0x82, 0x89, 0x95, 0xa6, 0xa3, 0x87, 0x81, 0x97,
    0xa5, 0x9b, 0x8c, 0x8b, 0x9a, 0xa5, 0xa1, 0x96, 0x8b, 0x8d, 0x98, 0x9f, 0x95, 0x84, 0x7d, 0x85,
    0x98, 0xa6, 0xa2, 0x95, 0x94, 0x9e, 0xa4, 0x9d, 0x8c, 0x82, 0x85, 0x8f, 0x98, 0x9d, 0x9a, 0x96,
    0x96, 0x94, 0x93, 0x8f, 0x90, 0x9f, 0xb2, 0xbe, 0xbe, 0x96, 0x56, 0x5c, 0xa1, 0xc8, 0xad, 0x84,
    0x78, 0x84, 0x90, 0x9e, 0xab, 0x94, 0x7c, 0x8a, 0xa4, 0xa6, 0x95, 0x89, 0x8d, 0x9f, 0xa6, 0x9f,
    0x90, 0x8a, 0x91, 0x96, 0x92, 0x88, 0x83, 0x86, 0x8f, 0x9c, 0xa4, 0xa1, 0x97, 0x95, 0x9b, 0xa0,
    0x97, 0x86, 0x7e, 0x88, 0x96, 0x9a, 0x95, 0x92, 0x94, 0x91, 0x94, 0xa0, 0xa8, 0xa9, 0xb4, 0xc4,
    0xb7, 0x73, 0x45, 0x6c, 0xaa, 0xb8, 0x9e, 0x89, 0x81, 0x87, 0x96, 0xac, 0xa6, 0x83, 0x78, 0x91,
    0xa1, 0x9a, 0x97, 0x9b, 0x9f, 0xa1, 0xa4, 0x9a, 0x87, 0x87, 0x95, 0x95, 0x82, 0x77, 0x81, 0x91,
    0x9c, 0xa3, 0xa3, 0x9b, 0x93, 0x95, 0x9b, 0x9b, 0x91, 0x8a, 0x86, 0x8a, 0x95, 0x9a, 0x95, 0x96,
    0x9f, 0x9e, 0x95, 0x98, 0xac, 0xbd, 0xbd, 0xb0, 0x78, 0x44, 0x61, 0xa3, 0xb6, 0x9c, 0x85, 0x88,
    0x94, 0x98, 0xa7, 0xa9, 0x89, 0x78, 0x8f, 0xa9, 0xa5, 0x94, 0x8c, 0x99, 0xa8, 0xa9, 0x96, 0x7e,
    0x7d, 0x8b, 0x93, 0x8e, 0x81, 0x7c, 0x8a, 0xa0, 0xac, 0xa7, 0x98, 0x90, 0x92, 0x98, 0x98, 0x8f,
    0x87, 0x8c, 0x94, 0x9a, 0x9f, 0x9a, 0x8e, 0x93, 0xa4, 0xae, 0xb0, 0xb1, 0xb9, 0xb5, 0x76, 0x3d,
    0x5d, 0x9d, 0xb0, 0x9c, 0x87, 0x80, 0x84, 0x92, 0xb1, 0xba, 0x96, 0x7f, 0x91, 0xa6, 0xa1, 0x94,
    0x90, 0x99, 0xa1, 0xa1, 0x96, 0x84, 0x7d, 0x84, 0x8f, 0x8d, 0x81, 0x7c, 0x88, 0x98, 0xa3, 0xa5,
    0x9f, 0x9b, 0x98, 0x95, 0x97, 0x96, 0x91, 0x91, 0x95, 0x95, 0x99, 0x98, 0x94, 0x94, 0x9a, 0xac,
    0xba, 0xc3, 0xc7, 0xa1, 0x49, 0x31, 0x7b, 0xba, 0xae, 0x87, 0x79, 0x7d, 0x88, 0xa3, 0xc2, 0xb2,
    0x88, 0x82, 0xa1, 0xae, 0x9c, 0x8d, 0x91, 0x9e, 0xa3, 0x9d, 0x8c, 0x7a, 0x76, 0x88, 0x99, 0x91,
    0x78, 0x6e, 0x84, 0xa2, 0xad, 0xa8, 0xa2, 0x9e, 0x9a, 0x9a, 0x96, 0x90, 0x90, 0x97, 0x9d, 0x98,
    0x91, 0x8d, 0x93, 0x9d, 0xa7, 0xb4, 0xc6, 0xcd, 0xa3, 0x4e, 0x38, 0x78, 0xb0, 0xa9, 0x8b, 0x82,
    0x88, 0x91, 0x9f, 0xaf, 0xa0, 0x7e, 0x83, 0xa7, 0xb3, 0xa0, 0x8f, 0x93, 0xa5, 0xaa, 0x9f, 0x86,
    0x6e, 0x72, 0x89, 0x96, 0x89, 0x7b, 0x83, 0x96, 0xa1, 0xa1, 0x99, 0x96, 0x99, 0xa2, 0xaa, 0x9d,
    0x8b, 0x8f, 0x9b, 0x98, 0x93, 0x92, 0x95, 0x96, 0x9f, 0xad, 0xbf, 0xca, 0xbc, 0x74, 0x39, 0x5d,
    0xa4, 0xbc, 0x99, 0x72, 0x6f, 0x8e, 0xa9, 0xbd, 0xb2, 0x84, 0x6c, 0x85, 0xac, 0xad, 0x98, 0x92,
    0xa2, 0xae, 0xaa, 0x95, 0x76, 0x70, 0x82, 0x90, 0x88, 0x79, 0x7a, 0x8e, 0xa9, 0xb2, 0xa1, 0x8d,
    0x8b, 0x97, 0xa1, 0xa2, 0x96, 0x8d, 0x95, 0xa2, 0xa4, 0x98, 0x87, 0x89, 0x98, 0xa6, 0xb3, 0xc1,
    0xc4, 0xa5, 0x59, 0x42, 0x80, 0xb6, 0xb3, 0x94, 0x78, 0x71, 0x86, 0xa3, 0xb9, 0xa7, 0x7d, 0x74,
    0x97, 0xb1, 0xa8, 0x95, 0x90, 0x9e, 0xa8, 0xaa, 0x97, 0x74, 0x68, 0x7a, 0x8e, 0x90, 0x8b, 0x8c,
    0x94, 0x9e, 0xa2, 0x9b, 0x91, 0x93, 0x9d, 0xa1, 0x9a, 0x8e, 0x8a, 0x93, 0xa2, 0xa5, 0x99, 0x90,
    0x97, 0xa5, 0xae, 0xbe, 0xce, 0xb1, 0x55, 0x2d, 0x6f, 0xb6, 0xbb, 0x96, 0x85, 0x85, 0x88, 0x94,
    0xb0, 0xab, 0x82, 0x71, 0x8c, 0xa8, 0xa6, 0x9c, 0x9c, 0xa8, 0xb3, 0xb2, 0x94, 0x6c, 0x60, 0x6f,
    0x82, 0x88, 0x86, 0x89, 0x9a, 0xac, 0xb3, 0xa8, 0x91, 0x84, 0x8b, 0x9b, 0x9f, 0x94, 0x8d, 0x91,
    0x9c, 0xa7, 0xa4, 0x96, 0x91, 0x9e, 0xaf, 0xbe, 0xca, 0xb2, 0x56, 0x23, 0x68, 0xbd, 0xc4, 0x94,
    0x7a, 0x87, 0x9c, 0xa0, 0xaa, 0xa1, 0x79, 0x6a, 0x8b, 0xb0, 0xac, 0x97, 0x96, 0xa9, 0xb2, 0xaf,
    0x98, 0x75, 0x69, 0x74, 0x7f, 0x7e, 0x76, 0x7b, 0x93, 0xac, 0xbd, 0xb2, 0x95, 0x88, 0x91, 0x9f,
    0x9d, 0x8e, 0x8a, 0x92, 0x9b, 0xa8, 0xab, 0x97, 0x87, 0x96, 0xb1, 0xc3, 0xcd, 0xba, 0x5b, 0x11,
    0x51, 0xbd, 0xd6, 0xa1, 0x76, 0x7e, 0x9b, 0xa6, 0xb3, 0xa9, 0x7c, 0x66, 0x83, 0xac, 0xae, 0x94,
    0x8c, 0xa6, 0xb8, 0xb5, 0x99, 0x73, 0x66, 0x72, 0x84, 0x8a, 0x7f, 0x77, 0x87, 0xa3, 0xb6, 0xb2,
    0x9b, 0x8c, 0x8e, 0x9f, 0xa9, 0x9b, 0x8b, 0x87, 0x8c, 0x9b, 0xac, 0xa7, 0x9b, 0xa0, 0xb6, 0xce,
    0xd7, 0x99, 0x20, 0x12, 0x7a, 0xd1, 0xc6, 0x8d, 0x71, 0x82, 0x9f, 0xbc, 0xca, 0x9c, 0x60, 0x64,
    0x9c, 0xb2, 0x9b, 0x88, 0x9a, 0xb3, 0xb6, 0xb1, 0x94, 0x6a, 0x62, 0x7a, 0x8d, 0x83, 0x6f, 0x7a,
    0x9e, 0xb5, 0xb7, 0xa9, 0x91, 0x81, 0x83, 0x9b, 0xa8, 0x9b, 0x8f, 0x91, 0x9a, 0xa4, 0xa6, 0x9a,
    0x9d, 0xb1, 0xce, 0xdb, 0xb8, 0x4f, 0x07, 0x41, 0xb0, 0xd9, 0xad, 0x79, 0x72, 0x8e, 0xa9, 0xc3,
    0xb9, 0x80, 0x5e, 0x85, 0xb6, 0xb0, 0x90, 0x89, 0xa6, 0xb8, 0xaf, 0x94, 0x75, 0x68, 0x78, 0x90,
    0x92, 0x79, 0x69, 0x80, 0xac, 0xc3, 0xb8, 0xa1, 0x8f, 0x82, 0x85, 0x94, 0x9c, 0x9d, 0x9e, 0x9c,
    0x95, 0x97, 0x97, 0x9d, 0xaa, 0xc3, 0xdf, 0xd8, 0x72, 0x0a, 0x2c, 0x93, 0xcc, 0xb8, 0x8f, 0x7c,
    0x88, 0x9c, 0xc0, 0xc9, 0x8d, 0x55, 0x67, 0xaa, 0xb9, 0x9c, 0x89, 0x96, 0xa9, 0xb4, 0xa9, 0x83,
    0x65, 0x69, 0x8a, 0x9b, 0x89, 0x6f, 0x77, 0x9c, 0xbc, 0xc1, 0xad, 0x90, 0x7d, 0x82, 0x94, 0x9c,
    0x9b, 0x96, 0x96, 0x98, 0xa2, 0x9f, 0x95, 0x9f, 0xba, 0xd7, 0xdf, 0x8b, 0x13, 0x1c, 0x83, 0xcc,
    0xc7, 0x96, 0x79, 0x85, 0x9c, 0xb8, 0xc7, 0x9e, 0x66, 0x68, 0xa0, 0xbc, 0xa5, 0x85, 0x89, 0xa3,
    0xb7, 0xab, 0x82, 0x66, 0x6b, 0x84, 0x94, 0x8b, 0x73, 0x72, 0x92, 0xbb, 0xc7, 0xb1, 0x97, 0x8c,
    0x8a, 0x90, 0x96, 0x98, 0x93, 0x8f, 0x94, 0xa7, 0xa8, 0x97, 0x9b, 0xb7, 0xd6, 0xe2, 0x92, 0x13,
    0x11, 0x76, 0xc7, 0xc6, 0x95, 0x76, 0x87, 0xa4, 0xc3, 0xcf, 0x9e, 0x5f, 0x5f, 0x9c, 0xc0, 0xaf,
    0x8f, 0x8d, 0xa1, 0xb1, 0xa8, 0x82, 0x66, 0x70, 0x8e, 0x95, 0x7f, 0x66, 0x67, 0x89, 0xb4, 0xca,
    0xbe, 0x9c, 0x87, 0x8d, 0x99, 0x99, 0x9a, 0x97, 0x8f, 0x8d, 0x9c, 0xaa, 0x9e, 0x99, 0xad, 0xcf,
    0xde, 0xad, 0x36, 0x0a, 0x5a, 0xb7, 0xd0, 0xa6, 0x77, 0x74, 0x97, 0xb8, 0xcf, 0xb8, 0x7d, 0x5f,
    0x7f, 0xaa, 0xaf, 0x99, 0x8f, 0xa1, 0xb3, 0xb0, 0x8c, 0x66, 0x6f, 0x93, 0xa3, 0x92, 0x6f, 0x59,
    0x6e, 0xa1, 0xc4, 0xc3, 0xa6, 0x8b, 0x87, 0x91, 0x99, 0x98, 0x9b, 0x99, 0x8f, 0x8e, 0x99, 0x9d,
    0x9f, 0xa8, 0xb3, 0xcf, 0xdd, 0xa9, 0x32, 0x0d, 0x68, 0xc5, 0xc8, 0x95, 0x7a, 0x7f, 0x97, 0xb4,
    0xcd, 0xb0, 0x71, 0x5f, 0x8f, 0xb3, 0x9e, 0x88, 0x92, 0xac, 0xb6, 0xae, 0x91, 0x6c, 0x6c, 0x91,
    0xa6, 0x8d, 0x69, 0x65, 0x85, 0xaf, 0xc2, 0xbb, 0x9f, 0x7f, 0x75, 0x8d, 0xa4, 0x9e, 0x90, 0x88,
    0x89, 0x98, 0xa8, 0xa3, 0x98, 0x8d, 0x89, 0x9b, 0xc7, 0xea, 0xcf, 0x6a, 0x22, 0x5c, 0xb1, 0xbe,
    0x99, 0x76, 0x73, 0x94, 0xb9, 0xc2, 0x9d, 0x68, 0x64, 0x94, 0xb9, 0xa9, 0x91, 0x91, 0x9e, 0xaf,
    0xb7, 0xa5, 0x80, 0x71, 0x88, 0x8f, 0x77, 0x67, 0x7b, 0x9c, 0xb0, 0xb3, 0xa8, 0x90, 0x80, 0x92,
    0xae, 0xa5, 0x81, 0x77, 0x8e, 0xaa, 0xb4, 0xaf, 0x98, 0x7f, 0x7d, 0x86, 0x85, 0x7f, 0x81, 0xa5,
    0xe5, 0xff, 0xc0, 0x4b, 0x30, 0x7d, 0xc1, 0xc5, 0x99, 0x67, 0x61, 0x89, 0xaf, 0xba, 0x9c, 0x7e,
    0x86, 0xa7, 0xaa, 0x90, 0x83, 0x93, 0xb3, 0xbc, 0xa1, 0x71, 0x5d, 0x7d, 0xa8, 0xae, 0x9a, 0x83,
    0x73, 0x7e, 0x9b, 0xb3, 0xa9, 0x94, 0x93, 0x9d, 0xa1, 0x9b, 0x94, 0x8f, 0x89, 0x8e, 0x9d, 0x9a,
    0x89, 0x82, 0x84, 0x8a, 0x92, 0x9c, 0xa5, 0xb1, 0xcc, 0xdf, 0xac, 0x54, 0x52, 0x8e, 0xa8, 0x9a,
    0x85, 0x7c, 0x86, 0x98, 0xae, 0xb1, 0x92, 0x80, 0x94, 0xaa, 0xa4, 0x90, 0x7f, 0x81, 0x98, 0xab,
    0xa2, 0x8c, 0x8e, 0xa3, 0xa4, 0x89, 0x73, 0x77, 0x89, 0x9c, 0xa8, 0xa8, 0x9c, 0x96, 0xa5, 0xae,
    0x98, 0x7a, 0x78, 0x84, 0x92, 0x9a, 0x99, 0x8e, 0x88, 0x9c, 0xae, 0x9a, 0x87, 0x93, 0xb2, 0xd6,
    0xd9, 0x8d, 0x38, 0x52, 0xa2, 0xbf, 0xa0, 0x7d, 0x78, 0x8c, 0xa2, 0xb1, 0xaa, 0x8c, 0x82, 0x94,
    0x9f, 0x90, 0x87, 0x8d, 0x99, 0xac, 0xb3, 0x9d, 0x7f, 0x83, 0x9c, 0x9e, 0x8b, 0x7f, 0x7d, 0x88,
    0xa3, 0xb7, 0xac, 0x8e, 0x82, 0x95, 0xa6, 0x9f, 0x8a, 0x82, 0x8e, 0x94, 0x96, 0x99, 0x90, 0x86,
    0x94, 0xa8, 0x9f, 0x90, 0x94, 0xa1, 0xb5, 0xc9, 0xa6, 0x5a, 0x58, 0x9c, 0xba, 0x99, 0x7a, 0x7e,
    0x96, 0xa5, 0xa9, 0xa1, 0x86, 0x7b, 0x96, 0xaa, 0x98, 0x88, 0x90, 0x9e, 0xa7, 0xa8, 0x96, 0x7d,
    0x82, 0x9e, 0xac, 0x9c, 0x85, 0x76, 0x79, 0x92, 0xac, 0xaa, 0x94, 0x8b, 0x94, 0x9e, 0xa2, 0x9c,
    0x90, 0x88, 0x8b, 0x95, 0x9a, 0x94, 0x8a, 0x8e, 0x97, 0x9b, 0x96, 0x99, 0x9b, 0x99, 0xaf, 0xc5,
    0x98, 0x58, 0x6e, 0xa9, 0xb1, 0x8d, 0x7a, 0x84, 0x96, 0xa0, 0xa7, 0xa4, 0x8a, 0x81, 0x97, 0xa8,
    0x9b, 0x8b, 0x86, 0x93, 0xa6, 0xa8, 0x9b, 0x8f, 0x91, 0x95, 0x90, 0x8a, 0x89, 0x82, 0x81, 0x93,
    0xa6, 0xa6, 0x9d, 0x9b, 0xa0, 0x98, 0x8f, 0x94, 0x9b, 0x96, 0x8b, 0x89, 0x8d, 0x8c, 0x8e, 0xa2,
    0xa0, 0x8a, 0x87, 0x99, 0xa1, 0xa4, 0xb1, 0xba, 0x8e, 0x59, 0x7a, 0xaf, 0xa7, 0x89, 0x83, 0x8c,
    0x98, 0xa0, 0xa7, 0x9f, 0x81, 0x7d, 0x9a, 0xa7, 0x99, 0x8f, 0x91, 0x99, 0xa0, 0xa1, 0x99, 0x89,
    0x8a, 0x98, 0x99, 0x8c, 0x7d, 0x81, 0x95, 0xa5, 0xa6, 0x9b, 0x92, 0x96, 0x9f, 0x9c, 0x94, 0x8c,
    0x8b, 0x8e, 0x93, 0x94, 0x8d, 0x89, 0x98, 0xa9, 0x9d, 0x8c, 0x8f, 0x95, 0x8d, 0x8d, 0xa8, 0xc1,
    0xa9, 0x73, 0x70, 0x96, 0xa6, 0x9c, 0x93, 0x8b, 0x84, 0x8e, 0xa0, 0xa2, 0x90, 0x88, 0x94, 0x9d,
    0x9a, 0x96, 0x97, 0x92, 0x91, 0x9c, 0x9c, 0x8a, 0x88, 0x9f, 0xa9, 0x96, 0x81, 0x82, 0x8b, 0x93,
    0xa0, 0xa4, 0x95, 0x8a, 0x92, 0x9b, 0x9a, 0x95, 0x90, 0x90, 0x96, 0x98, 0x91, 0x8b, 0x91, 0x9e,
    0x9e, 0x92, 0x8c, 0x88, 0x86, 0x92, 0xab, 0xc1, 0xbc, 0x88, 0x5e, 0x77, 0xa6, 0xaf, 0x9b, 0x8c,
    0x89, 0x8e, 0x8f, 0x91, 0x96, 0x95, 0x9a, 0xa4, 0xa0, 0x91, 0x87, 0x88, 0x96, 0xa9, 0xab, 0x99,
    0x8b, 0x90, 0x99, 0x93, 0x89, 0x88, 0x8b, 0x8e, 0x96, 0x9c, 0x96, 0x8c, 0x96, 0xa6, 0xa3, 0x96,
    0x90, 0x92, 0x96, 0x98, 0x93, 0x90, 0x93, 0x96, 0x98, 0x93, 0x8c, 0x8c, 0x90, 0x8e, 0x94, 0xa9,
    0xc1, 0xb2, 0x78, 0x6d, 0x9a, 0xab, 0x95, 0x88, 0x8c, 0x8f, 0x91, 0x97, 0xa4, 0x99, 0x87, 0x94,
    0xa9, 0xa0, 0x8e, 0x8a, 0x91, 0x9a, 0x9f, 0xa0, 0x93, 0x8c, 0x95, 0x98, 0x8c, 0x82, 0x85, 0x8e,
    0x9a, 0xa0, 0x9c, 0x94, 0x96, 0x9f, 0x9f, 0x9b, 0x96, 0x90, 0x91, 0x98, 0x97, 0x8e, 0x8b, 0x91,
    0x99, 0x96, 0x8b, 0x86, 0x87, 0x91, 0xa0, 0xb1, 0xbd, 0xaf, 0x82, 0x69, 0x8c, 0xae, 0xa6, 0x90,
    0x86, 0x85, 0x8a, 0x93, 0xa1, 0xa4, 0x98, 0x96, 0x9c, 0x95, 0x88, 0x88, 0x92, 0x9d, 0xa2, 0x9e,
    0x8f, 0x83, 0x90, 0xa2, 0x9a, 0x87, 0x87, 0x91, 0x96, 0x98, 0x98, 0x98, 0x96, 0x9a, 0xa1, 0x9d,
    0x92, 0x90, 0x96, 0x97, 0x90, 0x86, 0x84, 0x8d, 0x96, 0x9e, 0x9e, 0x91, 0x86, 0x8b, 0x96, 0xa6,
    0xb9, 0xbe, 0xa2, 0x74, 0x71, 0x95, 0xa5, 0x98, 0x8b, 0x8a, 0x8e, 0x8f, 0x98, 0xa7, 0x9e, 0x8e,
    0x92, 0x96, 0x8c, 0x8b, 0x95, 0x9a, 0x9d, 0x9d, 0x94, 0x8a, 0x93, 0xa2, 0x9e, 0x8f, 0x8a, 0x8f,
    0x8f, 0x91, 0x97, 0x98, 0x96, 0x9a, 0xa3, 0xa2, 0x96, 0x8f, 0x8d, 0x8a, 0x8c, 0x91, 0x8e, 0x8b,
    0x8e, 0x9c, 0xa4, 0x99, 0x8e, 0x8f, 0x93, 0x9d, 0xaf, 0xc1, 0xb5, 0x7e, 0x5e, 0x81, 0xa7, 0xa4,
    0x96, 0x90, 0x85, 0x80, 0x93, 0xac, 0xa7, 0x8a, 0x83, 0x92, 0x98, 0x97, 0x99, 0x99, 0x98, 0x9d,
    0x9b, 0x92, 0x8d, 0x96, 0xa0, 0x99, 0x8b, 0x85, 0x84, 0x8c, 0x9b, 0xa5, 0xa0, 0x94, 0x91, 0x97,
    0x9b, 0x9a, 0x93, 0x86, 0x83, 0x8e, 0x96, 0x96, 0x97, 0x9b, 0xa1, 0x9e, 0x92, 0x88, 0x88, 0x90,
    0xa4, 0xbf, 0xc9, 0xa9, 0x6b, 0x5d, 0x8a, 0xac, 0xa7, 0x8f, 0x7e, 0x7f, 0x8d, 0x9d, 0xab, 0x9f,
    0x88, 0x8d, 0xa1, 0xa5, 0x98, 0x8c, 0x8d, 0x98, 0xa1, 0x9e, 0x93, 0x8a, 0x94, 0x9d, 0x95, 0x8b,
    0x8a, 0x8e, 0x93, 0x96, 0x97, 0x97, 0x93, 0x95, 0x9c, 0x9a, 0x93, 0x8d, 0x8f, 0x97, 0x96, 0x90,
    0x91, 0x96, 0x9d, 0x9f, 0x91, 0x83, 0x86, 0x95, 0xa1, 0xac, 0xbd, 0xc0, 0x9c, 0x63, 0x5c, 0x8e,
    0xb0, 0xa1, 0x88, 0x84, 0x89, 0x90, 0x9d, 0xab, 0xa0, 0x8c, 0x90, 0xa0, 0x9d, 0x91, 0x89, 0x8d,
    0x99, 0xa0, 0x9b, 0x97, 0x96, 0x97, 0x94, 0x8d, 0x88, 0x8a, 0x8e, 0x8f, 0x8f, 0x94, 0x9b, 0x9a,
    0x9a, 0x9e, 0x9a, 0x90, 0x8c, 0x95, 0x9d, 0x96, 0x89, 0x8d, 0x9b, 0xa0, 0x99, 0x8c, 0x88, 0x8c,
    0x95, 0xa0, 0xac, 0xb5, 0xb8, 0x9e, 0x68, 0x5c, 0x90, 0xb6, 0xa7, 0x8b, 0x85, 0x8a, 0x90, 0xa0,
    0xb0, 0x9f, 0x82, 0x87, 0xa0, 0xa2, 0x91, 0x8a, 0x92, 0x9d, 0xa0, 0x9e, 0x97, 0x8e, 0x8e, 0x94,
    0x96, 0x91, 0x88, 0x87, 0x8d, 0x93, 0x9b, 0xa0, 0x98, 0x92, 0x95, 0x9b, 0x98, 0x93, 0x98, 0x9d,
    0x91, 0x89, 0x92, 0x9a, 0x97, 0x8e, 0x8d, 0x91, 0x91, 0x8e, 0x96, 0xa6, 0xb6, 0xc0, 0xb3, 0x83,
    0x59, 0x75, 0xac, 0xb2, 0x91, 0x7d, 0x81, 0x92, 0xa2, 0xaa, 0xa1, 0x87, 0x83, 0x9d, 0xa7, 0x94,
    0x86, 0x89, 0x96, 0xa5, 0xaa, 0x9d, 0x89, 0x86, 0x98, 0xa2, 0x94, 0x81, 0x7b, 0x82, 0x8e, 0x9c,
    0xa2, 0x99, 0x92, 0x9b, 0xa5, 0x9d, 0x91, 0x8e, 0x8d, 0x85, 0x89, 0x9b, 0xa3, 0x98, 0x8e, 0x8f,
    0x90, 0x92, 0x96, 0x9e, 0xa7, 0xb1, 0xbd, 0xaf, 0x6c, 0x46, 0x7e, 0xbb, 0xb6, 0x90, 0x7f, 0x87,
    0x8f, 0x9b, 0xae, 0xa6, 0x82, 0x7e, 0x9c, 0xa9, 0x99, 0x88, 0x87, 0x95, 0xa6, 0xaa, 0x9f, 0x8c,
    0x86, 0x8e, 0x94, 0x8d, 0x82, 0x81, 0x8a, 0x94, 0x9e, 0xa5, 0xa0, 0x96, 0x94, 0x9c, 0xa0, 0x94,
    0x85, 0x83, 0x88, 0x90, 0x9e, 0xa6, 0xa0, 0x91, 0x89, 0x8f, 0x98, 0x9b, 0xa2, 0xb0, 0xbd, 0xb8,
    0x80, 0x45, 0x64, 0xad, 0xc2, 0xa0, 0x81, 0x81, 0x8d, 0x93, 0xa4, 0xab, 0x8e, 0x80, 0x97, 0xa6,
    0x9a, 0x8b, 0x89, 0x98, 0xa8, 0xa6, 0x95, 0x87, 0x88, 0x93, 0x95, 0x88, 0x7c, 0x81, 0x8f, 0x9a,
    0xa0, 0xa0, 0x9f, 0x99, 0x94, 0x99, 0x9b, 0x93, 0x8c, 0x8b, 0x8b, 0x8b, 0x91, 0x98, 0x9f, 0x9c,
    0x8e, 0x86, 0x93, 0xae, 0xc5, 0xcc, 0xbd, 0x88, 0x44, 0x4d, 0x97, 0xbe, 0xa5, 0x82, 0x80, 0x90,
    0x9a, 0xa3, 0xa9, 0x96, 0x84, 0x91, 0xa4, 0x9b, 0x85, 0x82, 0x99, 0xb0, 0xae, 0x9e, 0x8b, 0x83,
    0x8e, 0x98, 0x8d, 0x75, 0x6b, 0x81, 0xa1, 0xae, 0xaa, 0x9d, 0x8f, 0x92, 0xa4, 0xa3, 0x8e, 0x80,
    0x85, 0x88, 0x8e, 0x9c, 0x9e, 0x8f, 0x8e, 0xa3, 0xae, 0xa5, 0x9d, 0xaf, 0xcb, 0xc1, 0x72, 0x37,
    0x5e, 0xa3, 0xb6, 0x99, 0x7e, 0x7d, 0x8e, 0xa0, 0xb5, 0xb0, 0x88, 0x76, 0x95, 0xad, 0xa1, 0x8c,
    0x87, 0x9b, 0xad, 0xab, 0x97, 0x81, 0x7f, 0x89, 0x90, 0x8a, 0x7a, 0x74, 0x83, 0xa0, 0xb4, 0xb0,
    0x99, 0x8b, 0x90, 0x9f, 0xa3, 0x93, 0x82, 0x84, 0x91, 0x98, 0x9c, 0x97, 0x8d, 0x91, 0x9f, 0xaf,
    0xba, 0xc4, 0xcb, 0xa9, 0x55, 0x35, 0x76, 0xb2, 0xab, 0x87, 0x7b, 0x80, 0x8b, 0xa4, 0xbf, 0xb0,
    0x84, 0x80, 0xa1, 0xab, 0x95, 0x89, 0x90, 0x9f, 0xa4, 0xa0, 0x94, 0x82, 0x7d, 0x8e, 0x98, 0x85,
    0x70, 0x73, 0x8a, 0xa2, 0xaf, 0xac, 0xa0, 0x98, 0x9c, 0xa1, 0x97, 0x88, 0x87, 0x8f, 0x8f, 0x90,
    0x9a, 0x9e, 0x97, 0x93, 0x9c, 0xb0, 0xc7, 0xd2, 0xbf, 0x72, 0x2d, 0x51, 0xa2, 0xc0, 0x9f, 0x7d,
    0x7a, 0x89, 0x95, 0xad, 0xb6, 0x93, 0x7c, 0x93, 0xaf, 0xa7, 0x8f, 0x8b, 0x9c, 0xa8, 0xa2, 0x93,
    0x7d, 0x74, 0x83, 0x93, 0x91, 0x81, 0x79, 0x85, 0x9a, 0xa8, 0xa9, 0xa2, 0x9e, 0x9f, 0x9f, 0x98,
    0x8d, 0x8b, 0x8b, 0x89, 0x90, 0x9a, 0x9a, 0x92, 0x95, 0xa4, 0xb3, 0xc5, 0xd6, 0xb5, 0x54, 0x2b,
    0x78, 0xc3, 0xb6, 0x7f, 0x6f, 0x82, 0x99, 0xac, 0xb9, 0x9d, 0x70, 0x72, 0xa0, 0xb8, 0xa2, 0x8a,
    0x8b, 0xa2, 0xb3, 0xaf, 0x93, 0x72, 0x6d, 0x80, 0x8e, 0x8a, 0x82, 0x89, 0x96, 0x9f, 0xa5, 0xa3,
    0x98, 0x93, 0x9b, 0xa5, 0x9e, 0x8e, 0x89, 0x8f, 0x91, 0x90, 0x93, 0x99, 0x98, 0x99, 0xa6, 0xb7,
    0xc4, 0xca, 0xa4, 0x4c, 0x3d, 0x8a, 0xc4, 0xb1, 0x7f, 0x70, 0x82, 0x97, 0xac, 0xba, 0x9a, 0x72,
    0x7c, 0xa5, 0xb1, 0x98, 0x83, 0x90, 0xae, 0xbb, 0xaa, 0x83, 0x66, 0x70, 0x8f, 0x9c, 0x8d, 0x7a,
    0x7c, 0x92, 0xac, 0xb3, 0xa0, 0x8d, 0x8d, 0x9d, 0xa8, 0x9c, 0x87, 0x80, 0x8d, 0x9e, 0xa4, 0x9a,
    0x94, 0x95, 0x9b, 0xa4, 0xb8, 0xca, 0xc1, 0x7c, 0x35, 0x56, 0xab, 0xc9, 0xa7, 0x82, 0x75, 0x7c,
    0x92, 0xb8, 0xc0, 0x8a, 0x60, 0x7d, 0xb1, 0xb7, 0x9c, 0x8c, 0x9c, 0xab, 0xa9, 0x9c, 0x7d, 0x64,
    0x6b, 0x88, 0x99, 0x91, 0x88, 0x93, 0xa5, 0xad, 0xa7, 0x93, 0x85, 0x90, 0xa4, 0xa5, 0x94, 0x84,
    0x88, 0x98, 0xa2, 0x9e, 0x94, 0x93, 0x98, 0xa1, 0xae, 0xbd, 0xc2, 0xab, 0x60, 0x38, 0x71, 0xbb,
    0xc3, 0x9a, 0x7e, 0x7e, 0x8b, 0x99, 0xb2, 0xac, 0x7e, 0x6a, 0x91, 0xb4, 0xa6, 0x8c, 0x8e, 0xa8,
    0xb6, 0xb0, 0x98, 0x70, 0x5b, 0x6b, 0x88, 0x90, 0x8a, 0x8d, 0x9f, 0xb0, 0xb2, 0xa6, 0x91, 0x87,
    0x90, 0xa0, 0x9c, 0x89, 0x83, 0x8f, 0x9d, 0xa0, 0x99, 0x99, 0x9f, 0xa5, 0xaf, 0xbf, 0xc4, 0xac,
    0x5e, 0x30, 0x69, 0xb5, 0xbf, 0x97, 0x80, 0x8b, 0x9b, 0x9a, 0xa4, 0xa7, 0x87, 0x6f, 0x87, 0xa8,
    0xa4, 0x92, 0x92, 0xac, 0xbb, 0xb2, 0x99, 0x7b, 0x68, 0x6d, 0x7e, 0x81, 0x7b, 0x7f, 0x96, 0xae,
    0xb7, 0xb2, 0xa1, 0x90, 0x91, 0x9d, 0x9b, 0x89, 0x7f, 0x8a, 0x9d, 0xa7, 0xa0, 0x94, 0x92, 0xa2,
    0xb8, 0xc9, 0xd3, 0xb6, 0x4d, 0x0f, 0x5e, 0xc3, 0xcc, 0x94, 0x7b, 0x8f, 0xa2, 0xa4, 0xb0, 0xa6,
    0x79, 0x64, 0x88, 0xb3, 0xaa, 0x8b, 0x89, 0xa7, 0xbc, 0xb9, 0xa1, 0x78, 0x62, 0x6e, 0x89, 0x8c,
    0x76, 0x73, 0x8e, 0xac, 0xba, 0xb2, 0x9d, 0x8a, 0x87, 0x9d, 0xac, 0x9b, 0x86, 0x7d, 0x85, 0xa1,
    0xb2, 0xa5, 0x91, 0x92, 0xa7, 0xc1, 0xd2, 0xc6, 0x6a, 0x11, 0x48, 0xbc, 0xd9, 0x99, 0x68, 0x7a,
    0xa4, 0xb3, 0xb9, 0xaa, 0x7e, 0x66, 0x83, 0xb1, 0xaa, 0x86, 0x7f, 0xa2, 0xbf, 0xc1, 0xa7, 0x78,
    0x5a, 0x69, 0x8c, 0x93, 0x7b, 0x75, 0x90, 0xa9, 0xb6, 0xb6, 0xa0, 0x84, 0x7d, 0x99, 0xb0, 0x9d,
    0x84, 0x80, 0x89, 0x9a, 0xaa, 0xac, 0x9e, 0x9a, 0xb2, 0xcf, 0xdb, 0xad, 0x35, 0x09, 0x67, 0xc9,
    0xd2, 0x9a, 0x74, 0x7f, 0x9f, 0xb6, 0xc1, 0xa1, 0x69, 0x66, 0x95, 0xae, 0x9f, 0x8b, 0x91, 0xb0,
    0xb9, 0xaf, 0x94, 0x72, 0x66, 0x78, 0x8b, 0x87, 0x75, 0x78, 0x9b, 0xb7, 0xbf, 0xb7, 0x9f, 0x83,
    0x7c, 0x8e, 0x9e, 0x98, 0x90, 0x8c, 0x88, 0x94, 0xa8, 0xac, 0xa5, 0xa7, 0xbb, 0xd5, 0xd3, 0x7b,
    0x15, 0x2c, 0x92, 0xcd, 0xbb, 0x8e, 0x7a, 0x84, 0xa1, 0xc9, 0xc9, 0x87, 0x54, 0x71, 0xab, 0xb2,
    0x98, 0x86, 0x98, 0xb2, 0xbe, 0xac, 0x7b, 0x5b, 0x67, 0x85, 0x8f, 0x83, 0x76, 0x85, 0xa7, 0xc0,
    0xc0, 0xac, 0x91, 0x83, 0x88, 0x9a, 0x9d, 0x94, 0x8f, 0x8f, 0x91, 0x9e, 0xa4, 0x9c, 0x9b, 0xac,
    0xcc, 0xe0, 0xaa, 0x2f, 0x10, 0x6e, 0xc8, 0xce, 0x9d, 0x7d, 0x84, 0x94, 0xae, 0xc4, 0xa3, 0x68,
    0x65, 0xa5, 0xbf, 0x9d, 0x7c, 0x86, 0xaa, 0xc0, 0xb7, 0x8d, 0x61, 0x5a, 0x79, 0x94, 0x8d, 0x71,
    0x71, 0x95, 0xbc, 0xc8, 0xbe, 0xa3, 0x87, 0x7f, 0x8f, 0x9b, 0x96, 0x90, 0x95, 0x97, 0x9a, 0x9f,
    0x9a, 0x9b, 0xac, 0xc6, 0xdd, 0xb9, 0x3f, 0x05, 0x54, 0xb7, 0xcf, 0xa6, 0x82, 0x8b, 0xa2, 0xaf,
    0xbb, 0xa6, 0x73, 0x5e, 0x8e, 0xbd, 0xae, 0x88, 0x81, 0xa2, 0xbe, 0xb9, 0x97, 0x70, 0x5e, 0x6e,
    0x86, 0x89, 0x77, 0x6b, 0x84, 0xb4, 0xcf, 0xc0, 0xa4, 0x91, 0x89, 0x8f, 0x98, 0x99, 0x93, 0x8c,
    0x8a, 0x9a, 0xae, 0xa5, 0x99, 0xa5, 0xc0, 0xdd, 0xcc, 0x56, 0x00, 0x3b, 0xa7, 0xd0, 0xac, 0x80,
    0x7e, 0x9a, 0xb6, 0xce, 0xbd, 0x7d, 0x52, 0x75, 0xb2, 0xb9, 0x98, 0x84, 0x97, 0xb5, 0xbf, 0xa1,
    0x75, 0x63, 0x7a, 0x94, 0x8c, 0x71, 0x5f, 0x70, 0xa0, 0xc9, 0xca, 0xad, 0x8f, 0x87, 0x8f, 0x96,
    0x99, 0x9a, 0x95, 0x8a, 0x8f, 0xa3, 0xa7, 0x9f, 0xa0, 0xae, 0xcd, 0xde, 0xa4, 0x29, 0x0d, 0x6b,
    0xc4, 0xc8, 0x92, 0x75, 0x87, 0xa5, 0xbb, 0xcb, 0xa8, 0x66, 0x5a, 0x95, 0xbc, 0xa4, 0x85, 0x8c,
    0xad, 0xc0, 0xb7, 0x8e, 0x67, 0x68, 0x8a, 0x9f, 0x8a, 0x65, 0x5f, 0x86, 0xb5, 0xca, 0xbd, 0x9d,
    0x7f, 0x7e, 0x93, 0xa2, 0x9f, 0x92, 0x87, 0x88, 0x9d, 0xad, 0xa8, 0x9a, 0x95, 0x9e, 0xc3, 0xe4,
    0xc3, 0x48, 0x03, 0x5a, 0xc5, 0xcf, 0x96, 0x76, 0x7e, 0x9b, 0xba, 0xd4, 0xb0, 0x63, 0x51, 0x91,
    0xc0, 0xa5, 0x87, 0x8c, 0xa6, 0xb8, 0xbb, 0xa0, 0x70, 0x5f, 0x82, 0xa2, 0x8e, 0x67, 0x68, 0x8f,
    0xb1, 0xc2, 0xc1, 0xa3, 0x7b, 0x77, 0x9c, 0xad, 0x94, 0x7d, 0x7d, 0x8b, 0x9f, 0xaf, 0xaa, 0x96,
    0x82, 0x86, 0xaa, 0xda, 0xe1, 0xb4, 0x5c, 0x2c, 0x6b, 0xb7, 0xbc, 0x8e, 0x70, 0x7e, 0xaa, 0xbe,
    0xac, 0x85, 0x69, 0x76, 0xa2, 0xba, 0xa2, 0x8f, 0x93, 0xa9, 0xbc, 0xba, 0x9b, 0x72, 0x69, 0x7f,
    0x87, 0x78, 0x74, 0x85, 0x9c, 0xae, 0xba, 0xad, 0x8e, 0x84, 0x9d, 0xb0, 0x9e, 0x84, 0x7f, 0x90,
    0x9e, 0xa7, 0xa4, 0x92, 0x7c, 0x7d, 0x8c, 0x92, 0x93, 0xa1, 0xcd, 0xe9, 0xbe, 0x5e, 0x43, 0x81,
    0xb6, 0xb8, 0x99, 0x77, 0x6b, 0x80, 0xa3, 0xb7, 0x9d, 0x7d, 0x83, 0xa9, 0xb3, 0x98, 0x8b, 0x99,
    0xb1, 0xb7, 0xa1, 0x79, 0x5f, 0x6c, 0x93, 0xa9, 0x9d, 0x87, 0x7c, 0x86, 0x99, 0xa9, 0xac, 0x9d,
    0x92, 0x99, 0xa5, 0xa0, 0x97, 0x97, 0x93, 0x89, 0x8e, 0x97, 0x8b, 0x81, 0x83, 0x86, 0x85, 0x8e,
    0xa3, 0xbf, 0xda, 0xda, 0xa5, 0x5d, 0x5d, 0x91, 0xa7, 0x90, 0x7a, 0x76, 0x88, 0xa0, 0xad, 0xb0,
    0x97, 0x7f, 0x8f, 0xaf, 0xaa, 0x8f, 0x7f, 0x85, 0x98, 0xa5, 0x9d, 0x88, 0x88, 0x9f, 0xab, 0x99,
    0x79, 0x67, 0x77, 0x9b, 0xb0, 0xac, 0xa1, 0x97, 0x9e, 0xaf, 0xa8, 0x87, 0x72, 0x79, 0x91, 0xa1,
    0x9a, 0x8b, 0x83, 0x8d, 0x9c, 0x9e, 0x92, 0x90, 0x9f, 0xca, 0xe7, 0xbc, 0x57, 0x34, 0x81, 0xbf,
    0xae, 0x81, 0x76, 0x83, 0x97, 0xaa, 0xb2, 0xa1, 0x8a, 0x90, 0xa3, 0x9b, 0x81, 0x7d, 0x8b, 0xa6,
    0xb8, 0xa8, 0x85, 0x79, 0x90, 0xa9, 0x9f, 0x82, 0x71, 0x78, 0x99, 0xb2, 0xae, 0x9a, 0x8a, 0x92,
    0xa6, 0xa7, 0x90, 0x7d, 0x81, 0x92, 0x9a, 0x99, 0x8c, 0x81, 0x8d, 0xa6, 0xa8, 0x93, 0x8e, 0xa1,
    0xb9, 0xca, 0xad, 0x61, 0x4d, 0x8a, 0xb9, 0xa7, 0x7e, 0x79, 0x8f, 0xa5, 0xae, 0xa6, 0x8b, 0x7a,
    0x8e, 0xaa, 0xa0, 0x85, 0x86, 0x9a, 0xab, 0xad, 0x98, 0x7b, 0x7b, 0x99, 0xad, 0xa2, 0x8a, 0x79,
    0x79, 0x8e, 0xa7, 0xab, 0x97, 0x86, 0x8c, 0x9f, 0xa8, 0x9f, 0x8f, 0x8b, 0x8d, 0x8f, 0x95, 0x96,
    0x8b, 0x8a, 0x94, 0x9a, 0x96, 0x99, 0xa1, 0xac, 0xbe, 0xb3, 0x76, 0x56, 0x85, 0xb2, 0xa9, 0x87,
    0x77, 0x85, 0x9c, 0xa7, 0xa7, 0x97, 0x85, 0x8c, 0xa4, 0xa7, 0x90, 0x83, 0x89, 0x9c, 0xad, 0xa6,
    0x8b, 0x82, 0x96, 0xa5, 0x9d, 0x8a, 0x7d, 0x7a, 0x85, 0x9d, 0xa7, 0x9a, 0x91, 0x98, 0xa6, 0xab,
    0x9a, 0x89, 0x88, 0x90, 0x94, 0x91, 0x8b, 0x87, 0x89, 0x98, 0xa5, 0x99, 0x90, 0x9c, 0xb0, 0xc5,
    0xb6, 0x71, 0x54, 0x83, 0xad, 0xab, 0x91, 0x7c, 0x80, 0x93, 0xa7, 0xb4, 0x9f, 0x82, 0x85, 0x99,
    0x9c, 0x92, 0x91, 0x99, 0x9e, 0xa2, 0x9f, 0x8f, 0x86, 0x93, 0x9e, 0x94, 0x86, 0x81, 0x81, 0x8e,
    0xa2, 0xac, 0xa2, 0x94, 0x93, 0x9f, 0xa1, 0x95, 0x8c, 0x8c, 0x8d, 0x8b, 0x8f, 0x91, 0x8c, 0x8b,
    0x98, 0xa6, 0x9c, 0x8b, 0x8f, 0xa4, 0xbd, 0xc3, 0x96, 0x5b, 0x66, 0xa0, 0xb3, 0x97, 0x81, 0x87,
    0x93, 0x99, 0x9f, 0x9f, 0x8e, 0x84, 0x98, 0xab, 0x98, 0x82, 0x8a, 0x9f, 0xae, 0xa9, 0x91, 0x7c,
    0x83, 0x99, 0xa2, 0x98, 0x89, 0x84, 0x8a, 0x99, 0xa5, 0xa0, 0x93, 0x90, 0x9a, 0xa4, 0x99, 0x86,
    0x84, 0x8d, 0x93, 0x97, 0x99, 0x92, 0x8a, 0x90, 0xa0, 0x9f, 0x8f, 0x8d, 0x9c, 0xaa, 0xb9, 0xb4,
    0x7f, 0x5b, 0x84, 0xb3, 0xa8, 0x84, 0x7a, 0x89, 0x99, 0xa1, 0xa8, 0xa0, 0x82, 0x7c, 0x95, 0xa4,
    0x9e, 0x98, 0x96, 0x99, 0x9c, 0x94, 0x8a, 0x89, 0x9a, 0xa7, 0x9e, 0x8c, 0x7d, 0x7c, 0x8d, 0x9f,
    0xa4, 0x9f, 0x8f, 0x8b, 0x97, 0x9e, 0x95, 0x8d, 0x93, 0x97, 0x93, 0x91, 0x92, 0x8e, 0x8f, 0x9d,
    0xa3, 0x95, 0x8c, 0x8d, 0x94, 0xad, 0xc6, 0xb7, 0x71, 0x4e, 0x81, 0xb2, 0xab, 0x93, 0x8b, 0x8e,
    0x8e, 0x95, 0xa4, 0x9c, 0x85, 0x8b, 0xa1, 0xa3, 0x93, 0x8b, 0x94, 0xa1, 0xa4, 0x9d, 0x90, 0x89,
    0x91, 0x9c, 0x9a, 0x8a, 0x79, 0x7f, 0x94, 0xa1, 0xa1, 0x99, 0x8f, 0x94, 0xa1, 0xa5, 0x99, 0x8b,
    0x8a, 0x91, 0x96, 0x94, 0x8f, 0x8b, 0x92, 0x9f, 0x9e, 0x94, 0x8e, 0x8b, 0x93, 0xae, 0xc5, 0xac,
    0x6b, 0x63, 0x98, 0xb1, 0x98, 0x82, 0x8b, 0x9a, 0x9b, 0x9c, 0x9f, 0x8a, 0x7d, 0x91, 0xa8, 0xa4,
    0x93, 0x91, 0x9c, 0xa1, 0x9e, 0x94, 0x88, 0x86, 0x94, 0x9f, 0x96, 0x7e, 0x75, 0x8a, 0xa0, 0xa3,
    0x9e, 0x99, 0x95, 0x98, 0xa1, 0xa2, 0x92, 0x85, 0x8d, 0x97, 0x96, 0x8f, 0x8f, 0x96, 0x9a, 0x94,
    0x8c, 0x8b, 0x8b, 0x8d, 0x99, 0xb7, 0xc9, 0xb1, 0x77, 0x62, 0x8e, 0xb1, 0xa5, 0x8e, 0x88, 0x89,
    0x8e, 0x99, 0x9f, 0x93, 0x85, 0x92, 0xa8, 0xa8, 0x93, 0x87, 0x8d, 0x99, 0x9d, 0x98, 0x90, 0x8a,
    0x91, 0xa0, 0x9b, 0x82, 0x79, 0x8d, 0x9d, 0x9d, 0x9f, 0xa1, 0x95, 0x8d, 0x99, 0xa5, 0x9c, 0x89,
    0x8a, 0x95, 0x93, 0x8d, 0x8b, 0x8b, 0x8c, 0x92, 0x96, 0x97, 0x91, 0x91, 0xa4, 0xc3, 0xcf, 0xab,
    0x6c, 0x5f, 0x8e, 0xad, 0xa1, 0x89, 0x85, 0x8e, 0x95, 0x9a, 0x9f, 0x95, 0x88, 0x8e, 0xa2, 0xa7,
    0x90, 0x82, 0x8c, 0x9b, 0xa2, 0xa2, 0x9a, 0x91, 0x92, 0x96, 0x90, 0x7d, 0x7a, 0x8b, 0x9f, 0xa8,
    0xa5, 0x97, 0x8c, 0x90, 0xa2, 0xa9, 0x98, 0x88, 0x89, 0x8e, 0x8e, 0x91, 0x91, 0x8b, 0x8c, 0x95,
    0x98, 0x94, 0x90, 0x96, 0xa2, 0xba, 0xcf, 0xbe, 0x81, 0x50, 0x72, 0xaf, 0xb3, 0x8e, 0x7d, 0x86,
    0x91, 0x97, 0xa1, 0x9e, 0x84, 0x81, 0x9f, 0xad, 0x93, 0x7d, 0x86, 0xa2, 0xb3, 0xad, 0x9c, 0x89,
    0x83, 0x90, 0x98, 0x8a, 0x7d, 0x83, 0x95, 0xa3, 0xa4, 0x98, 0x90, 0x99, 0xa7, 0xa3, 0x8d, 0x80,
    0x83, 0x8b, 0x91, 0x93, 0x91, 0x91, 0x97, 0xa3, 0xa0, 0x95, 0x8e, 0x91, 0xa1, 0xb7, 0xc8, 0xbc,
    0x7f, 0x53, 0x7d, 0xb3, 0xab, 0x84, 0x76, 0x83, 0x8f, 0x95, 0x9e, 0x9c, 0x89, 0x8e, 0xaa, 0xae,
    0x92, 0x7f, 0x8a, 0xa5, 0xb1, 0xa7, 0x94, 0x83, 0x84, 0x95, 0x9b, 0x8a, 0x75, 0x7c, 0x98, 0xa8,
    0xa1, 0x96, 0x92, 0x9a, 0xa4, 0xa2, 0x93, 0x82, 0x81, 0x8d, 0x96, 0x93, 0x8f, 0x91, 0x99, 0x9e,
    0x9c, 0x98, 0x99, 0x9f, 0xb0, 0xc6, 0xc7, 0x92, 0x4f, 0x5c, 0x9e, 0xb3, 0x91, 0x76, 0x7d, 0x90,
    0x9d, 0xa7, 0xa3, 0x89, 0x82, 0x9f, 0xb4, 0xa1, 0x83, 0x81, 0x9c, 0xb4, 0xb0, 0x99, 0x80, 0x79,
    0x88, 0x9c, 0x98, 0x7c, 0x6b, 0x82, 0xa7, 0xb6, 0xad, 0x98, 0x89, 0x92, 0xa6, 0xa4, 0x8d, 0x7c,
    0x85, 0x93, 0x93, 0x91, 0x91, 0x8d, 0x8e, 0x9f, 0xb0, 0xb3, 0xac, 0xb1, 0xc0, 0xb5, 0x73, 0x43,
    0x6d, 0xac, 0xb0, 0x88, 0x72, 0x81, 0x98, 0xa2, 0xac, 0xa3, 0x83, 0x7e, 0xa0, 0xb2, 0x9b, 0x83,
    0x85, 0x9f, 0xb5, 0xb1, 0x96, 0x7c, 0x77, 0x85, 0x95, 0x93, 0x81, 0x74, 0x82, 0x9e, 0xb1, 0xb1,
    0xa3, 0x93, 0x91, 0x9c, 0x9c, 0x88, 0x7b, 0x85, 0x90, 0x91, 0x93, 0x97, 0x97, 0x98, 0xa2, 0xb1,
    0xbf, 0xc4, 0xc3, 0xa9, 0x5a, 0x2f, 0x72, 0xb9, 0xb6, 0x8d, 0x75, 0x7f, 0x93, 0xa0, 0xb0, 0xa9,
    0x84, 0x7c, 0x9a, 0xab, 0x9b, 0x8c, 0x93, 0xa8, 0xad, 0xa3, 0x93, 0x7c, 0x74, 0x8b, 0x9d, 0x8b,
    0x73, 0x77, 0x8f, 0xa0, 0xaa, 0xae, 0xa2, 0x91, 0x92, 0xa1, 0xa2, 0x8d, 0x80, 0x88, 0x8e, 0x90,
    0x99, 0x9c, 0x92, 0x90, 0xa1, 0xba, 0xc6, 0xc7, 0xc0, 0x85, 0x36, 0x46, 0x94, 0xb7, 0x9c, 0x7f,
    0x89, 0x9a, 0x9a, 0xa4, 0xaf, 0x93, 0x7a, 0x8e, 0xac, 0xa1, 0x85, 0x87, 0xa3, 0xb4, 0xae, 0x99,
    0x7a, 0x6f, 0x82, 0x97, 0x97, 0x84, 0x78, 0x82, 0x93, 0x9f, 0xa9, 0xa9, 0xa2, 0x9d, 0x9b, 0x97,
    0x90, 0x8f, 0x90, 0x8b, 0x8a, 0x92, 0x98, 0x99, 0x98, 0x9c, 0xa7, 0xc0, 0xd9, 0xc9, 0x74, 0x2d,
    0x55, 0xa7, 0xbc, 0x8f, 0x6c, 0x7b, 0x9e, 0xb4, 0xb8, 0xa7, 0x83, 0x75, 0x93, 0xb2, 0xa6, 0x88,
    0x82, 0x9b, 0xb5, 0xb1, 0x97, 0x79, 0x70, 0x82, 0x90, 0x8c, 0x7f, 0x7c, 0x8a, 0x9a, 0xa5, 0xaa,
    0xa0, 0x96, 0x98, 0xa4, 0xa4, 0x91, 0x87, 0x91, 0x99, 0x91, 0x8e, 0x96, 0x9a, 0x93, 0x95, 0xac,
    0xc4, 0xc9, 0xb2, 0x6b, 0x3c, 0x6c, 0xb6, 0xbf, 0x8a, 0x66, 0x77, 0x9c, 0xae, 0xb6, 0xa6, 0x7f,
    0x73, 0x99, 0xbc, 0xa7, 0x83, 0x83, 0xa3, 0xb4, 0xa9, 0x8b, 0x6f, 0x6c, 0x87, 0xa0, 0x98, 0x78,
    0x6b, 0x87, 0xab, 0xb5, 0xa7, 0x95, 0x8d, 0x95, 0xa3, 0xa1, 0x92, 0x8b, 0x94, 0x9a, 0x95, 0x8e,
    0x94, 0x99, 0x9b, 0xa8, 0xc0, 0xcd, 0xbc, 0x77, 0x36, 0x56, 0xa3, 0xc0, 0xa2, 0x80, 0x7a, 0x88,
    0x99, 0xb4, 0xb6, 0x88, 0x65, 0x82, 0xb4, 0xb5, 0x95, 0x8a, 0xa2, 0xb6, 0xb2, 0x9d, 0x7c, 0x61,
    0x67, 0x86, 0x96, 0x84, 0x75, 0x88, 0xa8, 0xb7, 0xad, 0x97, 0x8a, 0x92, 0xa2, 0xa3, 0x91, 0x83,
    0x89, 0x9b, 0xa7, 0xa4, 0x94, 0x8a, 0x96, 0xab, 0xb8, 0xbc, 0xbd, 0xa2, 0x56, 0x39, 0x7d, 0xbe,
    0xb3, 0x88, 0x7e, 0x8f, 0x96, 0x9a, 0xae, 0xa3, 0x79, 0x6f, 0x9b, 0xb8, 0xa2, 0x89, 0x92, 0xb1,
    0xbd, 0xaf, 0x8f, 0x6a, 0x5f, 0x76, 0x8c, 0x84, 0x72, 0x77, 0x97, 0xb5, 0xbe, 0xb1, 0x96, 0x85,
    0x8f, 0xa2, 0x9f, 0x8c, 0x86, 0x90, 0x98, 0x9b, 0x9d, 0x9a, 0x98, 0x9c, 0xa7, 0xb7, 0xc5, 0xbf,
    0x81, 0x34, 0x4b, 0xa1, 0xc6, 0xa7, 0x82, 0x82, 0x92, 0x98, 0xa0, 0xa8, 0x90, 0x74, 0x81, 0xa7,
    0xad, 0x96, 0x8e, 0xa1, 0xb8, 0xb7, 0x9f, 0x80, 0x69, 0x6e, 0x86, 0x8d, 0x7b, 0x6f, 0x80, 0xa0,
    0xb5, 0xb6, 0xa8, 0x92, 0x8c, 0x9e, 0xa5, 0x93, 0x7f, 0x83, 0x94, 0xa0, 0xa1, 0x9b, 0x90, 0x91,
    0xa4, 0xbf, 0xd3, 0xd0, 0x95, 0x37, 0x2f, 0x86, 0xc5, 0xb5, 0x86, 0x7b, 0x94, 0xa6, 0xaa, 0xa8,
    0x8e, 0x69, 0x6d, 0xa0, 0xb9, 0x9f, 0x89, 0x99, 0xba, 0xc3, 0xac, 0x87, 0x65, 0x61, 0x81, 0x98,
    0x85, 0x6c, 0x75, 0x9a, 0xb7, 0xb8, 0xa9, 0x92, 0x84, 0x91, 0xa7, 0xa3, 0x8c, 0x82, 0x8a, 0x9a,
    0xa7, 0xa8, 0x9b, 0x8f, 0x91, 0xa0, 0xb9, 0xd0, 0xc6, 0x74, 0x29, 0x55, 0xb1, 0xc8, 0x99, 0x79,
    0x84, 0x96, 0x9e, 0xae, 0xaf, 0x85, 0x64, 0x81, 0xb2, 0xab, 0x8a, 0x8a, 0xa8, 0xbd, 0xb8, 0x9f,
    0x7a, 0x61, 0x71, 0x94, 0x94, 0x78, 0x70, 0x8a, 0xa8, 0xb4, 0xae, 0x9c, 0x89, 0x8a, 0xa1, 0xa6,
    0x91, 0x82, 0x86, 0x92, 0x9f, 0xa8, 0xa2, 0x94, 0x95, 0xab, 0xc3, 0xd1, 0xc9, 0x7d, 0x22, 0x3d,
    0xa0, 0xcd, 0xa7, 0x79, 0x7d, 0x98, 0xa5, 0xb0, 0xae, 0x89, 0x6a, 0x79, 0xaa, 0xb3, 0x94, 0x88,
    0x9c, 0xb2, 0xba, 0xac, 0x88, 0x66, 0x63, 0x82, 0x94, 0x85, 0x77, 0x85, 0xa0, 0xb8, 0xbb, 0xa7,
    0x88, 0x7b, 0x91, 0xa6, 0xa2, 0x90, 0x85, 0x84, 0x95, 0xaa, 0xab, 0x98, 0x8f, 0xa3, 0xbb, 0xcb,
    0xd4, 0xa3, 0x38, 0x27, 0x87, 0xce, 0xb6, 0x77, 0x6c, 0x93, 0xae, 0xb3, 0xb2, 0x91, 0x69, 0x6f,
    0xa6, 0xbd, 0x9a, 0x82, 0x97, 0xb5, 0xb6, 0xa6, 0x8c, 0x6c, 0x61, 0x7c, 0x98, 0x8b, 0x6f, 0x79,
    0xa1, 0xbb, 0xbb, 0xa9, 0x8d, 0x7b, 0x8a, 0xa6, 0xaa, 0x96, 0x86, 0x87, 0x91, 0xa2, 0xa8, 0x9a,
    0x8c, 0x9a, 0xb5, 0xc9, 0xd5, 0xb5, 0x4e, 0x20, 0x73, 0xca, 0xc3, 0x83, 0x68, 0x85, 0xa5, 0xb3,
    0xb9, 0x9e, 0x72, 0x6c, 0x98, 0xb8, 0xa2, 0x88, 0x91, 0xaa, 0xb6, 0xb2, 0x94, 0x6a, 0x5b, 0x76,
    0x98, 0x90, 0x72, 0x75, 0x9c, 0xbb, 0xbf, 0xaf, 0x96, 0x7e, 0x81, 0x9f, 0xaa, 0x98, 0x88, 0x88,
    0x91, 0x9f, 0xaa, 0xa3, 0x91, 0x96, 0xb2, 0xcc, 0xda, 0xac, 0x38, 0x18, 0x78, 0xd2, 0xcc, 0x8c,
    0x69, 0x7d, 0xa2, 0xba, 0xbf, 0x9b, 0x6c, 0x6a, 0x99, 0xb7, 0xa6, 0x8c, 0x92, 0xaf, 0xbc, 0xb2,
    0x8b, 0x5f, 0x57, 0x78, 0x97, 0x8e, 0x71, 0x73, 0x99, 0xbb, 0xc4, 0xb5, 0x98, 0x7a, 0x7b, 0x9a,
    0xa9, 0x9e, 0x97, 0x92, 0x8f, 0x9c, 0xa6, 0x9e, 0x92, 0x9b, 0xb6, 0xcd, 0xd3, 0x99, 0x28, 0x20,
    0x88, 0xd2, 0xc2, 0x89, 0x71, 0x88, 0xa4, 0xb6, 0xb9, 0x94, 0x6d, 0x7b, 0xaa, 0xb7, 0x95, 0x7e,
    0x94, 0xb6, 0xbe, 0xad, 0x84, 0x61, 0x64, 0x7d, 0x8f, 0x82, 0x6b, 0x78, 0x9f, 0xbd, 0xc3, 0xb2,
    0x95, 0x80, 0x83, 0x9c, 0xa4, 0x97, 0x96, 0x98, 0x96, 0x9c, 0xa3, 0x9a, 0x93, 0xa4, 0xc4, 0xd9,
    0xc4, 0x5f, 0x11, 0x47, 0xad, 0xd0, 0xa9, 0x7e, 0x7a, 0x94, 0xaf, 0xc2, 0xad, 0x76, 0x61, 0x8f,
    0xbc, 0xb0, 0x90, 0x87, 0x9f, 0xb9, 0xb9, 0x9e, 0x72, 0x5c, 0x73, 0x92, 0x8e, 0x72, 0x66, 0x82,
    0xa7, 0xbc, 0xbf, 0xae, 0x8f, 0x7f, 0x8b, 0x9f, 0xa4, 0x9c, 0x98, 0x94, 0x94, 0x9e, 0xa0, 0x98,
    0x99, 0xae, 0xcc, 0xd8, 0x9f, 0x31, 0x19, 0x74, 0xc7, 0xc7, 0x95, 0x78, 0x85, 0x9e, 0xb5, 0xc4,
    0xa1, 0x67, 0x66, 0xa2, 0xbb, 0x9f, 0x87, 0x92, 0xae, 0xb9, 0xaf, 0x90, 0x67, 0x61, 0x85, 0x9a,
    0x84, 0x63, 0x69, 0x99, 0xba, 0xba, 0xb2, 0xa1, 0x86, 0x83, 0x98, 0xa1, 0x94, 0x91, 0x9b, 0xa0,
    0xa1, 0x9f, 0x94, 0x8e, 0x97, 0xb4, 0xd9, 0xdc, 0x90, 0x25, 0x2a, 0x8e, 0xcc, 0xb3, 0x80, 0x76,
    0x92, 0xad, 0xbd, 0xba, 0x8c, 0x60, 0x78, 0xb6, 0xbc, 0x90, 0x79, 0x93, 0xbb, 0xc2, 0xa8, 0x82,
    0x66, 0x6d, 0x8e, 0x9b, 0x7e, 0x5d, 0x6b, 0xa3, 0xc4, 0xbc, 0xaa, 0x99, 0x86, 0x87, 0x99, 0x9f,
    0x8f, 0x87, 0x93, 0xa2, 0xaa, 0x9f, 0x8c, 0x89, 0x93, 0xa8, 0xcb, 0xdc, 0xb1, 0x49, 0x26, 0x7d,
    0xc8, 0xba, 0x87, 0x74, 0x86, 0x9d, 0xb0, 0xb8, 0x99, 0x6e, 0x74, 0xa5, 0xba, 0x9b, 0x82, 0x91,
    0xab, 0xb0, 0xac, 0x9b, 0x79, 0x69, 0x7f, 0x94, 0x87, 0x6d, 0x72, 0x97, 0xb2, 0xb6, 0xb0, 0x9f,
    0x88, 0x86, 0x9d, 0xa8, 0x92, 0x7d, 0x85, 0x9d, 0xae, 0xa8, 0x90, 0x7d, 0x7e, 0x91, 0xae, 0xd0,
    0xd7, 0xb2, 0x66, 0x40, 0x77, 0xb5, 0xb4, 0x8d, 0x76, 0x84, 0xa0, 0xa8, 0xa2, 0x92, 0x7d, 0x7e,
    0xa1, 0xb5, 0x9b, 0x8a, 0x94, 0xa7, 0xb3, 0xb0, 0x9a, 0x79, 0x6a, 0x7a, 0x86, 0x80, 0x7c, 0x8b,
    0xa1, 0xa9, 0xa8, 0xa3, 0x9a, 0x93, 0x99, 0xa4, 0x9f, 0x88, 0x83, 0x9c, 0xac, 0x9f, 0x88, 0x7c,
    0x80, 0x8a, 0x8d, 0x8d, 0x96, 0xab, 0xcd, 0xe6, 0xc0, 0x61, 0x40, 0x80, 0xbb, 0xb8, 0x8c, 0x69,
    0x6a, 0x8d, 0xb2, 0xb6, 0x97, 0x7c, 0x86, 0xa5, 0xac, 0x99, 0x8d, 0x91, 0xa5, 0xb6, 0xa8, 0x7f,
    0x63, 0x71, 0x93, 0x9f, 0x95, 0x88, 0x81, 0x89, 0x9d, 0xad, 0xab, 0x9a, 0x90, 0x99, 0xa5, 0xa5,
    0x9c, 0x93, 0x85, 0x7b, 0x8a, 0x9d, 0x95, 0x88, 0x8a, 0x8c, 0x86, 0x8c, 0xa2, 0xbc, 0xd1, 0xd2,
    0xa9, 0x68, 0x5d, 0x88, 0x9d, 0x91, 0x83, 0x7e, 0x88, 0x9d, 0xad, 0xad, 0x94, 0x85, 0x96, 0xaa,
    0xa0, 0x85, 0x79, 0x83, 0x9c, 0xae, 0xa5, 0x8a, 0x81, 0x92, 0xa2, 0x9a, 0x85, 0x75, 0x7b, 0x94,
    0xa9, 0xae, 0xa7, 0x9b, 0x9a, 0xa7, 0xa0, 0x83, 0x72, 0x7e, 0x8f, 0x97, 0x9d, 0x9b, 0x8b, 0x86,
    0x94, 0x9d, 0x98, 0x93, 0x9f, 0xc1, 0xd6, 0xb2, 0x65, 0x47, 0x82, 0xb8, 0xaa, 0x82, 0x73, 0x7e,
    0x95, 0xac, 0xb6, 0xa5, 0x87, 0x83, 0x95, 0x97, 0x86, 0x86, 0x94, 0xa2, 0xa8, 0x9c, 0x8a, 0x86,
    0x96, 0xa5, 0x9a, 0x81, 0x77, 0x81, 0x9b, 0xab, 0xa6, 0x98, 0x8d, 0x90, 0x9d, 0x9f, 0x8e, 0x83,
    0x8c, 0x98, 0x96, 0x8e, 0x89, 0x88, 0x93, 0xa6, 0xa6, 0x91, 0x88, 0x97, 0xb3, 0xc9, 0xb8, 0x75,
    0x4f, 0x7d, 0xb2, 0xa8, 0x7f, 0x74, 0x8a, 0xa4, 0xac, 0xa7, 0x92, 0x7a, 0x85, 0xa6, 0xae, 0x92,
    0x7e, 0x84, 0x9a, 0xae, 0xab, 0x92, 0x7e, 0x88, 0xa0, 0xa6, 0x95, 0x81, 0x77, 0x83, 0x9b, 0xa7,
    0xa2, 0x94, 0x8e, 0x98, 0xa4, 0xa1, 0x91, 0x85, 0x85, 0x89, 0x92, 0x9c, 0x97, 0x8c, 0x8d, 0x96,
    0x9e, 0xa0, 0xa0, 0xa5, 0xb2, 0xb4, 0x8d, 0x62, 0x74, 0xa1, 0xaa, 0x90, 0x7b, 0x83, 0x97, 0x9e,
    0x9d, 0x9c, 0x99, 0x98, 0x99, 0x96, 0x8c, 0x8b, 0x94, 0x9f, 0xa5, 0xa0, 0x92, 0x8d, 0x98, 0xa3,
    0x99, 0x85, 0x78, 0x7a, 0x88, 0x99, 0xa2, 0xa3, 0xa1, 0xa1, 0x9f, 0x9a, 0x91, 0x8a, 0x89, 0x90,
    0x95, 0x90, 0x8b, 0x8a, 0x8f, 0x99, 0xa5, 0xa1, 0x95, 0x97, 0xa4, 0xb6, 0xb8, 0x83, 0x58, 0x79,
    0xa7, 0xaa, 0x91, 0x7d, 0x7f, 0x93, 0xa9, 0xb3, 0xa0, 0x81, 0x7e, 0x97, 0xa8, 0x9d, 0x8d, 0x8b,
    0x96, 0xa5, 0xa9, 0x9c, 0x8a, 0x87, 0x90, 0x94, 0x8e, 0x85, 0x82, 0x8a, 0x9e, 0xac, 0xa5, 0x96,
    0x93, 0x99, 0x9b, 0x96, 0x90, 0x8f, 0x8e, 0x8b, 0x8d, 0x91, 0x91, 0x93, 0x9a, 0xa0, 0x9b, 0x91,
    0x95, 0xa4, 0xb4, 0xba, 0x95, 0x62, 0x6f, 0x9e, 0xa8, 0x91, 0x83, 0x8e, 0x9b, 0x99, 0x97, 0x99,
    0x97, 0x93, 0x98, 0x99, 0x8d, 0x88, 0x95, 0xa5, 0xab, 0xa0, 0x8b, 0x82, 0x8b, 0x97, 0x9a, 0x92,
    0x8c, 0x8a, 0x8b, 0x94, 0x9c, 0x9a, 0x98, 0x9b, 0x9e, 0x9b, 0x93, 0x8c, 0x8c, 0x8f, 0x94, 0x97,
    0x96, 0x8f, 0x8e, 0x95, 0x99, 0x97, 0x92, 0x95, 0x9c, 0xa3, 0xaf, 0xb2, 0x8d, 0x67, 0x7d, 0xa6,
    0xa4, 0x87, 0x7f, 0x8d, 0x9b, 0xa0, 0xa1, 0x9a, 0x89, 0x86, 0x99, 0xa2, 0x97, 0x8f, 0x94, 0x9b,
    0x9d, 0x96, 0x90, 0x92, 0x99, 0x9f, 0x99, 0x8c, 0x7f, 0x7d, 0x8c, 0x9c, 0xa0, 0x9d, 0x9b, 0x9a,
    0x98, 0x94, 0x94, 0x97, 0x97, 0x93, 0x91, 0x90, 0x8e, 0x8d, 0x94, 0x9d, 0x9d, 0x99, 0x96, 0x92,
    0x93, 0x9f, 0xb6, 0xb3, 0x7f, 0x5f, 0x83, 0xa7, 0xa6, 0x97, 0x8c, 0x8b, 0x8f, 0x99, 0xa7, 0x9f,
    0x85, 0x83, 0x98, 0xa2, 0x99, 0x92, 0x95, 0x9f, 0xa2, 0x9b, 0x90, 0x8a, 0x8d, 0x94, 0x96, 0x8e,
    0x80, 0x82, 0x95, 0xa0, 0xa0, 0x9a, 0x94, 0x96, 0x9b, 0xa0, 0x9c, 0x92, 0x8d, 0x8d, 0x91, 0x94,
    0x91, 0x92, 0x97, 0x9a, 0x98, 0x91, 0x8c, 0x8e, 0x96, 0xa7, 0xb9, 0xa7, 0x79, 0x6f, 0x92, 0xa7,
    0x9b, 0x8e, 0x93, 0x97, 0x93, 0x95, 0x9b, 0x92, 0x87, 0x91, 0x9e, 0x9f, 0x99, 0x97, 0x98, 0x97,
    0x95, 0x91, 0x8b, 0x8a, 0x94, 0x9d, 0x98, 0x85, 0x7e, 0x8f, 0x9c, 0x9b, 0x9a, 0x9a, 0x98, 0x97,
    0x9f, 0xa0, 0x93, 0x8a, 0x90, 0x98, 0x94, 0x8e, 0x90, 0x91, 0x8e, 0x92, 0x96, 0x92, 0x8d, 0x8e,
    0x9d, 0xb3, 0xbb, 0xa4, 0x76, 0x6e, 0x96, 0xad, 0xa0, 0x8b, 0x86, 0x8d, 0x94, 0x9a, 0x9b, 0x8f,
    0x8b, 0x97, 0xa3, 0x9f, 0x90, 0x89, 0x8e, 0x95, 0x99, 0x96, 0x91, 0x90, 0x96, 0x9c, 0x95, 0x84,
    0x7f, 0x8d, 0x9a, 0x9d, 0xa1, 0x9e, 0x94, 0x90, 0x98, 0xa1, 0x9c, 0x92, 0x90, 0x8d, 0x8a, 0x8f,
    0x91, 0x8c, 0x8a, 0x92, 0x99, 0x97, 0x93, 0x94, 0x9e, 0xb4, 0xc4, 0xac, 0x78, 0x68, 0x8c, 0xa7,
    0x9f, 0x8d, 0x89, 0x8f, 0x94, 0x99, 0x9b, 0x92, 0x89, 0x90, 0x9e, 0x9e, 0x91, 0x8d, 0x93, 0x9a,
    0x9e, 0x9c, 0x96, 0x92, 0x93, 0x94, 0x8b, 0x81, 0x85, 0x94, 0x9e, 0x9f, 0x9e, 0x98, 0x8f, 0x91,
    0x9d, 0xa1, 0x96, 0x8c, 0x90, 0x92, 0x8d, 0x8f, 0x92, 0x8d, 0x8b, 0x94, 0x9b, 0x99, 0x95, 0x95,
    0x9b, 0xad, 0xc1, 0xb7, 0x86, 0x63, 0x7d, 0xab, 0xad, 0x92, 0x82, 0x82, 0x8a, 0x95, 0x9f, 0x98,
    0x86, 0x8b, 0xa7, 0xad, 0x95, 0x83, 0x89, 0x9a, 0xa7, 0xa6, 0x95, 0x86, 0x89, 0x9a, 0x9d, 0x8c,
    0x81, 0x89, 0x98, 0xa0, 0x9e, 0x94, 0x89, 0x8e, 0xa4, 0xa8, 0x96, 0x88, 0x8a, 0x91, 0x92, 0x90,
    0x8d, 0x8a, 0x90, 0x9f, 0xa0, 0x94, 0x8c, 0x90, 0x9a, 0xaf, 0xc4, 0xbe, 0x92, 0x67, 0x74, 0x9e,
    0xa7, 0x8f, 0x7f, 0x7e, 0x87, 0x96, 0xa4, 0xa2, 0x8f, 0x8c, 0xa2, 0xac, 0x98, 0x82, 0x85, 0x96,
    0xa6, 0xab, 0x9c, 0x85, 0x80, 0x94, 0xa4, 0x98, 0x82, 0x7d, 0x8a, 0x97, 0x9e, 0x9b, 0x90, 0x8e,
    0x9c, 0xa4, 0x9d, 0x92, 0x8c, 0x8e, 0x93, 0x97, 0x92, 0x89, 0x89, 0x92, 0x9b, 0x9b, 0x96, 0x90,
    0x8e, 0x99, 0xb3, 0xc6, 0xbb, 0x8e, 0x63, 0x6d, 0x96, 0xa6, 0x97, 0x84, 0x82, 0x8e, 0x99, 0x9e,
    0x9e, 0x96, 0x92, 0x9a, 0x9e, 0x94, 0x88, 0x8d, 0x9b, 0xa4, 0xa2, 0x96, 0x8c, 0x8d, 0x95, 0x94,
    0x8e, 0x88, 0x87, 0x8b, 0x91, 0x94, 0x95, 0x9a, 0x9f, 0x9f, 0xa0, 0x9f, 0x97, 0x8c, 0x87, 0x8e,
    0x8f, 0x8d, 0x91, 0x99, 0x9f, 0x9f, 0x95, 0x8a, 0x89, 0x93, 0xa2, 0xb2, 0xbe, 0xb4, 0x8c, 0x65,
    0x74, 0xa2, 0xab, 0x91, 0x7f, 0x82, 0x8b, 0x95, 0xa2, 0xa7, 0x95, 0x88, 0x94, 0x9e, 0x99, 0x90,
    0x91, 0x97, 0x9d, 0x9d, 0x99, 0x92, 0x8e, 0x90, 0x94, 0x8e, 0x83, 0x84, 0x90, 0x98, 0x98, 0x9b,
    0x9f, 0x9c, 0x99, 0x9d, 0x9b, 0x8d, 0x83, 0x89, 0x92, 0x92, 0x91, 0x99, 0xa0, 0xa0, 0x96, 0x89,
    0x83, 0x8a, 0x9e, 0xb4, 0xbf, 0xbd, 0xa0, 0x6b, 0x5f, 0x8c, 0xaf, 0xa2, 0x85, 0x7c, 0x87, 0x92,
    0x9c, 0xa5, 0x9f, 0x8e, 0x8d, 0x9e, 0x9e, 0x90, 0x8c, 0x97, 0xa1, 0x9e, 0x96, 0x8f, 0x8c, 0x91,
    0x98, 0x95, 0x88, 0x84, 0x8d, 0x97, 0x96, 0x91, 0x95, 0x9c, 0x9e, 0x9e, 0x9c, 0x93, 0x8a, 0x8c,
    0x93, 0x91, 0x8a, 0x8c, 0x98, 0xa2, 0x9d, 0x8f, 0x86, 0x8d, 0xa5, 0xbe, 0xc9, 0xbe, 0x94, 0x5d,
    0x5c, 0x8e, 0xae, 0xa0, 0x83, 0x7b, 0x8d, 0x9f, 0xa6, 0xa6, 0x97, 0x87, 0x8d, 0x9f, 0xa0, 0x8f,
    0x88, 0x96, 0xa5, 0xa4, 0x9a, 0x91, 0x8d, 0x93, 0x99, 0x90, 0x7e, 0x7a, 0x8a, 0x9a, 0x9a, 0x95,
    0x9a, 0xa1, 0xa1, 0x9f, 0x9c, 0x91, 0x88, 0x89, 0x8e, 0x8e, 0x8d, 0x91, 0x96, 0x9b, 0x9d, 0x96,
    0x90, 0x99, 0xae, 0xc3, 0xc4, 0xac, 0x79, 0x55, 0x70, 0x9e, 0xa6, 0x8f, 0x7f, 0x88, 0x99, 0xa0,
    0xa4, 0xa0, 0x91, 0x8b, 0x94, 0x9d, 0x93, 0x86, 0x8f, 0xa6, 0xb0, 0xa4, 0x94, 0x8b, 0x8a, 0x90,
    0x92, 0x84, 0x76, 0x7d, 0x94, 0xa1, 0x9d, 0x9a, 0x9e, 0x9f, 0xa1, 0xa2, 0x95, 0x82, 0x80, 0x8c,
    0x92, 0x92, 0x93, 0x91, 0x93, 0x9e, 0xa7, 0xa3, 0x98, 0x9b, 0xb2, 0xc6, 0xbb, 0x83, 0x50, 0x65,
    0x9c, 0xaf, 0x96, 0x7a, 0x7e, 0x96, 0xa5, 0xa9, 0xa2, 0x8c, 0x84, 0x96, 0xa6, 0x9f, 0x8a, 0x88,
    0xa0, 0xb1, 0xa8, 0x91, 0x80, 0x80, 0x8c, 0x98, 0x97, 0x81, 0x71, 0x81, 0x9f, 0xad, 0xa9, 0xa1,
    0x97, 0x93, 0x9b, 0xa1, 0x95, 0x7f, 0x7b, 0x88, 0x95, 0x9d, 0x99, 0x8f, 0x8f, 0x9c, 0xab, 0xb2,
    0xb2, 0xb5, 0xbb, 0xa7, 0x6b, 0x51, 0x7c, 0xa6, 0xa2, 0x86, 0x78, 0x85, 0x98, 0xa8, 0xb0, 0x9f,
    0x84, 0x88, 0xa4, 0xac, 0x97, 0x85, 0x8a, 0xa0, 0xb2, 0xa9, 0x8e, 0x7b, 0x80, 0x8f, 0x94, 0x8b,
    0x7d, 0x78, 0x87, 0xa2, 0xb1, 0xa7, 0x97, 0x96, 0x9f, 0xa5, 0x9b, 0x88, 0x7c, 0x7c, 0x89, 0x9a,
    0x9e, 0x96, 0x92, 0x95, 0xa0, 0xac, 0xb2, 0xbb, 0xc5, 0xba, 0x7e, 0x43, 0x5c, 0x9d, 0xb1, 0x97,
    0x7d, 0x7c, 0x8a, 0x98, 0xad, 0xb0, 0x93, 0x82, 0x97, 0xab, 0xa0, 0x8b, 0x8c, 0x9c, 0xa7, 0xa6,
    0x9b, 0x86, 0x77, 0x82, 0x96, 0x96, 0x82, 0x78, 0x82, 0x93, 0xa3, 0xad, 0xaa, 0xa1, 0x9b, 0x99,
    0x98, 0x91, 0x87, 0x85, 0x85, 0x89, 0x93, 0x9a, 0x98, 0x98, 0x9e, 0xa6, 0xac, 0xb6, 0xc8, 0xcd,
    0x97, 0x43, 0x40, 0x8a, 0xb6, 0xa3, 0x82, 0x7a, 0x84, 0x93, 0xa8, 0xb2, 0x9c, 0x82, 0x8d, 0xa8,
    0xa3, 0x8c, 0x88, 0x99, 0xae, 0xb3, 0xa2, 0x84, 0x6e, 0x75, 0x90, 0x9b, 0x89, 0x76, 0x7b, 0x90,
    0xa3, 0xab, 0xab, 0xa0, 0x98, 0x9c, 0xa0, 0x95, 0x84, 0x80, 0x87, 0x8b, 0x91, 0x9a, 0x9a, 0x94,
    0x95, 0xa7, 0xc2, 0xcc, 0xca, 0xb2, 0x6a, 0x3a, 0x61, 0xa1, 0xac, 0x89, 0x75, 0x84, 0x97, 0xa3,
    0xb3, 0xae, 0x8d, 0x7d, 0x93, 0xa9, 0x99, 0x82, 0x8a, 0xa5, 0xb5, 0xaf, 0x9c, 0x83, 0x6c, 0x71,
    0x90, 0x9d, 0x87, 0x75, 0x7f, 0x96, 0xa5, 0xad, 0xaf, 0xa2, 0x92, 0x91, 0x99, 0x97, 0x8f, 0x88,
    0x88, 0x8c, 0x92, 0x99, 0x9c, 0x99, 0x96, 0xa1, 0xbc, 0xd1, 0xce, 0x9f, 0x51, 0x45, 0x83, 0xae,
    0x9d, 0x7a, 0x75, 0x8c, 0x9f, 0xa9, 0xb1, 0xa1, 0x86, 0x88, 0xa5, 0xa9, 0x8d, 0x7e, 0x8f, 0xa7,
    0xaf, 0xa6, 0x91, 0x7b, 0x78, 0x8b, 0x98, 0x8c, 0x7e, 0x81, 0x8e, 0x9d, 0xa9, 0xa5, 0x95, 0x91,
    0x9d, 0xa4, 0x98, 0x8b, 0x8d, 0x92, 0x8e, 0x8e, 0x97, 0x9a, 0x96, 0x98, 0xa1, 0xac, 0xbb, 0xce,
    0xc8, 0x7f, 0x3c, 0x5d, 0xa0, 0xa9, 0x84, 0x70, 0x82, 0x9c, 0xa7, 0xab, 0xa3, 0x8a, 0x83, 0x9f,
    0xb7, 0xa3, 0x83, 0x80, 0x98, 0xab, 0xa4, 0x91, 0x80, 0x7a, 0x86, 0x99, 0x99, 0x85, 0x7b, 0x89,
    0x9a, 0xa3, 0xa2, 0x98, 0x91, 0x92, 0x99, 0x9c, 0x98, 0x94, 0x95, 0x8f, 0x87, 0x90, 0x9f, 0x9e,
    0x95, 0x9a, 0xac, 0xbf, 0xcd, 0xc5, 0x82, 0x3b, 0x59, 0xa6, 0xb8, 0x89, 0x64, 0x78, 0x9e, 0xac,
    0xae, 0xa2, 0x85, 0x7c, 0x9a, 0xbb, 0xac, 0x8b, 0x87, 0x9f, 0xb0, 0xa3, 0x88, 0x73, 0x70, 0x81,
    0x9a, 0x9f, 0x88, 0x79, 0x8e, 0xa6, 0xa5, 0x96, 0x91, 0x98, 0x9b, 0x9b, 0x96, 0x8c, 0x8e, 0x9e,
    0xa5, 0x97, 0x8c, 0x92, 0x97, 0x94, 0x96, 0xa4, 0xb5, 0xc5, 0xcb, 0x98, 0x49, 0x4e, 0x98, 0xbe,
    0x9c, 0x69, 0x67, 0x8d, 0xab, 0xb7, 0xac, 0x89, 0x76, 0x90, 0xb7, 0xb2, 0x92, 0x85, 0x95, 0xac,
    0xb0, 0x9a, 0x78, 0x63, 0x70, 0x91, 0x9d, 0x8c, 0x80, 0x8f, 0xa4, 0xa6, 0x9d, 0x97, 0x93, 0x8f,
    0x9a, 0xa3, 0x98, 0x86, 0x8a, 0x98, 0x9a, 0x96, 0x99, 0x9e, 0x9a, 0x9b, 0xa8, 0xbc, 0xc8, 0xb7,
    0x70, 0x3d, 0x67, 0xab, 0xbd, 0x95, 0x6b, 0x6f, 0x8e, 0xab, 0xbb, 0xa2, 0x77, 0x72, 0x9d, 0xc1,
    0xae, 0x8e, 0x8c, 0xa1, 0xb4, 0xb3, 0x97, 0x6e, 0x5c, 0x73, 0x94, 0x91, 0x7a, 0x78, 0x93, 0xac,
    0xb3, 0xa7, 0x96, 0x8b, 0x8b, 0x97, 0x9e, 0x95, 0x8d, 0x93, 0x9c, 0x9e, 0x97, 0x96, 0x9c, 0x9e,
    0xa2, 0xae, 0xc1, 0xc6, 0x91, 0x42, 0x4a, 0x95, 0xbb, 0xa7, 0x85, 0x7b, 0x84, 0x93, 0xac, 0xb6,
    0x91, 0x6b, 0x7b, 0xb0, 0xc1, 0xa3, 0x8a, 0x96, 0xad, 0xb3, 0xa8, 0x88, 0x66, 0x67, 0x84, 0x95,
    0x84, 0x73, 0x81, 0xa1, 0xb5, 0xb0, 0x9b, 0x8d, 0x8d, 0x97, 0x9a, 0x92, 0x8b, 0x91, 0x9e, 0xa5,
    0xa2, 0x95, 0x8f, 0x97, 0xa5, 0xb3, 0xbc, 0xc1, 0xac, 0x62, 0x3a, 0x70, 0xaf, 0xb4, 0x8e, 0x7b,
    0x89, 0x97, 0x9f, 0xac, 0xa4, 0x83, 0x71, 0x8f, 0xb0, 0xa7, 0x95, 0x96, 0xa9, 0xb6, 0xb3, 0x9c,
    0x78, 0x63, 0x72, 0x8b, 0x8c, 0x7b, 0x79, 0x8d, 0xa5, 0xb4, 0xb1, 0x9f, 0x8a, 0x87, 0x94, 0x97,
    0x90, 0x8c, 0x92, 0x99, 0xa2, 0xa7, 0xa1, 0x9a, 0x9b, 0xa8, 0xba, 0xc9, 0xbf, 0x74, 0x29, 0x51,
    0xa8, 0xc4, 0xa0, 0x79, 0x7f, 0x9c, 0xad, 0xb2, 0xa1, 0x7c, 0x6c, 0x8c, 0xb4, 0xa7, 0x8a, 0x8c,
    0xa4, 0xbb, 0xc0, 0xab, 0x82, 0x64, 0x70, 0x8d, 0x8b, 0x74, 0x72, 0x8d, 0xa8, 0xb2, 0xac, 0x9e,
    0x90, 0x8d, 0x98, 0x9b, 0x8f, 0x84, 0x85, 0x91, 0xa1, 0xa9, 0xa1, 0x97, 0x9d, 0xad, 0xbd, 0xcb,
    0xc9, 0x87, 0x2c, 0x3b, 0x99, 0xc5, 0xa5, 0x79, 0x7b, 0x9a, 0xad, 0xb5, 0xaf, 0x8b, 0x6a, 0x77,
    0xa6, 0xb0, 0x8e, 0x7e, 0x97, 0xba, 0xc5, 0xb0, 0x88, 0x6b, 0x70, 0x8f, 0x97, 0x7b, 0x67, 0x79,
    0xa0, 0xb9, 0xb7, 0xa3, 0x8d, 0x85, 0x99, 0xa7, 0x96, 0x81, 0x80, 0x8c, 0x99, 0xa6, 0xa4, 0x94,
    0x8e, 0x9a, 0xb0, 0xc9, 0xd5, 0xba, 0x64, 0x29, 0x64, 0xb6, 0xbd, 0x90, 0x78, 0x89, 0x9f, 0xa9,
    0xb0, 0xa4, 0x82, 0x75, 0x94, 0xb4, 0x9d, 0x7b, 0x7f, 0x9c, 0xb9, 0xbc, 0xa6, 0x83, 0x69, 0x75,
    0x96, 0x96, 0x7f, 0x75, 0x89, 0xa6, 0xb3, 0xae, 0x9e, 0x8f, 0x90, 0x9e, 0xa2, 0x93, 0x80, 0x7b,
    0x88, 0x98, 0xa0, 0x9e, 0x94, 0x8f, 0x92, 0x9f, 0xbb, 0xd4, 0xca, 0x91, 0x4a, 0x53, 0x9a, 0xb8,
    0x9d, 0x7f, 0x81, 0x96, 0xa2, 0xa3, 0xa1, 0x8c, 0x7a, 0x8e, 0xad, 0xa6, 0x86, 0x7f, 0x99, 0xb5,
    0xb8, 0xa6, 0x83, 0x6b, 0x76, 0x8e, 0x94, 0x89, 0x82, 0x8d, 0xa3, 0xad, 0xa5, 0x90, 0x8c, 0x9f,
    0xad, 0xa6, 0x8e, 0x78, 0x81, 0x95, 0x98, 0x8f, 0x8a, 0x8f, 0x92, 0x94, 0x96, 0x98, 0xa0, 0xbc,
    0xdd, 0xd4, 0x86, 0x44, 0x65, 0xa5, 0xb2, 0x93, 0x77, 0x78, 0x8f, 0xa6, 0xae, 0x9e, 0x7c, 0x79,
    0x9c, 0xb4, 0xa1, 0x88, 0x8e, 0xa7, 0xb0, 0xa2, 0x8d, 0x78, 0x74, 0x87, 0x9b, 0x9a, 0x8b, 0x88,
    0x90, 0x93, 0x96, 0xa0, 0xa5, 0xa5, 0xa4, 0x9d, 0x90, 0x89, 0x8e, 0x96, 0x8d, 0x82, 0x8d, 0x98,
    0x93, 0x8a, 0x85, 0x81, 0x8c, 0xaa, 0xd0, 0xe0, 0xca, 0x96, 0x60, 0x65, 0x96, 0xac, 0x94, 0x75,
    0x71, 0x8b, 0xa2, 0xa5, 0x9e, 0x95, 0x8e, 0x95, 0xa2, 0xa0, 0x89, 0x7d, 0x8c, 0xa6, 0xb1, 0xa2,
    0x89, 0x81, 0x92, 0xa3, 0x9f, 0x8a, 0x73, 0x73, 0x8e, 0xa9, 0xb0, 0xa6, 0x95, 0x8f, 0x99, 0xa8,
    0xa4, 0x88, 0x76, 0x80, 0x93, 0xa0, 0x9e, 0x92, 0x85, 0x85, 0x93, 0xa0, 0x98, 0x8b, 0x91, 0xb4,
    0xd5, 0xd1, 0x9d, 0x62, 0x69, 0x9d, 0xa9, 0x88, 0x70, 0x77, 0x93, 0xa6, 0xae, 0xa7, 0x8f, 0x7f,
    0x90, 0xa1, 0x92, 0x7a, 0x80, 0x9d, 0xb1, 0xb4, 0xa9, 0x98, 0x90, 0x95, 0x9b, 0x8e, 0x78, 0x7a,
    0x8b, 0x91, 0x91, 0x99, 0xa5, 0xa9, 0xa1, 0x9b, 0x92, 0x86, 0x87, 0x8f, 0x91, 0x8a, 0x89, 0x9a,
    0xac, 0xab, 0x98, 0x88, 0x8d, 0x9a, 0x99, 0x99, 0xad, 0xc1, 0xae, 0x77, 0x65, 0x8b, 0xa8, 0x9d,
    0x8a, 0x85, 0x88, 0x8d, 0x99, 0xa4, 0x9d, 0x8d, 0x8f, 0x9d, 0x9c, 0x90, 0x8f, 0x97, 0x9e, 0xa7,
    0xa6, 0x98, 0x8b, 0x93, 0x9b, 0x8b, 0x78, 0x7f, 0x8e, 0x94, 0x99, 0xa0, 0x9f, 0x96, 0x99, 0xa4,
    0x9f, 0x8a, 0x83, 0x8d, 0x96, 0x92, 0x8d, 0x91, 0x9a, 0xa2, 0xa4, 0x9b, 0x8e, 0x86, 0x8a, 0x9c,
    0xb2, 0xc0, 0xac, 0x74, 0x62, 0x92, 0xb0, 0x9b, 0x81, 0x80, 0x90, 0x9d, 0xa0, 0x9b, 0x8c, 0x86,
    0x98, 0xac, 0xa2, 0x88, 0x84, 0x96, 0xaa, 0xb0, 0xa3, 0x89, 0x7a, 0x8b, 0x9d, 0x94, 0x82, 0x82,
    0x91, 0x9e, 0x9f, 0x9a, 0x92, 0x90, 0x9a, 0xa2, 0x9e, 0x92, 0x8b, 0x8b, 0x8e, 0x94, 0x96, 0x97,
    0x9a, 0xa0, 0x9c, 0x90, 0x88, 0x88, 0x8f, 0x9b, 0xa9, 0xbc, 0xb4, 0x7e, 0x6b, 0x8e, 0xa0, 0x93,
    0x8b, 0x8f, 0x90, 0x92, 0x9b, 0xa1, 0x9a, 0x93, 0x97, 0x9e, 0x97, 0x8c, 0x90, 0x9a, 0x9c, 0x9c,
    0x9a, 0x8f, 0x8b, 0x98, 0x9e, 0x8f, 0x7e, 0x82, 0x92, 0x9b, 0x9d, 0x9c, 0x94, 0x91, 0x98, 0x9f,
    0x9b, 0x92, 0x90, 0x95, 0x98, 0x96, 0x92, 0x91, 0x90, 0x94, 0x9c, 0x98, 0x8e, 0x8d, 0x89, 0x8a,
    0xa2, 0xc0, 0xb9, 0x82, 0x69, 0x8e, 0xa9, 0x99, 0x8e, 0x94, 0x97, 0x91, 0x95, 0x98, 0x92, 0x91,
    0x9f, 0xaa, 0x98, 0x81, 0x86, 0x97, 0x99, 0x9e, 0x9e, 0x91, 0x86, 0x91, 0xa1, 0x99, 0x85, 0x83,
    0x95, 0x9f, 0x9b, 0x93, 0x8f, 0x8d, 0x96, 0xa4, 0xa7, 0x9a, 0x8e, 0x8f, 0x98, 0x99, 0x91, 0x8a,
    0x8b, 0x93, 0x9a, 0x96, 0x8e, 0x8d, 0x8e, 0x8d, 0x96, 0xaf, 0xc2, 0xaa, 0x78, 0x75, 0x9b, 0xa7,
    0x97, 0x8c, 0x88, 0x8b, 0x92, 0x9e, 0xa1, 0x94, 0x8e, 0x9e, 0xa1, 0x8e, 0x81, 0x8b, 0x97, 0x9e,
    0xa4, 0x9d, 0x89, 0x88, 0x9e, 0xa6, 0x92, 0x80, 0x84, 0x92, 0x9b, 0x9a, 0x96, 0x93, 0x97, 0xa0,
    0xa3, 0x9c, 0x96, 0x92, 0x90, 0x91, 0x91, 0x8d, 0x8e, 0x93, 0x94, 0x95, 0x91, 0x8e, 0x8e, 0x8d,
    0x8f, 0xa0, 0xb3, 0xc0, 0xad, 0x7b, 0x6f, 0x93, 0xa8, 0x9c, 0x89, 0x82, 0x8c, 0x98, 0xa1, 0xa1,
    0x97, 0x8e, 0x90, 0x95, 0x91, 0x8d, 0x91, 0x97, 0x9b, 0x9e, 0x98, 0x90, 0x92, 0x9b, 0x99, 0x8f,
    0x8a, 0x91, 0x9b, 0x99, 0x91, 0x91, 0x9a, 0xa1, 0x9f, 0x96, 0x91, 0x90, 0x92, 0x96, 0x9c, 0x91,
    0x81, 0x85, 0x97, 0x9f, 0x9c, 0x93, 0x8c, 0x8e, 0x96, 0x9c, 0xa0, 0xa9, 0xb3, 0xb0, 0x89, 0x6f,
    0x87, 0xa7, 0xa1, 0x8e, 0x85, 0x89, 0x8f, 0x96, 0xa2, 0x9c, 0x8a, 0x88, 0x9a, 0xa0, 0x97, 0x90,
    0x90, 0x93, 0x9b, 0x9f, 0x98, 0x91, 0x93, 0x99, 0x97, 0x94, 0x96, 0x98, 0x91, 0x8a, 0x8f, 0x9a,
    0x99, 0x95, 0x99, 0x9c, 0x93, 0x8b, 0x92, 0x9f, 0x97, 0x84, 0x88, 0x97, 0x9a, 0x97, 0x96, 0x91,
    0x90, 0x96, 0x9e, 0x9e, 0x9d, 0xa6, 0xb3, 0x9c, 0x72, 0x79, 0x9d, 0xa2, 0x90, 0x89, 0x87, 0x8e,
    0x9a, 0xa4, 0x9b, 0x86, 0x83, 0x9b, 0xaa, 0x9d, 0x8e, 0x8a, 0x90, 0x99, 0xa1, 0x9e, 0x93, 0x8e,
    0x94, 0x99, 0x98, 0x92, 0x8e, 0x8d, 0x8d, 0x93, 0x9b, 0x97, 0x8e, 0x90, 0x95, 0x97, 0x98, 0x9a,
    0x9b, 0x93, 0x8a, 0x8f, 0x9c, 0x9d, 0x94, 0x8b, 0x8e, 0x96, 0x9b, 0x9a, 0x97, 0x91, 0x97, 0xaa,
    0xb2, 0x95, 0x70, 0x77, 0x9d, 0xac, 0x9d, 0x8d, 0x89, 0x91, 0x96, 0x9b, 0x98, 0x8f, 0x90, 0x9f,
    0xa0, 0x8f, 0x85, 0x8e, 0x9f, 0xa7, 0xa3, 0x92, 0x85, 0x8a, 0x9c, 0xa5, 0x9c, 0x8e, 0x88, 0x8c,
    0x92, 0x94, 0x91, 0x8e, 0x91, 0x9b, 0xa1, 0x9f, 0x98, 0x96, 0x97, 0x98, 0x97, 0x96, 0x8f, 0x8c,
    0x8e, 0x92, 0x94, 0x93, 0x94, 0x95, 0x93, 0x95, 0x9e, 0xa8, 0xaa, 0x90, 0x7a, 0x8c, 0xa7, 0xa4,
    0x94, 0x90, 0x92, 0x90, 0x8b, 0x93, 0x96, 0x8f, 0x91, 0x9f, 0x9e, 0x8f, 0x8a, 0x93, 0x9d, 0xa2,
    0xa0, 0x94, 0x8a, 0x8f, 0x9d, 0xa0, 0x97, 0x8b, 0x88, 0x89, 0x8f, 0x98, 0x9a, 0x94, 0x94, 0x9e,
    0xa4, 0x9e, 0x95, 0x94, 0x94, 0x93, 0x94, 0x94, 0x90, 0x8b, 0x8d, 0x90, 0x94, 0x95, 0x92, 0x8c,
    0x8f, 0x95, 0xa0, 0xae, 0xb5, 0xa1, 0x82, 0x83, 0x9f, 0xae, 0x99, 0x83, 0x7c, 0x85, 0x92, 0x9d,
    0x99, 0x8d, 0x8e, 0x9d, 0xa6, 0x99, 0x8d, 0x8a, 0x92, 0x9f, 0xa6, 0x99, 0x8a, 0x8a, 0x9c, 0xa4,
    0x9a, 0x8c, 0x86, 0x85, 0x8b, 0x96, 0x9b, 0x9d, 0x9b, 0x9b, 0x9c, 0x9c, 0x99, 0x96, 0x94, 0x93,
    0x91, 0x8f, 0x90, 0x8e, 0x8c, 0x8e, 0x94, 0x96, 0x8f, 0x8d, 0x91, 0x95, 0x99, 0xac, 0xbf, 0xb9,
    0x92, 0x78, 0x8b, 0xa4, 0x9e, 0x86, 0x7e, 0x83, 0x8d, 0x92, 0x96, 0x95, 0x92, 0x98, 0xa4, 0xa3,
    0x90, 0x87, 0x92, 0xa2, 0xa3, 0x98, 0x8b, 0x8d, 0x97, 0xa1, 0x9e, 0x92, 0x85, 0x85, 0x90, 0x98,
    0x97, 0x95, 0x94, 0x95, 0x97, 0x9c, 0x9e, 0x96, 0x95, 0x9d, 0x9d, 0x8f, 0x88, 0x8c, 0x92, 0x8f,
    0x8d, 0x8b, 0x8b, 0x8c, 0x94, 0x97, 0x97, 0x9f, 0xb1, 0xc1, 0xba, 0x9d, 0x78, 0x7a, 0x95, 0xa6,
    0x93, 0x7e, 0x7a, 0x87, 0x92, 0x9c, 0xa1, 0x9a, 0x95, 0x98, 0x9f, 0x96, 0x8f, 0x8f, 0x9a, 0x9e,
    0x9d, 0x95, 0x90, 0x95, 0x9f, 0x9f, 0x91, 0x85, 0x82, 0x8b, 0x92, 0x96, 0x95, 0x95, 0x96, 0x98,
    0x9e, 0xa0, 0x9d, 0x99, 0x99, 0x97, 0x90, 0x86, 0x87, 0x8c, 0x90, 0x91, 0x94, 0x93, 0x90, 0x90,
    0x90, 0x96, 0x9e, 0xa7, 0xae, 0xb6, 0xb5, 0xa2, 0x7e, 0x77, 0x95, 0xa8, 0x94, 0x7a, 0x7c, 0x8a,
    0x8d, 0x8d, 0x9d, 0xa2, 0x9b, 0x98, 0xa2, 0x9e, 0x90, 0x8a, 0x94, 0x9a, 0x97, 0x97, 0x99, 0x9a,
    0x95, 0x94, 0x94, 0x93, 0x8e, 0x8d, 0x8c, 0x8b, 0x8f, 0x97, 0x96, 0x92, 0x93, 0xa0, 0xac, 0xa7,
    0x97, 0x89, 0x83, 0x83, 0x8b, 0x91, 0x92, 0x91, 0x96, 0x9a, 0x96, 0x92, 0x97, 0x9e, 0xa2, 0xa7,
    0xac, 0xae, 0xa7, 0x8c, 0x75, 0x81, 0xa3, 0xaa, 0x8e, 0x77, 0x7b, 0x8a, 0x90, 0x9c, 0xa4, 0x9b,
    0x8e, 0x9a, 0xa5, 0x9b, 0x8c, 0x8c, 0x94, 0x9b, 0x9f, 0x9d, 0x96, 0x8f, 0x94, 0x9a, 0x95, 0x86,
    0x82, 0x89, 0x90, 0x93, 0x97, 0x97, 0x92, 0x97, 0xa6, 0xad, 0x9e, 0x8d, 0x87, 0x8a, 0x8e, 0x91,
    0x91, 0x91, 0x90, 0x92, 0x96, 0x99, 0x95, 0x95, 0x96, 0x9b, 0xa2, 0xa9, 0xb1, 0xb9, 0xab, 0x81,
    0x6f, 0x88, 0xa3, 0x93, 0x78, 0x73, 0x8b, 0x94, 0x99, 0xa3, 0xa2, 0x90, 0x90, 0xa4, 0xa5, 0x95,
    0x88, 0x93, 0x9b, 0x9e, 0x9a, 0x98, 0x92, 0x90, 0x93, 0x97, 0x91, 0x86, 0x85, 0x85, 0x89, 0x93,
    0x9f, 0x9c, 0x98, 0x9a, 0xa3, 0xa4, 0x9b, 0x92, 0x8d, 0x8b, 0x8c, 0x92, 0x91, 0x8d, 0x8d, 0x93,
    0x99, 0x99, 0x96, 0x91, 0x98, 0xa6, 0xb4, 0xb7, 0xb7, 0xa3, 0x7b, 0x6e, 0x8d, 0xa9, 0x99, 0x7a,
    0x70, 0x86, 0x93, 0x9a, 0xa1, 0xa1, 0x97, 0x99, 0xa5, 0x9f, 0x8f, 0x88, 0x95, 0xa0, 0xa0, 0x96,
    0x91, 0x91, 0x94, 0x97, 0x96, 0x8d, 0x82, 0x85, 0x8c, 0x8f, 0x92, 0x98, 0x9a, 0x9a, 0x9d, 0xa3,
    0xa3, 0x9d, 0x94, 0x8c, 0x87, 0x89, 0x8f, 0x8f, 0x8c, 0x8d, 0x92, 0x95, 0x99, 0x9b, 0x9a, 0xa1,
    0xb3, 0xbf, 0xbb, 0xaa, 0x83, 0x66, 0x75, 0x9e, 0xa9, 0x90, 0x76, 0x78, 0x8c, 0x97, 0x9d, 0x9f,
    0x9c, 0x97, 0xa0, 0xa1, 0x96, 0x8b, 0x8e, 0x98, 0xa3, 0xa2, 0x95, 0x8e, 0x8e, 0x92, 0x91, 0x8e,
    0x88, 0x84, 0x87, 0x90, 0x92, 0x92, 0x97, 0x9e, 0xa1, 0xa2, 0xa3, 0x9f, 0x94, 0x8e, 0x8b, 0x84,
    0x81, 0x88, 0x93, 0x93, 0x92, 0x95, 0x9b, 0x9c, 0x9b, 0xa4, 0xaf, 0xb2, 0xb1, 0xaf, 0x8c, 0x67,
    0x70, 0x9e, 0xae, 0x94, 0x7b, 0x7c, 0x89, 0x8e, 0x9e, 0xa4, 0x96, 0x8a, 0x9d, 0xab, 0x9d, 0x8a,
    0x8e, 0xa1, 0xa6, 0xa0, 0x92, 0x87, 0x86, 0x94, 0x9d, 0x90, 0x7b, 0x79, 0x89, 0x97, 0x9b, 0x9c,
    0x9a, 0x97, 0x9b, 0xa1, 0xa2, 0x9b, 0x90, 0x8d, 0x8f, 0x88, 0x82, 0x86, 0x91, 0x96, 0x97, 0x97,
    0x97, 0x96, 0x99, 0xa5, 0xad, 0xb0, 0xb7, 0xb6, 0x8d, 0x66, 0x73, 0x9f, 0xa8, 0x8e, 0x7d, 0x80,
    0x89, 0x8c, 0x9d, 0xa5, 0x99, 0x8d, 0x9e, 0xa9, 0x9c, 0x88, 0x89, 0x9e, 0xa9, 0xa1, 0x8e, 0x86,
    0x8b, 0x9b, 0xa0, 0x92, 0x79, 0x72, 0x83, 0x97, 0xa0, 0xa1, 0x9d, 0x96, 0x99, 0xa3, 0xa5, 0x97,
    0x8a, 0x8a, 0x92, 0x91, 0x8c, 0x89, 0x8b, 0x93, 0x9b, 0x9c, 0x98, 0x93, 0x97, 0xa8, 0xb6, 0xb9,
    0xb4, 0xa0, 0x7a, 0x6d, 0x8b, 0xab, 0x9e, 0x7d, 0x76, 0x8a, 0x95, 0x98, 0xa0, 0x9f, 0x94, 0x92,
    0x9f, 0x9e, 0x8f, 0x85, 0x93, 0xa8, 0xae, 0x9e, 0x8c, 0x87, 0x90, 0x9e, 0x9f, 0x8c, 0x74, 0x73,
    0x84, 0x97, 0x9d, 0x9e, 0x9f, 0xa2, 0xa4, 0xa0, 0x97, 0x8c, 0x8c, 0x92, 0x93, 0x8e, 0x8b, 0x8b,
    0x8d, 0x95, 0x9d, 0x9e, 0x97, 0x96, 0xa1, 0xaf, 0xb9, 0xb8, 0xa2, 0x77, 0x6a, 0x8a, 0xac, 0x9e,
    0x7f, 0x77, 0x8a, 0x96, 0x9a, 0xa3, 0x9c, 0x8b, 0x87, 0x9c, 0xa2, 0x98, 0x8a, 0x92, 0xa1, 0xaa,
    0xa4, 0x97, 0x8a, 0x87, 0x94, 0x99, 0x90, 0x80, 0x7d, 0x81, 0x8a, 0x93, 0x9f, 0xa3, 0xa0, 0x9f,
    0xa3, 0xa1, 0x94, 0x8e, 0x8d, 0x8d, 0x8d, 0x94, 0x96, 0x8d, 0x86, 0x8d, 0x9f, 0xa3, 0xa2, 0xa3,
    0xac, 0xb4, 0xb9, 0xa3, 0x75, 0x67, 0x8b, 0xb1, 0xa1, 0x80, 0x73, 0x87, 0x95, 0x9e, 0xa5, 0x9d,
    0x88, 0x87, 0x9e, 0xa5, 0x97, 0x87, 0x93, 0xa3, 0xab, 0xa1, 0x96, 0x8c, 0x8b, 0x94, 0x97, 0x8c,
    0x7c, 0x7d, 0x87, 0x8f, 0x92, 0x9c, 0xa2, 0x9f, 0x9f, 0xa4, 0xa3, 0x92, 0x89, 0x90, 0x96, 0x8d,
    0x8b, 0x95, 0x99, 0x90, 0x8b, 0x94, 0x98, 0x9d, 0xa8, 0xb9, 0xbb, 0xb3, 0x91, 0x6a, 0x6b, 0x98,
    0xb5, 0x9b, 0x79, 0x74, 0x8e, 0x9b, 0xa5, 0xa5, 0x99, 0x83, 0x88, 0x9d, 0xa0, 0x8f, 0x84, 0x96,
    0xac, 0xb1, 0x9d, 0x8f, 0x89, 0x8e, 0x95, 0x97, 0x8a, 0x7c, 0x7f, 0x89, 0x8d, 0x92, 0xa0, 0xa9,
    0xa0, 0x98, 0x9c, 0x9c, 0x90, 0x8c, 0x91, 0x91, 0x8c, 0x92, 0x9e, 0x9f, 0x93, 0x8b, 0x92, 0x99,
    0xa0, 0xa8, 0xb3, 0xb8, 0xaf, 0x82, 0x60, 0x72, 0xa7, 0xb6, 0x97, 0x79, 0x7b, 0x8f, 0x97, 0xa6,
    0xa6, 0x95, 0x80, 0x8b, 0x9e, 0x9d, 0x8a, 0x86, 0x9b, 0xaf, 0xb1, 0x9e, 0x8f, 0x86, 0x8c, 0x95,
    0x98, 0x88, 0x7b, 0x7e, 0x89, 0x91, 0x96, 0x9e, 0xa1, 0x9e, 0x9c, 0x9d, 0x96, 0x8b, 0x8a, 0x91,
    0x93, 0x94, 0x9b, 0xa2, 0x9e, 0x92, 0x8d, 0x91, 0x9d, 0xa7, 0xb0, 0xb6, 0xb3, 0x8a, 0x5f, 0x69,
    0x9f, 0xb9, 0x9e, 0x80, 0x7e, 0x90, 0x96, 0xa1, 0xa1, 0x92, 0x7f, 0x8c, 0xa1, 0x9b, 0x87, 0x85,
    0x9e, 0xae, 0xae, 0x9d, 0x91, 0x89, 0x8e, 0x93, 0x91, 0x86, 0x80, 0x86, 0x8c, 0x90, 0x97, 0xa0,
    0x9e, 0x98, 0x93, 0x96, 0x96, 0x92, 0x8d, 0x8e, 0x90, 0x95, 0x99, 0xa1, 0xa3, 0x9f, 0x95, 0x91,
    0x9b, 0xa4, 0xaa, 0xb2, 0xb2, 0x85, 0x5c, 0x6b, 0x9f, 0xab, 0x93, 0x84, 0x90, 0x9b, 0x94, 0x9c,
    0xa0, 0x93, 0x80, 0x8c, 0x9c, 0x9a, 0x8b, 0x8d, 0x9e, 0xa8, 0xa4, 0x9b, 0x96, 0x8e, 0x8f, 0x91,
    0x8c, 0x7e, 0x7c, 0x8b, 0x9b, 0x9d, 0x98, 0x96, 0x9b, 0xa0, 0xa0, 0x95, 0x8a, 0x87, 0x8a, 0x8c,
    0x8e, 0x92, 0x97, 0xa0, 0xa6, 0xa9, 0x9b, 0x93, 0x9c, 0xaf, 0xb8, 0xb7, 0x99, 0x62, 0x53, 0x7e,
    0xaf, 0xa5, 0x83, 0x7b, 0x97, 0xa4, 0xa5, 0xa4, 0x99, 0x84, 0x80, 0x95, 0x9d, 0x91, 0x85, 0x96,
    0xab, 0xae, 0x9a, 0x8d, 0x8d, 0x92, 0x99, 0x99, 0x87, 0x6f, 0x73, 0x8d, 0xa2, 0xa4, 0xa2, 0x9d,
    0x98, 0x97, 0x9e, 0x9a, 0x8c, 0x82, 0x87, 0x8d, 0x90, 0x8f, 0x91, 0x95, 0x9d, 0xaa, 0xad, 0xa9,
    0xa5, 0xac, 0xb7, 0xb4, 0x84, 0x57, 0x60, 0x92, 0xa6, 0x91, 0x7b, 0x85, 0x9f, 0xa8, 0xab, 0xa4,
    0x95, 0x84, 0x8e, 0x9b, 0x95, 0x7d, 0x81, 0xa3, 0xb9, 0xae, 0x93, 0x87, 0x87, 0x93, 0x9b, 0x97,
    0x7c, 0x6e, 0x80, 0x9c, 0xa5, 0x9f, 0x9d, 0x9d, 0x9c, 0x9e, 0x9e, 0x91, 0x81, 0x83, 0x8d, 0x90,
    0x8d, 0x8f, 0x96, 0x9b, 0xa3, 0xa5, 0xa7, 0xa9, 0xaf, 0xb5, 0xb8, 0x96, 0x63, 0x5c, 0x87, 0xa5,
    0x91, 0x78, 0x7e, 0x9b, 0xa5, 0xa9, 0xa5, 0x99, 0x88, 0x91, 0x9f, 0x9a, 0x84, 0x7b, 0x90, 0xa9,
    0xb2, 0x9f, 0x8d, 0x84, 0x8d, 0x95, 0x95, 0x88, 0x7b, 0x7f, 0x94, 0xa5, 0xa4, 0x9c, 0x94, 0x95,
    0x9b, 0xa3, 0x9d, 0x8b, 0x7c, 0x82, 0x8f, 0x99, 0x9a, 0x99, 0x98, 0x95, 0x97, 0x9b, 0xa4, 0xa7,
    0xac, 0xb5, 0xb4, 0x87, 0x60, 0x70, 0x9f, 0xa5, 0x87, 0x78, 0x87, 0x9b, 0xa1, 0xa7, 0xa2, 0x93,
    0x87, 0x96, 0xa4, 0x9b, 0x84, 0x82, 0x97, 0xaa, 0xa8, 0x96, 0x89, 0x86, 0x90, 0x98, 0x94, 0x81,
    0x77, 0x83, 0x9c, 0xaa, 0xaa, 0xa3, 0x9a, 0x94, 0x95, 0x9a, 0x97, 0x8c, 0x84, 0x89, 0x8f, 0x8f,
    0x90, 0x9a, 0xa3, 0xa0, 0x97, 0x92, 0x9a, 0xa2, 0xad, 0xb6, 0xaf, 0x88, 0x66, 0x78, 0xa2, 0xa8,
    0x8b, 0x79, 0x85, 0x9c, 0xa3, 0xa2, 0x98, 0x8d, 0x8a, 0x96, 0xa3, 0x9c, 0x89, 0x83, 0x97, 0xa9,
    0xa9, 0x99, 0x8c, 0x87, 0x8f, 0x97, 0x8e, 0x7d, 0x77, 0x8b, 0x9f, 0xa5, 0xa0, 0x9e, 0x9c, 0x9d,
    0xa2, 0xa0, 0x94, 0x84, 0x85, 0x8c, 0x90, 0x8e, 0x91, 0x9b, 0xa0, 0x9c, 0x93, 0x8f, 0x8c, 0x91,
    0x97, 0xa5, 0xb5, 0xbc, 0xa7, 0x7c, 0x72, 0x8f, 0xac, 0x9b, 0x86, 0x80, 0x8b, 0x92, 0x9b, 0xa1,
    0x98, 0x8a, 0x8d, 0xa4, 0xa0, 0x8b, 0x80, 0x92, 0xa6, 0xad, 0xa2, 0x8f, 0x85, 0x8a, 0x99, 0x99,
    0x8d, 0x7f, 0x82, 0x8e, 0x99, 0x9f, 0xa2, 0x9f, 0x9b, 0x9a, 0x9b, 0x98, 0x91, 0x8f, 0x8f, 0x90,
    0x90, 0x98, 0x9d, 0x9a, 0x91, 0x8b, 0x8c, 0x8c, 0x8a, 0x86, 0x8f, 0xa4, 0xc1, 0xc8, 0xb4, 0x89,
    0x73, 0x86, 0xa7, 0xa4, 0x84, 0x73, 0x7d, 0x97, 0xa2, 0xa4, 0x98, 0x8f, 0x8e, 0x9b, 0x9b, 0x8b,
    0x81, 0x8d, 0xa4, 0xaa, 0xa1, 0x92, 0x8e, 0x95, 0xa2, 0x9e, 0x8d, 0x7f, 0x81, 0x86, 0x8d, 0x97,
    0xa0, 0x9e, 0x99, 0x98, 0x9a, 0x99, 0x96, 0x98, 0x99, 0x96, 0x92, 0x98, 0x99, 0x96, 0x8e, 0x8d,
    0x8a, 0x87, 0x84, 0x88, 0x8a, 0x8d, 0x9a, 0xb1, 0xc7, 0xc3, 0xaa, 0x83, 0x7b, 0x8f, 0xa5, 0x95,
    0x7e, 0x7a, 0x8c, 0x9c, 0x9e, 0x99, 0x8d, 0x8c, 0x95, 0xa0, 0x92, 0x81, 0x81, 0x99, 0xab, 0xaa,
    0xa0, 0x96, 0x96, 0x9e, 0xa4, 0x96, 0x7f, 0x74, 0x80, 0x90, 0x96, 0x96, 0x98, 0x9a, 0x9d, 0x9f,
    0x9e, 0x97, 0x93, 0x97, 0x9e, 0x99, 0x8d, 0x88, 0x8e, 0x95, 0x96, 0x96, 0x92, 0x8b, 0x86, 0x87,
    0x8a, 0x8b, 0x93, 0xa4, 0xbb, 0xc6, 0xb8, 0x93, 0x82, 0x96, 0xa7, 0x94, 0x74, 0x6f, 0x7e, 0x92,
    0x9b, 0x9f, 0x96, 0x8e, 0x91, 0xa3, 0xa4, 0x91, 0x82, 0x88, 0x9a, 0xa1, 0xa1, 0x9e, 0x9d, 0x99,
    0x9a, 0x96, 0x8d, 0x80, 0x81, 0x8a, 0x92, 0x97, 0x9e, 0x9f, 0x99, 0x92, 0x97, 0xa2, 0xa1, 0x94,
    0x88, 0x86, 0x8a, 0x96, 0xa0, 0x9f, 0x92, 0x89, 0x8b, 0x8d, 0x87, 0x84, 0x8b, 0x96, 0xa1, 0xae,
    0xbf, 0xc5, 0xb3, 0x90, 0x7e, 0x86, 0x92, 0x89, 0x7c, 0x7d, 0x85, 0x8d, 0x97, 0xa3, 0xa7, 0xa1,
    0x9a, 0x97, 0x90, 0x87, 0x87, 0x91, 0x9b, 0xa1, 0xa4, 0xa1, 0x9b, 0x96, 0x95, 0x94, 0x8e, 0x88,
    0x88, 0x8a, 0x8b, 0x91, 0x9c, 0xa1, 0x9f, 0x9d, 0x9c, 0x98, 0x93, 0x90, 0x91, 0x90, 0x8e, 0x8d,
    0x91, 0x94, 0x93, 0x90, 0x8f, 0x8d, 0x8e, 0x95, 0x9c, 0xa1, 0xa3, 0xab, 0xb4, 0xb1, 0x96, 0x81,
    0x89, 0x99, 0x90, 0x7a, 0x76, 0x83, 0x96, 0xa0, 0xa4, 0x9c, 0x95, 0x95, 0x9c, 0x9a, 0x90, 0x8a,
    0x8e, 0x97, 0x9d, 0xa0, 0x9d, 0x99, 0x99, 0x9c, 0x96, 0x8e, 0x8a, 0x88, 0x87, 0x8b, 0x93, 0x9a,
    0x9a, 0x99, 0x9d, 0xa4, 0xa4, 0x9b, 0x8e, 0x86, 0x87, 0x8c, 0x90, 0x90, 0x8e, 0x8c, 0x94, 0x9e,
    0xa2, 0x98, 0x91, 0x90, 0x91, 0x93, 0x9a, 0xaa, 0xb2, 0xa8, 0x8d, 0x85, 0x93, 0x9e, 0x92, 0x84,
    0x81, 0x88, 0x8e, 0x92, 0x98, 0x98, 0x99, 0x9b, 0x9f, 0x96, 0x8e, 0x8e, 0x96, 0x9a, 0x9a, 0x9b,
    0x9b, 0x9d, 0x9c, 0x99, 0x90, 0x8e, 0x8e, 0x8d, 0x87, 0x87, 0x91, 0x9d, 0xa4, 0xa2, 0x98, 0x90,
    0x93, 0x97, 0x95, 0x8f, 0x89, 0x89, 0x92, 0x9b, 0x9b, 0x97, 0x9a, 0x9c, 0x94, 0x8a, 0x8b, 0x91,
    0x91, 0x8f, 0x97, 0xa8, 0xb3, 0xb0, 0x9a, 0x8b, 0x91, 0x9a, 0x8d, 0x81, 0x82, 0x88, 0x8b, 0x8e,
    0x97, 0x9b, 0x9c, 0x9d, 0xa1, 0x9a, 0x92, 0x90, 0x96, 0x9b, 0x9c, 0x9a, 0x95, 0x94, 0x98, 0x9b,
    0x95, 0x90, 0x8e, 0x90, 0x8d, 0x8c, 0x8e, 0x95, 0x96, 0x95, 0x95, 0x96, 0x95, 0x95, 0x96, 0x97,
    0x97, 0x96, 0x98, 0x9a, 0x99, 0x96, 0x96, 0x95, 0x91, 0x8a, 0x88, 0x88, 0x8e, 0x94, 0x99, 0x9b,
    0xa3, 0xb0, 0xb2, 0x9c, 0x83, 0x86, 0x92, 0x91, 0x86, 0x84, 0x85, 0x8d, 0x99, 0xa1, 0x9e, 0x99,
    0x9e, 0xa4, 0x9e, 0x91, 0x8a, 0x89, 0x90, 0x99, 0x9d, 0x96, 0x91, 0x98, 0x9f, 0x9c, 0x94, 0x8e,
    0x88, 0x84, 0x88, 0x8f, 0x90, 0x92, 0x97, 0x9b, 0x9d, 0x9f, 0x9e, 0x99, 0x96, 0x97, 0x95, 0x90,
    0x91, 0x95, 0x92, 0x8f, 0x91, 0x97, 0x95, 0x91, 0x8d, 0x8a, 0x8a, 0x90, 0x97, 0x9c, 0xa5, 0xad,
    0xa7, 0x8e, 0x84, 0x8e, 0x98, 0x90, 0x8b, 0x8e, 0x92, 0x96, 0x9c, 0xa0, 0x9a, 0x97, 0x98, 0x9a,
    0x91, 0x87, 0x86, 0x8c, 0x93, 0x99, 0x9e, 0x9b, 0x99, 0x9b, 0x9c, 0x94, 0x8c, 0x89, 0x8b, 0x8e,
    0x90, 0x95, 0x98, 0x99, 0x9a, 0x9d, 0x9c, 0x9a, 0x96, 0x95, 0x92, 0x8d, 0x8e, 0x93, 0x99, 0x9a,
    0x98, 0x93, 0x8f, 0x8e, 0x90, 0x8e, 0x89, 0x8a, 0x91, 0x97, 0x99, 0x9c, 0xa5, 0xae, 0xab, 0x99,
    0x89, 0x8b, 0x97, 0x9a, 0x91, 0x8c, 0x8c, 0x91, 0x93, 0x94, 0x92, 0x96, 0x97, 0x95, 0x8f, 0x8b,
    0x8f, 0x96, 0x9c, 0x9e, 0x9c, 0x95, 0x94, 0x97, 0x9a, 0x97, 0x95, 0x94, 0x92, 0x8e, 0x90, 0x96,
    0x99, 0x97, 0x93, 0x91, 0x92, 0x95, 0x98, 0x98, 0x96, 0x95, 0x96, 0x98, 0x97, 0x91, 0x89, 0x88,
    0x8f, 0x95, 0x92, 0x8f, 0x8f, 0x93, 0x99, 0xa0, 0xa2, 0x9d, 0x9f, 0xa9, 0xaa, 0x96, 0x84, 0x88,
    0x95, 0x98, 0x91, 0x8c, 0x88, 0x88, 0x8e, 0x97, 0x98, 0x93, 0x94, 0x97, 0x97, 0x94, 0x96, 0x99,
    0x9c, 0x9e, 0x9e, 0x97, 0x91, 0x92, 0x98, 0x98, 0x94, 0x91, 0x90, 0x90, 0x91, 0x94, 0x94, 0x92,
    0x90, 0x92, 0x95, 0x97, 0x94, 0x96, 0x9a, 0x9a, 0x93, 0x91, 0x96, 0x99, 0x95, 0x91, 0x8f, 0x8d,
    0x91, 0x99, 0x9d, 0x97, 0x95, 0x95, 0x97, 0x93, 0x91, 0x93, 0x9e, 0xa7, 0xa4, 0x92, 0x85, 0x8d,
    0x97, 0x97, 0x8e, 0x8b, 0x88, 0x88, 0x8f, 0x99, 0x9b, 0x9c, 0x9f, 0x9f, 0x99, 0x95, 0x96, 0x94,
    0x92, 0x93, 0x95, 0x92, 0x93, 0x99, 0x9d, 0x99, 0x94, 0x93, 0x90, 0x89, 0x86, 0x89, 0x8f, 0x93,
    0x95, 0x97, 0x9a, 0x9f, 0xa2, 0xa1, 0x9c, 0x98, 0x96, 0x92, 0x8d, 0x8b, 0x8e, 0x94, 0x97, 0x99,
    0x98, 0x96, 0x92, 0x90, 0x90, 0x92, 0x90, 0x8c, 0x8c, 0x93, 0x9f, 0xaa, 0xac, 0xa1, 0x92, 0x90,
    0x9b, 0x9e, 0x90, 0x85, 0x88, 0x8e, 0x93, 0x97, 0x99, 0x96, 0x96, 0x9c, 0x9d, 0x95, 0x90, 0x8f,
    0x92, 0x94, 0x96, 0x96, 0x95, 0x96, 0x99, 0x99, 0x96, 0x94, 0x92, 0x8e, 0x8b, 0x8e, 0x93, 0x97,
    0x97, 0x96, 0x97, 0x9b, 0x9e, 0x9f, 0x99, 0x91, 0x8f, 0x91, 0x93, 0x94, 0x93, 0x94, 0x96, 0x96,
    0x93, 0x90, 0x8f, 0x8e, 0x8e, 0x8f, 0x8f, 0x8e, 0x91, 0x98, 0xa2, 0xaa, 0xb0, 0xaf, 0xa5, 0x94,
    0x8a, 0x8d, 0x90, 0x8c, 0x86, 0x88, 0x8a, 0x8e, 0x92, 0x99, 0x9d, 0x9c, 0x9a, 0x99, 0x95, 0x8f,
    0x8e, 0x92, 0x97, 0x98, 0x9a, 0x9a, 0x99, 0x97, 0x99, 0x9a, 0x98, 0x94, 0x8f, 0x89, 0x87, 0x8b,
    0x92, 0x93, 0x92, 0x95, 0x9f, 0xa5, 0xa5, 0x9e, 0x97, 0x93, 0x94, 0x96, 0x94, 0x8e, 0x8b, 0x8e,
    0x93, 0x97, 0x97, 0x95, 0x93, 0x94, 0x95, 0x91, 0x8f, 0x8f, 0x90, 0x92, 0x98, 0xa2, 0xa9, 0xaf,
    0xad, 0xa1, 0x8e, 0x85, 0x8c, 0x93, 0x8e, 0x81, 0x7f, 0x85, 0x91, 0x99, 0xa1, 0xa1, 0x9d, 0x9c,
    0x9e, 0x9a, 0x90, 0x8c, 0x91, 0x9b, 0xa0, 0x9f, 0x97, 0x92, 0x94, 0x98, 0x98, 0x91, 0x8a, 0x84,
    0x86, 0x8c, 0x93, 0x98, 0x9c, 0x9f, 0x9f, 0x9e, 0x9b, 0x98, 0x95, 0x94, 0x93, 0x91, 0x91, 0x92,
    0x95, 0x99, 0x9a, 0x97, 0x94, 0x94, 0x94, 0x91, 0x8f, 0x8e, 0x8d, 0x8e, 0x92, 0x95, 0x95, 0x96,
    0x99, 0x9c, 0x9f, 0xa1, 0xa6, 0xa5, 0x9e, 0x90, 0x87, 0x8a, 0x91, 0x92, 0x8c, 0x8b, 0x8c, 0x8f,
    0x93, 0x9a, 0x9c, 0x99, 0x99, 0x9c, 0x9a, 0x93, 0x8f, 0x8f, 0x93, 0x99, 0x9f, 0x9c, 0x94, 0x91,
    0x95, 0x98, 0x96, 0x92, 0x8d, 0x8a, 0x8a, 0x8f, 0x92, 0x92, 0x91, 0x96, 0x9c, 0xa1, 0xa2, 0x9f,
    0x9b, 0x97, 0x95, 0x95, 0x95, 0x94, 0x91, 0x8f, 0x8f, 0x90, 0x92, 0x93, 0x92, 0x8f, 0x8f, 0x90,
    0x91, 0x90, 0x91, 0x92, 0x95, 0x97, 0x9a, 0x9d, 0xa1, 0xa5, 0xa8, 0xa6, 0x9d, 0x91, 0x86, 0x8a,
    0x8f, 0x90, 0x89, 0x87, 0x89, 0x8d, 0x92, 0x98, 0x9c, 0x9b, 0x9d, 0x9c, 0x98, 0x91, 0x92, 0x96,
    0x99, 0x97, 0x95, 0x94, 0x93, 0x96, 0x97, 0x94, 0x90, 0x91, 0x91, 0x8e, 0x8b, 0x8b, 0x90, 0x96,
    0x99, 0x99, 0x9a, 0x9d, 0x9f, 0x9e, 0x9b, 0x97, 0x94, 0x91, 0x92, 0x92, 0x91, 0x90, 0x93, 0x96,
    0x96, 0x93, 0x92, 0x91, 0x90, 0x8e, 0x8c, 0x8d, 0x90, 0x93, 0x96, 0x9a, 0x9b, 0x9a, 0x9a, 0x9b,
    0x99, 0x9a, 0x9e, 0xa3, 0xa4, 0x9d, 0x91, 0x85, 0x87, 0x90, 0x98, 0x92, 0x89, 0x85, 0x89, 0x8f,
    0x97, 0x9d, 0x9a, 0x9a, 0x9b, 0x9f, 0x9b, 0x96, 0x95, 0x9a, 0x9b, 0x99, 0x94, 0x8f, 0x8d, 0x8f,
    0x93, 0x93, 0x91, 0x8f, 0x8f, 0x8f, 0x92, 0x97, 0x99, 0x97, 0x98, 0x9c, 0x9f, 0x9f, 0x9c, 0x96,
    0x94, 0x95, 0x98, 0x98, 0x96, 0x92, 0x90, 0x90, 0x92, 0x94, 0x93, 0x90, 0x90, 0x92, 0x93, 0x93,
    0x93, 0x94, 0x95, 0x98, 0x99, 0x99, 0x95, 0x93, 0x91, 0x92, 0x94, 0x96, 0x97, 0x98, 0x9d, 0xa4,
    0xa8, 0xa1, 0x97, 0x8b, 0x8a, 0x8e, 0x92, 0x8c, 0x87, 0x88, 0x8d, 0x95, 0x9a, 0xa0, 0x9f, 0x9f,
    0x9c, 0x99, 0x91, 0x8d, 0x8e, 0x91, 0x92, 0x91, 0x90, 0x8f, 0x92, 0x98, 0x9d, 0x9d, 0x9a, 0x96,
    0x94, 0x92, 0x92, 0x92, 0x91, 0x90, 0x91, 0x96, 0x9c, 0x9c, 0x99, 0x96, 0x96, 0x95, 0x94, 0x94,
    0x94, 0x92, 0x91, 0x93, 0x96, 0x97, 0x98, 0x99, 0x98, 0x97, 0x93, 0x91, 0x90, 0x8f, 0x8f, 0x91,
    0x92, 0x92, 0x92, 0x94, 0x98, 0x9a, 0x99, 0x96, 0x91, 0x8e, 0x90, 0x93, 0x97, 0x99, 0x9f, 0xa4,
    0xaa, 0xa7, 0x9a, 0x8c, 0x8a, 0x92, 0x92, 0x8a, 0x83, 0x85, 0x8a, 0x93, 0x9b, 0xa0, 0x9f, 0x9f,
    0xa0, 0x9a, 0x8e, 0x89, 0x8e, 0x93, 0x96, 0x96, 0x94, 0x93, 0x98, 0x9f, 0xa0, 0x9b, 0x94, 0x8d,
    0x88, 0x86, 0x89, 0x8f, 0x94, 0x97, 0x9a, 0x9d, 0xa1, 0xa1, 0x9f, 0x9b, 0x96, 0x92, 0x91, 0x92,
    0x91, 0x90, 0x92, 0x96, 0x99, 0x9b, 0x9c, 0x9b, 0x97, 0x93, 0x91, 0x8d, 0x8a, 0x8b, 0x8f, 0x91,
    0x93, 0x98, 0x9b, 0x99, 0x97, 0x98, 0x99, 0x97, 0x93, 0x8f, 0x8c, 0x89, 0x8d, 0x93, 0x97, 0x98,
    0x9a, 0x9d, 0x9f, 0xa2, 0xa4, 0xa5, 0x9f, 0x93, 0x87, 0x85, 0x8c, 0x91, 0x8e, 0x8a, 0x8f, 0x95,
    0x9b, 0x9e, 0x9f, 0x99, 0x94, 0x95, 0x95, 0x90, 0x8a, 0x8c, 0x91, 0x95, 0x97, 0x98, 0x97, 0x97,
    0x98, 0x99, 0x97, 0x92, 0x8f, 0x8d, 0x8c, 0x8d, 0x90, 0x95, 0x9a, 0x9e, 0x9e, 0x9c, 0x9a, 0x99,
    0x98, 0x97, 0x94, 0x90, 0x8f, 0x92, 0x96, 0x98, 0x98, 0x97, 0x97, 0x97, 0x97, 0x94, 0x8d, 0x89,
    0x8d, 0x93, 0x95, 0x92, 0x91, 0x95, 0x9b, 0x9f, 0x9e, 0x9a, 0x96, 0x93, 0x91, 0x8d, 0x88, 0x86,
    0x89, 0x8e, 0x90, 0x90, 0x90, 0x92, 0x96, 0x99, 0x9b, 0x9c, 0x9c, 0x9c, 0x9c, 0x9d, 0x9e, 0x9f,
    0xa0, 0xa0, 0x9e, 0x9d, 0x99, 0x90, 0x88, 0x88, 0x8a, 0x88, 0x87, 0x8a, 0x8e, 0x90, 0x94, 0x9c,
    0xa0, 0xa0, 0xa0, 0x9e, 0x99, 0x93, 0x91, 0x90, 0x8f, 0x8f, 0x91, 0x93, 0x96, 0x98, 0x99, 0x99,
    0x99, 0x98, 0x95, 0x91, 0x8e, 0x8e, 0x92, 0x95, 0x97, 0x98, 0x9a, 0x9c, 0x9c, 0x9b, 0x99, 0x94,
    0x8f, 0x8e, 0x90, 0x90, 0x91, 0x95, 0x99, 0x99, 0x98, 0x98, 0x98, 0x95, 0x92, 0x90, 0x8f, 0x8f,
    0x90, 0x92, 0x93, 0x93, 0x94, 0x97, 0x98, 0x98, 0x97, 0x96, 0x94, 0x95, 0x94, 0x92, 0x8f, 0x8f,
    0x90, 0x91, 0x92, 0x94, 0x96, 0x98, 0x9d, 0xa0, 0xa0, 0x9d, 0x9d, 0x9d, 0x9c, 0x99, 0x96, 0x93,
    0x92, 0x93, 0x95, 0x95, 0x93, 0x95, 0x96, 0x94, 0x91, 0x90, 0x90, 0x91, 0x94, 0x97, 0x96, 0x95,
    0x98, 0x9b, 0x9c, 0x99, 0x97, 0x96, 0x96, 0x95, 0x94, 0x91, 0x8e, 0x8e, 0x90, 0x92, 0x94, 0x96,
    0x97, 0x96, 0x96, 0x96, 0x97, 0x97, 0x96, 0x95, 0x93, 0x93, 0x95, 0x97, 0x97, 0x96, 0x96, 0x95,
    0x92, 0x90, 0x90, 0x91, 0x91, 0x92, 0x94, 0x94, 0x94, 0x95, 0x97, 0x96, 0x94, 0x92, 0x92, 0x91,
    0x92, 0x92, 0x90, 0x90, 0x91, 0x94, 0x94, 0x96, 0x98, 0x99, 0x98, 0x94, 0x92, 0x93, 0x97, 0x9a,
    0x9a, 0x99, 0x99, 0x99, 0x9a, 0x9a, 0x9a, 0x98, 0x97, 0x97, 0x96, 0x93, 0x92, 0x92, 0x94, 0x94,
    0x95, 0x96, 0x97, 0x97, 0x98, 0x98, 0x97, 0x95, 0x96, 0x96, 0x95, 0x93, 0x93, 0x95, 0x95, 0x96,
    0x96, 0x96, 0x94, 0x94, 0x94, 0x94, 0x91, 0x90, 0x90, 0x91, 0x93, 0x95, 0x96, 0x96, 0x96, 0x97,
    0x99, 0x99, 0x98, 0x94, 0x91, 0x90, 0x93, 0x95, 0x96, 0x94, 0x94, 0x94, 0x93, 0x93, 0x94, 0x94,
    0x92, 0x90, 0x90, 0x90, 0x91, 0x93, 0x96, 0x97, 0x97, 0x99, 0x9a, 0x98, 0x96, 0x95, 0x96, 0x95,
    0x93, 0x94, 0x95, 0x96, 0x96, 0x97, 0x98, 0x98, 0x98, 0x97, 0x96, 0x93, 0x93, 0x93, 0x94, 0x95,
    0x97, 0x98, 0x98, 0x98, 0x99, 0x99, 0x99, 0x99, 0x96, 0x93, 0x91, 0x92, 0x92, 0x93, 0x96, 0x98,
    0x97, 0x96, 0x97, 0x96, 0x94, 0x93, 0x94, 0x92, 0x90, 0x91, 0x94, 0x95, 0x94, 0x95, 0x97, 0x98,
    0x98, 0x97, 0x95, 0x93, 0x93, 0x94, 0x94, 0x92, 0x90, 0x91, 0x93, 0x95, 0x96, 0x96, 0x94, 0x92,
    0x91, 0x91, 0x90, 0x90, 0x91, 0x93, 0x94, 0x94, 0x95, 0x96, 0x98, 0x9a, 0x9a, 0x98, 0x95, 0x92,
    0x91, 0x91, 0x91, 0x91, 0x90, 0x92, 0x95, 0x97, 0x97, 0x99, 0x99, 0x99, 0x98, 0x98, 0x96, 0x94,
    0x93, 0x96, 0x99, 0x99, 0x98, 0x96, 0x95, 0x95, 0x96, 0x95, 0x93, 0x91, 0x92, 0x93, 0x94, 0x95,
    0x97, 0x99, 0x9a, 0x98, 0x98, 0x98, 0x97, 0x96, 0x94, 0x93, 0x91, 0x92, 0x94, 0x95, 0x96, 0x96,
    0x95, 0x93, 0x93, 0x93, 0x94, 0x96, 0x97, 0x96, 0x95, 0x95, 0x96, 0x96, 0x96, 0x97, 0x98, 0x97,
    0x96, 0x94, 0x92, 0x90, 0x91, 0x93, 0x93, 0x93, 0x93, 0x95, 0x96, 0x96, 0x96, 0x95, 0x93, 0x93,
    0x93, 0x93, 0x93, 0x93, 0x94, 0x96, 0x98, 0x98, 0x98, 0x97, 0x95, 0x95, 0x95, 0x94, 0x92, 0x90,
    0x90, 0x91, 0x92, 0x95, 0x96, 0x96, 0x96, 0x97, 0x96, 0x96, 0x97, 0x97, 0x95, 0x94, 0x94, 0x96,
    0x96, 0x96, 0x94, 0x94, 0x95, 0x98, 0x98, 0x97, 0x94, 0x93, 0x92, 0x93, 0x93, 0x92, 0x92, 0x94,
    0x98, 0x99, 0x97, 0x96, 0x96, 0x97, 0x98, 0x96, 0x94, 0x92, 0x92, 0x93, 0x94, 0x94, 0x94, 0x94,
    0x94, 0x94, 0x95, 0x96, 0x97, 0x97, 0x97, 0x97, 0x97, 0x96, 0x94, 0x93, 0x94, 0x95, 0x96, 0x95,
    0x94, 0x93, 0x93, 0x93, 0x94, 0x94, 0x94, 0x94, 0x94, 0x93, 0x92, 0x94, 0x96, 0x98, 0x97, 0x96,
    0x96, 0x96, 0x95, 0x94, 0x93, 0x91, 0x91, 0x93, 0x95, 0x96, 0x95, 0x95, 0x94, 0x94, 0x94, 0x94,
    0x94, 0x93, 0x93, 0x93, 0x94, 0x94, 0x95, 0x96, 0x98, 0x98, 0x98, 0x97, 0x96, 0x95, 0x95, 0x95,
    0x95, 0x94, 0x92, 0x92, 0x93, 0x96, 0x97, 0x96, 0x96, 0x95, 0x95, 0x94, 0x94, 0x95, 0x95, 0x96,
    0x96, 0x96, 0x95, 0x95, 0x97, 0x99, 0x99, 0x97, 0x96, 0x95, 0x94, 0x95, 0x95, 0x94, 0x93, 0x94,
    0x96, 0x96, 0x96, 0x96, 0x96, 0x96, 0x95, 0x94, 0x94, 0x94, 0x94, 0x95, 0x94, 0x94, 0x95, 0x96,
    0x96, 0x97, 0x96, 0x95, 0x94, 0x93, 0x93, 0x93, 0x93, 0x93, 0x94, 0x95, 0x96, 0x96, 0x96, 0x97,
    0x97, 0x96, 0x95, 0x94, 0x94, 0x95, 0x96, 0x95, 0x95, 0x93, 0x92, 0x91, 0x91, 0x92, 0x94, 0x96,
    0x96, 0x96, 0x96, 0x97, 0x98, 0x98, 0x98, 0x96, 0x95, 0x96, 0x96, 0x95, 0x95, 0x94, 0x94, 0x94,
    0x95, 0x93, 0x91, 0x90, 0x92, 0x94, 0x96, 0x97, 0x97, 0x98, 0x99, 0x9a, 0x9a, 0x9a, 0x98, 0x97,
    0x96, 0x94, 0x92, 0x91, 0x92, 0x92, 0x93, 0x94, 0x95, 0x95, 0x95, 0x96, 0x96, 0x95, 0x94, 0x94,
    0x94, 0x95, 0x96, 0x97, 0x96, 0x94, 0x95, 0x96, 0x97, 0x97, 0x96, 0x94, 0x93, 0x93, 0x93, 0x95,
    0x94, 0x93, 0x93, 0x94, 0x95, 0x95, 0x96, 0x95, 0x95, 0x95, 0x94, 0x93, 0x92, 0x92, 0x94, 0x95,
    0x96, 0x97, 0x97, 0x96, 0x96, 0x97, 0x97, 0x96, 0x95, 0x94, 0x95, 0x95, 0x95, 0x95, 0x94, 0x95,
    0x95, 0x95, 0x95, 0x94, 0x93, 0x94, 0x95, 0x95, 0x95, 0x96, 0x97, 0x97, 0x97, 0x96, 0x96, 0x97,
    0x97, 0x97, 0x96, 0x95, 0x95, 0x96, 0x96, 0x95, 0x93, 0x93, 0x93, 0x94, 0x94, 0x94, 0x94, 0x95,
    0x95, 0x96, 0x96, 0x96, 0x96, 0x95, 0x95, 0x94, 0x94, 0x95, 0x96, 0x95, 0x95, 0x95, 0x95, 0x95,
    0x95, 0x95, 0x95, 0x95, 0x93, 0x93, 0x93, 0x94, 0x95, 0x95, 0x95, 0x95, 0x95, 0x95, 0x95, 0x94,
    0x94, 0x94, 0x93, 0x93, 0x93, 0x93, 0x94, 0x94, 0x95, 0x96, 0x96, 0x95, 0x94, 0x93, 0x92, 0x93,
    0x94, 0x95, 0x95, 0x95, 0x96, 0x96, 0x96, 0x97, 0x96, 0x95, 0x93, 0x93, 0x93, 0x93, 0x93, 0x93,
    0x93, 0x94, 0x95, 0x96, 0x95, 0x95, 0x95, 0x96, 0x96, 0x97, 0x97, 0x97, 0x97, 0x97, 0x97, 0x96,
    0x96, 0x95, 0x94, 0x94, 0x94, 0x94, 0x93, 0x92, 0x92, 0x92, 0x92, 0x93, 0x95, 0x96, 0x96, 0x96,
    0x97, 0x97, 0x97, 0x97, 0x97, 0x96, 0x96, 0x96, 0x94, 0x92, 0x91, 0x93, 0x94, 0x94, 0x94, 0x94,
    0x94, 0x94, 0x95, 0x96, 0x95, 0x95, 0x95, 0x96, 0x96, 0x96, 0x95, 0x94, 0x95, 0x96, 0x96, 0x95,
    0x94, 0x93, 0x93, 0x93, 0x94, 0x94, 0x94, 0x95, 0x96, 0x96, 0x96, 0x96, 0x96, 0x96, 0x96, 0x96,
    0x96, 0x96, 0x96, 0x95, 0x94, 0x94, 0x94, 0x94, 0x94, 0x93, 0x93, 0x93, 0x93, 0x94, 0x95, 0x96,
    0x96, 0x96, 0x96, 0x96, 0x95, 0x94, 0x94, 0x95, 0x95, 0x96, 0x95, 0x95, 0x94, 0x93, 0x94, 0x94,
    0x94, 0x93, 0x93, 0x94, 0x94, 0x94, 0x94, 0x95, 0x96, 0x97, 0x97, 0x96, 0x95, 0x96, 0x97, 0x97,
    0x96, 0x94, 0x93, 0x93, 0x93, 0x94, 0x94, 0x94, 0x94, 0x94, 0x95, 0x96, 0x96, 0x96, 0x95, 0x96,
    0x96, 0x96, 0x96, 0x95, 0x94, 0x94, 0x95, 0x95, 0x94, 0x94, 0x95, 0x94, 0x93, 0x94, 0x95, 0x95,
    0x94, 0x93, 0x94, 0x95, 0x95, 0x96, 0x97, 0x96, 0x96, 0x97, 0x97, 0x96, 0x94, 0x94, 0x94, 0x94,
    0x94, 0x94, 0x94, 0x93, 0x94, 0x96, 0x95, 0x94, 0x94, 0x94, 0x94, 0x95, 0x95, 0x94, 0x94, 0x94,
    0x95, 0x95, 0x94, 0x94, 0x95, 0x95, 0x95, 0x95, 0x95, 0x95, 0x94, 0x95, 0x95, 0x95, 0x94, 0x94,
    0x94, 0x94, 0x95, 0x95, 0x95, 0x94, 0x95, 0x95, 0x95, 0x96, 0x96, 0x95, 0x95, 0x94, 0x95, 0x96,
    0x96, 0x96, 0x95, 0x95, 0x94, 0x94, 0x94, 0x93, 0x93, 0x94, 0x95, 0x95, 0x95, 0x95, 0x96, 0x96,
    0x97, 0x97, 0x95, 0x93, 0x93, 0x94, 0x94, 0x94, 0x94, 0x93, 0x93, 0x95, 0x96, 0x96, 0x95, 0x94,
    0x95, 0x96, 0x95, 0x95, 0x95, 0x95, 0x96, 0x96, 0x95, 0x95, 0x94, 0x95, 0x95, 0x94, 0x93, 0x93,
    0x93, 0x93, 0x95, 0x95, 0x95, 0x95, 0x96, 0x98, 0x98, 0x96, 0x95, 0x95, 0x95, 0x95, 0x95, 0x94,
    0x94, 0x93, 0x93, 0x94, 0x94, 0x95, 0x95, 0x95, 0x95, 0x96, 0x96, 0x95, 0x95, 0x95, 0x95, 0x95,
    0x95, 0x95, 0x96, 0x96, 0x96, 0x95, 0x95, 0x95, 0x95, 0x95, 0x95, 0x94, 0x93, 0x93, 0x94, 0x94,
    0x95, 0x95, 0x96, 0x97, 0x96, 0x96, 0x96, 0x96, 0x94, 0x94, 0x94, 0x93, 0x92, 0x93, 0x95, 0x95,
    0x96, 0x96, 0x96, 0x96, 0x95, 0x95, 0x94, 0x93, 0x92, 0x93, 0x94, 0x94, 0x95, 0x95, 0x96, 0x96,
    0x96, 0x96, 0x94, 0x93, 0x92, 0x93, 0x92, 0x92, 0x93, 0x94, 0x95, 0x95, 0x96, 0x96, 0x96, 0x95,
    0x95, 0x94, 0x93, 0x93, 0x93, 0x93, 0x93, 0x94, 0x95, 0x95, 0x94, 0x94, 0x94, 0x94, 0x94, 0x94,
    0x94, 0x94, 0x94, 0x95, 0x95, 0x95, 0x95, 0x95, 0x95, 0x96, 0x96, 0x95, 0x95, 0x95, 0x95, 0x95,
    0x94, 0x94, 0x94, 0x95, 0x95, 0x95, 0x94, 0x94, 0x95, 0x96, 0x96, 0x95, 0x95, 0x95, 0x95, 0x95,
    0x95, 0x94, 0x94, 0x94, 0x95, 0x95, 0x95, 0x95, 0x96, 0x96, 0x96, 0x96, 0x95, 0x94, 0x94, 0x94,
    0x94, 0x94, 0x94, 0x94, 0x95, 0x95, 0x96, 0x96, 0x96, 0x96, 0x95, 0x95, 0x94, 0x94, 0x94, 0x94,
    0x94, 0x95, 0x95, 0x95, 0x95, 0x95, 0x95, 0x95, 0x94, 0x93, 0x94, 0x95, 0x95, 0x96, 0x96, 0x96,
    0x97, 0x97, 0x97, 0x95, 0x94, 0x94, 0x94, 0x94, 0x94, 0x94, 0x94, 0x95, 0x96, 0x95, 0x95, 0x94,
    0x94, 0x95, 0x95, 0x95, 0x95, 0x95, 0x95, 0x96, 0x97, 0x96, 0x96, 0x95, 0x94, 0x94, 0x94, 0x94,
    0x94, 0x94, 0x95, 0x95, 0x95, 0x95, 0x95, 0x94, 0x94, 0x95, 0x95, 0x95, 0x95, 0x96, 0x95, 0x95,
    0x95, 0x95, 0x96, 0x95, 0x94, 0x94, 0x94, 0x95, 0x95, 0x95, 0x95, 0x94, 0x95, 0x95, 0x95, 0x94,
    0x94, 0x94, 0x95, 0x95, 0x95, 0x96, 0x96, 0x96, 0x96, 0x95, 0x95, 0x95, 0x95, 0x95, 0x94, 0x94,
    0x93, 0x94, 0x94, 0x94, 0x94, 0x95, 0x95, 0x95, 0x95, 0x96, 0x96, 0x95, 0x96, 0x96, 0x95, 0x95,
    0x95, 0x95, 0x95, 0x95, 0x95, 0x95, 0x95, 0x95, 0x95, 0x95, 0x95, 0x95, 0x95, 0x95, 0x95, 0x95,
    0x96, 0x96, 0x95, 0x95, 0x96, 0x96, 0x95, 0x95, 0x95, 0x95, 0x95, 0x94, 0x94, 0x94, 0x95, 0x95,
    0x95, 0x95, 0x95, 0x95, 0x95, 0x95, 0x94, 0x94, 0x95, 0x95, 0x95, 0x94, 0x94, 0x94, 0x95, 0x96,
    0x96, 0x95, 0x95, 0x95, 0x95, 0x95, 0x95, 0x95, 0x95, 0x95, 0x96, 0x96, 0x96, 0x96, 0x95, 0x94,
    0x95, 0x95, 0x95, 0x94, 0x94, 0x94, 0x95, 0x95, 0x95, 0x95, 0x94, 0x95, 0x95, 0x95, 0x94, 0x94,
    0x94, 0x94, 0x94, 0x94, 0x94, 0x94, 0x95, 0x95, 0x95, 0x95, 0x94, 0x95, 0x95, 0x95, 0x95, 0x95,
    0x95, 0x94, 0x95, 0x95, 0x95, 0x95, 0x95, 0x95, 0x96, 0x96, 0x96, 0x95, 0x94, 0x94, 0x94, 0x95,
    0x94, 0x94, 0x93, 0x94, 0x95, 0x95, 0x95, 0x95, 0x95, 0x96, 0x96, 0x96, 0x95, 0x96, 0x96, 0x95,
    0x95, 0x95, 0x94, 0x94, 0x94, 0x94, 0x93, 0x94, 0x94, 0x94, 0x94, 0x95, 0x95, 0x95, 0x95, 0x95,
    0x95, 0x95, 0x95, 0x95, 0x95, 0x96, 0x96, 0x95, 0x94, 0x94, 0x94, 0x94, 0x94, 0x94, 0x94, 0x94,
    0x95, 0x95, 0x96, 0x96, 0x96, 0x96, 0x96, 0x95, 0x94, 0x94, 0x95, 0x95, 0x95, 0x95, 0x94, 0x94,
    0x95, 0x96, 0x95, 0x95, 0x94, 0x95, 0x95, 0x95, 0x94, 0x94, 0x94, 0x95, 0x96, 0x96, 0x96, 0x95,
    0x95, 0x96, 0x96, 0x95, 0x95, 0x95, 0x95, 0x95, 0x95, 0x95, 0x95, 0x96, 0x96, 0x96, 0x95, 0x94,
    0x94, 0x95, 0x95, 0x95, 0x95, 0x95, 0x95, 0x95, 0x95, 0x95, 0x95, 0x95, 0x96, 0x95, 0x95, 0x95,
    0x95, 0x95, 0x95, 0x95, 0x95, 0x94, 0x94, 0x94, 0x94, 0x94, 0x94, 0x95, 0x95, 0x96, 0x95, 0x96,
    0x96, 0x96, 0x96, 0x96, 0x95, 0x95, 0x95, 0x95, 0x94, 0x94, 0x94, 0x94, 0x95, 0x95, 0x95, 0x95,
    0x95, 0x96, 0x96, 0x96, 0x95, 0x95, 0x95, 0x96, 0x96, 0x96, 0x95, 0x95, 0x96, 0x96, 0x95, 0x95,
    0x94, 0x94, 0x94, 0x94, 0x95, 0x95, 0x95, 0x96, 0x97, 0x97, 0x96, 0x97, 0x96, 0x96, 0x95, 0x95,
    0x95, 0x94, 0x94, 0x95, 0x95, 0x95, 0x95, 0x95, 0x95, 0x95, 0x95, 0x96, 0x96, 0x96, 0x96, 0x96,
    0x96, 0x96, 0x96, 0x95, 0x95, 0x96, 0x96, 0x96, 0x96, 0x95, 0x95, 0x95, 0x95, 0x95, 0x95, 0x95,
    0x94, 0x95, 0x95, 0x96, 0x96, 0x96, 0x96, 0x96, 0x96, 0x96, 0x95, 0x95, 0x95, 0x95, 0x95, 0x95,
    0x95, 0x95, 0x96, 0x96, 0x96, 0x95, 0x95, 0x96, 0x96, 0x95, 0x95, 0x95, 0x96, 0x96, 0x96, 0x96,
    0x96, 0x95, 0x95, 0x95, 0x95, 0x95, 0x95, 0x95, 0x95, 0x96, 0x96, 0x96, 0x96, 0x96, 0x96, 0x96,
    0x96, 0x95, 0x95, 0x95, 0x95, 0x95, 0x95, 0x95, 0x95, 0x96, 0x96, 0x96, 0x95, 0x95, 0x95, 0x95,
    0x96, 0x96, 0x95, 0x95, 0x96, 0x96, 0x96, 0x95, 0x95, 0x95, 0x95, 0x95, 0x95, 0x95, 0x95, 0x95,
    0x96, 0x96, 0x96, 0x95, 0x95, 0x95, 0x95, 0x95, 0x95, 0x95, 0x95, 0x95, 0x95, 0x95, 0x95, 0x95,
    0x95, 0x96, 0x96, 0x95, 0x95, 0x96, 0x96, 0x95, 0x95, 0x95, 0x95, 0x95, 0x95, 0x95, 0x95, 0x94,
    0x94, 0x95, 0x95, 0x95, 0x95, 0x95, 0x95, 0x95, 0x96, 0x96, 0x95, 0x95, 0x95, 0x95, 0x95, 0x95,
    0x95, 0x94, 0x94, 0x95, 0x95, 0x95, 0x95, 0x95, 0x95, 0x95, 0x95, 0x95, 0x95, 0x95, 0x95, 0x95,
    0x95, 0x95, 0x95, 0x96, 0x96, 0x95, 0x94, 0x94, 0x94, 0x94, 0x95, 0x95, 0x95, 0x95, 0x95, 0x96,
    0x96, 0x96, 0x95, 0x95, 0x95, 0x95, 0x95, 0x95, 0x94, 0x94, 0x95, 0x95, 0x96, 0x96, 0x95, 0x95,
    0x96, 0x95, 0x95, 0x95, 0x95, 0x95, 0x95, 0x95, 0x95, 0x95, 0x95, 0x96, 0x96, 0x95, 0x95, 0x95,
    0x95, 0x95, 0x95, 0x95, 0x95, 0x95, 0x95, 0x95, 0x95, 0x95, 0x95, 0x95, 0x95, 0x95, 0x95, 0x95,
    0x95, 0x95, 0x95, 0x95, 0x95, 0x96, 0x96, 0x96, 0x95, 0x95, 0x95, 0x96, 0x96, 0x95, 0x95, 0x95,
    0x94, 0x95, 0x95, 0x95, 0x95, 0x95, 0x95, 0x96, 0x96, 0x96, 0x95, 0x95, 0x96, 0x96, 0x96, 0x95,
    0x94, 0x94, 0x95, 0x95, 0x95, 0x95, 0x95, 0x95, 0x95, 0x95, 0x96, 0x96, 0x96, 0x96, 0x95, 0x95,
    0x95, 0x95, 0x95, 0x95, 0x95, 0x95, 0x95, 0x95, 0x95, 0x95, 0x95, 0x95, 0x94, 0x94, 0x95, 0x94,
    0x94, 0x95, 0x95, 0x95, 0x95, 0x96, 0x96, 0x96, 0x96, 0x95, 0x95, 0x95, 0x95, 0x95, 0x95, 0x95,
    0x95, 0x95, 0x95, 0x95, 0x95, 0x95, 0x95, 0x94, 0x94, 0x95, 0x94, 0x94, 0x95, 0x95, 0x95, 0x95,
    0x95, 0x96, 0x96, 0x95, 0x95, 0x94, 0x94, 0x94, 0x95, 0x95, 0x94, 0x94, 0x95, 0x95, 0x95, 0x95,
    0x95, 0x95, 0x95, 0x95, 0x95, 0x95, 0x95, 0x95, 0x95, 0x95, 0x94, 0x94, 0x94, 0x95, 0x95, 0x95,
    0x95, 0x95, 0x95, 0x95, 0x95, 0x95, 0x95, 0x95, 0x96, 0x96, 0x95, 0x95, 0x95, 0x95, 0x95, 0x95,
    0x95, 0x95, 0x94, 0x94, 0x94, 0x94, 0x94, 0x94, 0x94, 0x95, 0x95, 0x96, 0x96, 0x96, 0x96, 0x95,
    0x95, 0x95, 0x95, 0x95, 0x95, 0x94, 0x94, 0x94, 0x95, 0x95, 0x95, 0x95, 0x95, 0x95, 0x95, 0x95,
    0x95, 0x95, 0x95, 0x95, 0x95, 0x95, 0x95, 0x95, 0x95, 0x95, 0x95, 0x95, 0x95, 0x95, 0x95, 0x95,
    0x94, 0x94, 0x95, 0x95, 0x95, 0x95, 0x95, 0x95, 0x95, 0x95, 0x95, 0x95, 0x95, 0x94, 0x94, 0x94,
    0x94, 0x94, 0x94, 0x94, 0x94, 0x94, 0x94, 0x95, 0x95, 0x95, 0x95, 0x95, 0x95, 0x95, 0x95, 0x95,
    0x94, 0x94, 0x94, 0x94, 0x94, 0x94, 0x94, 0x94, 0x94, 0x94, 0x95, 0x95, 0x95, 0x95, 0x94, 0x94,
    0x94, 0x94, 0x95, 0x95, 0x95, 0x95, 0x95, 0x95, 0x95, 0x95, 0x94, 0x94, 0x94, 0x94, 0x94, 0x94,
    0x94, 0x94, 0x95, 0x95, 0x95, 0x95, 0x95, 0x95, 0x94, 0x94, 0x94, 0x94, 0x94, 0x94, 0x94, 0x94,
    0x95, 0x95, 0x95, 0x95, 0x95, 0x95, 0x95, 0x95, 0x94, 0x95, 0x95, 0x94, 0x94, 0x94, 0x94, 0x95,
    0x95, 0x95, 0x95, 0x95, 0x95, 0x95, 0x95, 0x94, 0x94, 0x94, 0x94, 0x94, 0x94, 0x95, 0x95, 0x95,
    0x96, 0x95, 0x95, 0x95, 0x94, 0x94, 0x94, 0x94, 0x94, 0x94, 0x94, 0x94, 0x95, 0x95, 0x95, 0x95,
    0x95, 0x95, 0x94, 0x94, 0x94, 0x94, 0x94, 0x95, 0x95, 0x95, 0x95, 0x95, 0x95, 0x95, 0x94, 0x94,
    0x94, 0x94, 0x94, 0x94, 0x95, 0x95, 0x95, 0x95, 0x95, 0x95, 0x95, 0x95, 0x95, 0x95, 0x94, 0x94,
    0x94, 0x94, 0x94, 0x95, 0x95, 0x95, 0x95, 0x95, 0x95, 0x95, 0x95, 0x95, 0x95, 0x95, 0x95, 0x95,
    0x95, 0x94, 0x95, 0x95, 0x95, 0x95, 0x94, 0x95, 0x95, 0x95, 0x95, 0x95, 0x95, 0x95, 0x95, 0x95,
    0x95, 0x95, 0x95, 0x95, 0x95, 0x95, 0x95, 0x95, 0x95, 0x95, 0x95, 0x94, 0x94, 0x94, 0x95, 0x95,
    0x95, 0x95, 0x95, 0x95, 0x95, 0x95, 0x95, 0x95, 0x95, 0x95, 0x95, 0x95, 0x95, 0x94, 0x94, 0x95,
    0x94, 0x94, 0x94, 0x94, 0x94, 0x94, 0x95, 0x95, 0x95, 0x95, 0x95, 0x94, 0x94, 0x94, 0x95, 0x94,
    0x94, 0x94, 0x95, 0x95, 0x94, 0x94, 0x94, 0x94, 0x94, 0x94, 0x95, 0x95, 0x95, 0x95, 0x95, 0x95,
    0x94, 0x94, 0x95, 0x94, 0x94, 0x94, 0x94, 0x94, 0x94, 0x94, 0x95, 0x95, 0x94, 0x94, 0x95, 0x95,
    0x94, 0x94, 0x94, 0x94, 0x95, 0x95, 0x95, 0x95, 0x95, 0x95, 0x95, 0x94, 0x94, 0x94, 0x94, 0x94,
    0x94, 0x94, 0x95, 0x95, 0x94, 0x95, 0x95, 0x94, 0x94, 0x94, 0x94, 0x94, 0x94, 0x94, 0x94, 0x94,
    0x94, 0x94, 0x95, 0x95, 0x95, 0x95, 0x94, 0x94, 0x95, 0x95, 0x95, 0x95, 0x95, 0x95, 0x95, 0x94,
    0x94, 0x94, 0x94, 0x94, 0x95, 0x95, 0x95, 0x95, 0x95, 0x95, 0x95, 0x95, 0x95, 0x95, 0x95, 0x94,
    0x94, 0x94, 0x94, 0x95, 0x95, 0x95, 0x95, 0x95, 0x95, 0x95, 0x94, 0x94, 0x95, 0x94, 0x94, 0x95,
    0x95, 0x95, 0x95, 0x95, 0x95, 0x95, 0x94, 0x94, 0x95, 0x94, 0x94, 0x94, 0x95, 0x95, 0x94, 0x95,
    0x95, 0x95, 0x95, 0x94, 0x95, 0x94, 0x94, 0x94, 0x94, 0x94, 0x94, 0x94, 0x95, 0x95, 0x95, 0x95,
    0x95, 0x95, 0x95, 0x95, 0x95, 0x94, 0x94, 0x95, 0x95, 0x95, 0x95, 0x95, 0x95, 0x95, 0x95, 0x95,
    0x95, 0x95, 0x95, 0x95, 0x95, 0x95, 0x95, 0x95, 0x95, 0x95, 0x95, 0x95, 0x95, 0x95, 0x95, 0x95,
    0x95, 0x95, 0x95, 0x95, 0x95, 0x95, 0x95, 0x95, 0x95, 0x95, 0x95, 0x95, 0x95, 0x95, 0x95, 0x95,
    0x95, 0x95, 0x95, 0x95, 0x95, 0x95, 0x95, 0x95, 0x95, 0x95, 0x95, 0x95, 0x95, 0x95, 0x96, 0x95,
    0x95, 0x95, 0x95, 0x95, 0x95, 0x95, 0x95, 0x95, 0x95, 0x95, 0x95, 0x95, 0x95, 0x95, 0x95, 0x95,
    0x95, 0x95, 0x95, 0x95, 0x95, 0x95, 0x95, 0x95, 0x95, 0x95, 0x95, 0x95, 0x95, 0x95, 0x95, 0x95,
    0x95, 0x95, 0x95, 0x95, 0x95, 0x95, 0x95, 0x95, 0x95, 0x95, 0x95, 0x95, 0x95, 0x95, 0x95, 0x95,
    0x95, 0x95, 0x95, 0x95, 0x95, 0x95, 0x95, 0x95, 0x95, 0x95, 0x95, 0x95, 0x95, 0x95, 0x95, 0x95,
    0x95, 0x95, 0x96, 0x95, 0x95, 0x95, 0x95, 0x95, 0x95, 0x95, 0x95, 0x95, 0x95, 0x95, 0x95, 0x95,
    0x95, 0x95, 0x95, 0x95, 0x95, 0x95, 0x95, 0x95, 0x95, 0x95, 0x95, 0x95, 0x95, 0x96, 0x95, 0x95,
    0x95, 0x95, 0x96, 0x95, 0x95, 0x95, 0x95, 0x95, 0x95, 0x95, 0x95, 0x95, 0x95, 0x95, 0x95, 0x95,
    0x95, 0x95, 0x95, 0x95, 0x96, 0x95, 0x96, 0x95, 0x95, 0x95, 0x95, 0x95, 0x95, 0x95, 0x95, 0x94,
    0x94, 0x94, 0x95, 0x95, 0x95, 0x95, 0x95, 0x95, 0x95, 0x95, 0x95, 0x96, 0x96, 0x95, 0x95, 0x95,
    0x95, 0x95, 0x95, 0x95, 0x95, 0x95, 0x95, 0x95, 0x95, 0x95, 0x95, 0x96, 0x95, 0x95, 0x95, 0x95,
    0x95, 0x95, 0x96, 0x96, 0x95, 0x95, 0x95, 0x95, 0x95, 0x95, 0x95, 0x95, 0x95, 0x95, 0x95, 0x95,
    0x95, 0x95, 0x95, 0x95, 0x95, 0x95, 0x95, 0x95, 0x95, 0x95, 0x95, 0x95, 0x95, 0x95, 0x95, 0x95,
    0x95, 0x95, 0x95, 0x95, 0x95, 0x95, 0x95, 0x95, 0x95, 0x95, 0x95, 0x95, 0x95, 0x95, 0x95, 0x96,
    0x95, 0x95, 0x95, 0x95, 0x95, 0x95, 0x95, 0x95, 0x95, 0x95, 0x95, 0x95, 0x95, 0x95, 0x95, 0x95,
    0x95, 0x95, 0x95, 0x95, 0x95, 0x95, 0x95, 0x95, 0x95, 0x95, 0x95, 0x95, 0x95, 0x95, 0x95, 0x95,
    0x95, 0x95, 0x95, 0x95, 0x95, 0x95, 0x95, 0x95, 0x95, 0x95, 0x95, 0x95, 0x95, 0x95, 0x95, 0x95,
    0x95, 0x96, 0x95, 0x95, 0x95, 0x95, 0x95, 0x95, 0x95, 0x95, 0x95, 0x95, 0x95, 0x95, 0x95, 0x95,
    0x95, 0x96, 0x95, 0x95, 0x95, 0x95, 0x95, 0x95, 0x95, 0x95, 0x95, 0x95, 0x95, 0x95, 0x95, 0x95,
    0x95, 0x95, 0x95, 0x95, 0x95, 0x95, 0x95, 0x95, 0x95, 0x95, 0x95, 0x95, 0x95, 0x95, 0x95, 0x95,
    0x94, 0x95, 0x95, 0x95, 0x95, 0x95, 0x95, 0x95, 0x95, 0x95, 0x95, 0x95, 0x95, 0x95, 0x94, 0x94,
    0x95, 0x95, 0x95, 0x95, 0x95, 0x95, 0x95, 0x95, 0x95, 0x95, 0x95, 0x95, 0x95, 0x95, 0x95, 0x95,
    0x95, 0x95, 0x95, 0x95, 0x96, 0x95, 0x95, 0x96, 0x96, 0x95, 0x95, 0x96, 0x96, 0x95, 0x95, 0x96,
    0x95, 0x95, 0x95, 0x96, 0x95, 0x95, 0x95, 0x96, 0x96, 0x95, 0x95, 0x96, 0x95, 0x95, 0x95, 0x96,
    0x95, 0x95, 0x95, 0x95, 0x95, 0x95, 0x95, 0x95, 0x95, 0x95, 0x95, 0x95, 0x95, 0x95, 0x95, 0x95,
    0x95, 0x95, 0x95, 0x95, 0x95, 0x95, 0x95, 0x95, 0x95, 0x95, 0x95, 0x95, 0x95, 0x95, 0x95, 0x95,
    0x95, 0x95, 0x95, 0x95, 0x95, 0x95, 0x95, 0x95, 0x95, 0x95, 0x95, 0x95, 0x95, 0x95, 0x95, 0x95,
    0x95, 0x95, 0x95, 0x95, 0x95, 0x95, 0x95, 0x95, 0x95, 0x95, 0x95, 0x95, 0x95, 0x95, 0x95, 0x95,
    0x95, 0x95, 0x95, 0x95, 0x94, 0x95, 0x95, 0x95, 0x94, 0x95, 0x95, 0x94, 0x94, 0x95, 0x95, 0x94,
    0x94, 0x95, 0x95, 0x95, 0x95, 0x95, 0x95, 0x95, 0x95, 0x95, 0x95, 0x95, 0x95, 0x95, 0x95, 0x95,
    0x95, 0x95, 0x95, 0x95, 0x95, 0x95, 0x95, 0x95, 0x95, 0x95, 0x95, 0x94, 0x95, 0x95, 0x95, 0x95,
    0x95, 0x95, 0x95, 0x94, 0x95, 0x95, 0x95, 0x95, 0x95, 0x95, 0x95, 0x95, 0x95, 0x95, 0x95, 0x95,
    0x95, 0x95, 0x95, 0x95, 0x95, 0x95, 0x95, 0x95, 0x95, 0x95, 0x95, 0x95, 0x95, 0x95, 0x95, 0x95,
    0x95, 0x95, 0x95, 0x95, 0x96, 0x95, 0x95, 0x95, 0x96, 0x95, 0x95, 0x95, 0x96, 0x95, 0x95, 0x95,
    0x95, 0x95, 0x95, 0x95, 0x96, 0x95, 0x95, 0x95, 0x96, 0x95, 0x95, 0x96, 0x96, 0x95, 0x95, 0x95,
    0x96, 0x95, 0x95, 0x95, 0x95, 0x95, 0x95, 0x95, 0x95, 0x95, 0x95, 0x95, 0x95, 0x95, 0x95, 0x95,
    0x95, 0x95, 0x95, 0x95, 0x95, 0x95, 0x95, 0x95, 0x95, 0x95, 0x95, 0x96, 0x95, 0x95, 0x95, 0x95,
    0x95, 0x95, 0x95, 0x96, 0x95, 0x95, 0x95, 0x96, 0x95, 0x95, 0x95, 0x95, 0x95, 0x95, 0x95, 0x95,
    0x95, 0x95, 0x95, 0x95, 0x95, 0x95, 0x95, 0x95, 0x95, 0x95, 0x95, 0x95, 0x95, 0x95, 0x95, 0x95,
    0x95, 0x95, 0x95, 0x95, 0x95, 0x95, 0x95, 0x95, 0x95, 0x95, 0x95, 0x95, 0x95, 0x95, 0x95, 0x95,
    0x95, 0x95, 0x95, 0x95, 0x95, 0x95, 0x95, 0x95, 0x95, 0x95, 0x95, 0x95, 0x95, 0x95, 0x95, 0x95,
    0x95, 0x95, 0x95, 0x95, 0x95, 0x95, 0x95, 0x95, 0x95, 0x95, 0x95, 0x95, 0x95, 0x95, 0x95, 0x95,
    0x95, 0x95, 0x95, 0x95, 0x95, 0x96, 0x96, 0x95, 0x95, 0x96, 0x95, 0x95, 0x95, 0x95, 0x95, 0x95,
    0x95, 0x96, 0x95, 0x95, 0x95, 0x96, 0x95, 0x95, 0x95, 0x96, 0x95, 0x95, 0x95, 0x95, 0x95, 0x95,
    0x95, 0x95, 0x95, 0x95, 0x95, 0x95, 0x95, 0x95, 0x95, 0x95, 0x95, 0x95, 0x95, 0x95, 0x95, 0x95,
    0x96, 0x95, 0x95, 0x95, 0x95, 0x95, 0x95, 0x95, 0x95, 0x95, 0x95, 0x95, 0x95, 0x95, 0x95, 0x95,
    0x95, 0x95, 0x95, 0x95, 0x95, 0x95, 0x95, 0x95, 0x95, 0x95, 0x95, 0x95, 0x95, 0x95, 0x95, 0x95,
    0x95, 0x95, 0x95, 0x95, 0x95, 0x95, 0x95, 0x95, 0x95, 0x95, 0x95, 0x95, 0x95, 0x95, 0x95, 0x95,
    0x95, 0x95, 0x95, 0x95, 0x95, 0x94, 0x95, 0x95, 0x95, 0x94, 0x95, 0x95, 0x95, 0x94, 0x95, 0x95,
    0x95, 0x94, 0x94, 0x95, 0x94, 0x94, 0x94, 0x95, 0x94, 0x94, 0x94, 0x95, 0x94, 0x94, 0x95, 0x95,
    0x94, 0x94, 0x95, 0x95, 0x94, 0x94, 0x95, 0x95, 0x94, 0x94, 0x95, 0x95, 0x95, 0x95, 0x95, 0x95,
    0x95, 0x95, 0x95, 0x95, 0x95, 0x95, 0x95, 0x95, 0x95, 0x94, 0x95, 0x95, 0x94, 0x95, 0x95, 0x95,
    0x94, 0x95, 0x95, 0x94, 0x94, 0x94, 0x95, 0x94, 0x94, 0x94, 0x95, 0x95, 0x94, 0x94, 0x95, 0x94,
    0x94, 0x94, 0x95, 0x94, 0x94, 0x94, 0x95, 0x94, 0x94, 0x95, 0x95, 0x94, 0x94, 0x94, 0x95, 0x94,
    0x94, 0x95, 0x95, 0x94, 0x95, 0x95, 0x95, 0x95, 0x95, 0x95, 0x95, 0x95, 0x95, 0x95, 0x95, 0x95,
    0x95, 0x95, 0x95, 0x95, 0x95, 0x95, 0x95, 0x95, 0x95, 0x95, 0x95, 0x95, 0x95, 0x95, 0x95, 0x95,
    0x95, 0x95, 0x95, 0x95, 0x95, 0x95, 0x95, 0x95, 0x95, 0x95, 0x95, 0x95, 0x95, 0x96, 0x95, 0x95,
    0x95, 0x95, 0x95, 0x95, 0x95, 0x95, 0x95, 0x95, 0x95, 0x95, 0x95, 0x95, 0x95, 0x95, 0x95, 0x95,
    0x95, 0x95, 0x95, 0x95, 0x96, 0x95, 0x95, 0x95, 0x95, 0x95, 0x95, 0x95, 0x95, 0x95, 0x95, 0x95,
    0x95, 0x95, 0x95, 0x95, 0x95, 0x95, 0x95, 0x95, 0x95, 0x95, 0x95, 0x95, 0x95, 0x95, 0x95, 0x95,
    0x95, 0x95, 0x95, 0x95, 0x95, 0x95, 0x95, 0x95, 0x95, 0x95, 0x95, 0x95, 0x95, 0x95, 0x95, 0x95,
    0x95, 0x95, 0x95, 0x95, 0x95, 0x95, 0x95, 0x95, 0x95, 0x95, 0x95, 0x95, 0x95, 0x95, 0x95, 0x95,
    0x95, 0x94, 0x95, 0x95, 0x95, 0x94, 0x95, 0x95, 0x95, 0x94, 0x95, 0x95, 0x95, 0x95, 0x95, 0x95,
    0x95, 0x95, 0x95, 0x95, 0x95, 0x95, 0x95, 0x95, 0x95, 0x95, 0x95, 0x95, 0x95, 0x95, 0x95, 0x95,
    0x95, 0x95, 0x95, 0x95, 0x95, 0x95, 0x95, 0x95, 0x95, 0x95, 0x95, 0x95, 0x95, 0x95, 0x95, 0x95,
    0x95, 0x95, 0x95, 0x95, 0x95, 0x95, 0x95, 0x95, 0x95, 0x95, 0x95, 0x95, 0x95, 0x95, 0x95, 0x95,
    0x95, 0x95, 0x95, 0x95, 0x95, 0x95, 0x95, 0x95, 0x95, 0x95, 0x95, 0x95, 0x95, 0x95, 0x95, 0x95,
    0x95, 0x95, 0x95, 0x95, 0x95, 0x95, 0x95, 0x95, 0x95, 0x95, 0x95, 0x95, 0x95, 0x95, 0x95, 0x95,
    0x95, 0x95, 0x95, 0x95, 0x95, 0x95, 0x95, 0x95, 0x95, 0x95, 0x95, 0x95, 0x95, 0x95, 0x95, 0x95,
    0x95, 0x95, 0x95, 0x95, 0x95, 0x95, 0x95, 0x95, 0x95, 0x95, 0x95, 0x95, 0x95, 0x95, 0x95, 0x94,
    0x95, 0x95, 0x95, 0x94, 0x95, 0x95, 0x95, 0x95, 0x95, 0x95, 0x94, 0x95, 0x95, 0x95, 0x94, 0x94,
    0x95, 0x95, 0x94, 0x95, 0x95, 0x95, 0x94, 0x95, 0x95, 0x95, 0x94, 0x94, 0x95, 0x95, 0x94, 0x95,
    0x95, 0x95, 0x94, 0x95, 0x95, 0x95, 0x94, 0x95, 0x95, 0x94, 0x94, 0x95, 0x95, 0x95, 0x95, 0x95,
    0x95, 0x95, 0x95, 0x95, 0x95, 0x95, 0x95, 0x95, 0x95, 0x95, 0x95, 0x95, 0x95, 0x94, 0x95, 0x95,
    0x95, 0x95, 0x95, 0x95, 0x95, 0x95, 0x95, 0x95, 0x95, 0x95, 0x95, 0x95, 0x95, 0x95, 0x95, 0x95,
    0x95, 0x95, 0x95, 0x95, 0x95, 0x95, 0x95, 0x95, 0x95, 0x94, 0x95, 0x95, 0x95, 0x95, 0x95, 0x95,
    0x94, 0x95, 0x95, 0x95, 0x95, 0x95, 0x95, 0x95, 0x95, 0x95, 0x95, 0x95, 0x95, 0x95, 0x95, 0x95,
    0x95, 0x95, 0x95, 0x95, 0x95, 0x95, 0x95, 0x95, 0x94, 0x95, 0x95, 0x95, 0x95, 0x95, 0x95, 0x95,
    0x95, 0x95, 0x95, 0x95, 0x95, 0x95, 0x95, 0x95, 0x95, 0x95, 0x95, 0x95, 0x95, 0x95, 0x95, 0x95,
    0x95, 0x95, 0x95, 0x95, 0x95, 0x95, 0x95, 0x95, 0x95, 0x95, 0x95, 0x94, 0x95, 0x95, 0x95, 0x95,
    0x95, 0x95, 0x95, 0x95, 0x95, 0x95, 0x95, 0x95, 0x95, 0x95, 0x95, 0x95, 0x95, 0x95, 0x95, 0x95,
    0x95, 0x95, 0x95, 0x95, 0x95, 0x95, 0x95, 0x95, 0x95, 0x95, 0x95, 0x95, 0x95, 0x95, 0x95, 0x95,
    0x95, 0x95, 0x95, 0x95, 0x95, 0x95, 0x95, 0x95, 0x95, 0x95, 0x95, 0x95, 0x95, 0x95, 0x95, 0x95,
    0x95, 0x95, 0x95, 0x95, 0x95, 0x95, 0x95, 0x95, 0x95, 0x95, 0x95, 0x95, 0x95, 0x95, 0x95, 0x95,
    0x95, 0x95, 0x95, 0x95, 0x95, 0x95, 0x95, 0x95, 0x95, 0x95, 0x95, 0x95, 0x95, 0x95, 0x95, 0x95,
    0x95, 0x95, 0x95, 0x95, 0x95, 0x95, 0x95, 0x95, 0x95, 0x95, 0x95, 0x95, 0x95, 0x95, 0x95, 0x95,
    0x95, 0x95, 0x95, 0x95, 0x95, 0x95, 0x95, 0x95, 0x95, 0x95, 0x95, 0x95, 0x95, 0x95, 0x95, 0x95,
    0x95, 0x95, 0x95, 0x95, 0x95, 0x95, 0x95, 0x95, 0x95, 0x95, 0x95, 0x95, 0x95, 0x95, 0x95, 0x95,
    0x95, 0x95, 0x95, 0x95, 0x95, 0x95, 0x95, 0x95, 0x95, 0x95, 0x95, 0x95, 0x95, 0x95, 0x95, 0x95,
    0x95, 0x95, 0x95, 0x95, 0x95, 0x95, 0x95, 0x95, 0x95, 0x95, 0x95, 0x95, 0x94, 0x95, 0x95, 0x95,
    0x94, 0x95, 0x95, 0x95, 0x94, 0x95, 0x95, 0x95, 0x95, 0x95, 0x95, 0x95, 0x94, 0x95, 0x95, 0x95,
    0x95, 0x95, 0x95, 0x95, 0x95, 0x95, 0x95, 0x95, 0x95, 0x95, 0x95, 0x95, 0x95, 0x95, 0x95, 0x95,
    0x95, 0x95, 0x95, 0x95, 0x95, 0x95, 0x95, 0x95, 0x95, 0x95, 0x95, 0x95, 0x95, 0x95, 0x95, 0x95,
    0x95, 0x95, 0x95, 0x95, 0x95, 0x95, 0x95, 0x94, 0x95, 0x95, 0x95, 0x95, 0x95, 0x95, 0x95, 0x94,
    0x95, 0x95, 0x95, 0x95, 0x95, 0x95, 0x95, 0x95, 0x95, 0x95, 0x95, 0x94, 0x95, 0x95, 0x94, 0x94,
    0x95, 0x95, 0x94, 0x95, 0x95, 0x95, 0x94, 0x94, 0x95, 0x95, 0x94, 0x94, 0x95, 0x95, 0x94, 0x94,
    0x95, 0x95, 0x94, 0x95, 0x95, 0x95, 0x94, 0x95, 0x95, 0x95, 0x95, 0x95, 0x95, 0x95, 0x95, 0x95,
    0x95, 0x95, 0x95, 0x95, 0x95, 0x95, 0x95, 0x95, 0x95, 0x95, 0x95, 0x95, 0x95, 0x95, 0x95, 0x95,
    0x95, 0x95, 0x95, 0x95, 0x95, 0x95, 0x95, 0x95, 0x95, 0x95, 0x95, 0x95, 0x95, 0x95, 0x95, 0x95,
    0x95, 0x95, 0x95, 0x95, 0x95, 0x95, 0x95, 0x95, 0x95, 0x95, 0x95, 0x95, 0x95, 0x95, 0x95, 0x95,
    0x95, 0x95, 0x95, 0x95, 0x95, 0x95, 0x95, 0x95, 0x95, 0x95, 0x95, 0x95, 0x95, 0x95, 0x95, 0x95,
    0x95, 0x95, 0x95, 0x95, 0x95, 0x95, 0x95, 0x95, 0x95, 0x95, 0x95, 0x95, 0x95, 0x95, 0x95, 0x95,
    0x95, 0x95, 0x96, 0x95, 0x95, 0x95, 0x95, 0x95, 0x95, 0x95, 0x95, 0x95, 0x95, 0x95, 0x95, 0x95,
    0x95, 0x95, 0x95, 0x95, 0x95, 0x95, 0x95, 0x95, 0x95, 0x95, 0x95, 0x95, 0x95, 0x95, 0x95, 0x95,
    0x95, 0x95, 0x95, 0x95, 0x95, 0x95, 0x95, 0x95, 0x95, 0x95, 0x95, 0x95, 0x95, 0x95, 0x95, 0x95,
    0x95, 0x95, 0x95, 0x95, 0x95, 0x95, 0x95, 0x94, 0x95, 0x95, 0x95, 0x95, 0x95, 0x95, 0x95, 0x95,
    0x95, 0x95, 0x95, 0x95, 0x95, 0x95, 0x95, 0x95, 0x95, 0x95, 0x95, 0x94, 0x95, 0x95, 0x95, 0x95,
    0x95, 0x95, 0x95, 0x95, 0x95, 0x95, 0x95, 0x95, 0x95, 0x95, 0x94, 0x94, 0x95, 0x95, 0x95, 0x95,
    0x95, 0x95, 0x94, 0x95, 0x95, 0x95, 0x94, 0x95, 0x95, 0x95, 0x95, 0x95, 0x95, 0x95, 0x94, 0x95,
    0x95, 0x95, 0x94, 0x95, 0x95, 0x95

};

const uint32_t audio_samples_len = 21494;
const uint32_t audio_sample_rate = 22050;
